發生年度,發生月份,發生日期,發生時間,事故類別名稱,處理單位名稱警局層,發生地點,天候名稱,光線名稱,道路類別-第1當事者-名稱,速限-第1當事者,道路型態大類別名稱,道路型態子類別名稱,事故位置大類別名稱,事故位置子類別名稱,路面狀況-路面鋪裝名稱,路面狀況-路面狀態名稱,路面狀況-路面缺陷名稱,道路障礙-障礙物名稱,道路障礙-視距品質名稱,道路障礙-視距名稱,號誌-號誌種類名稱,號誌-號誌動作名稱,車道劃分設施-分向設施大類別名稱,車道劃分設施-分向設施子類別名稱,車道劃分設施-分道設施-快車道或一般車道間名稱,車道劃分設施-分道設施-快慢車道間名稱,車道劃分設施-分道設施-路面邊線名稱,事故類型及型態大類別名稱,事故類型及型態子類別名稱,肇因研判大類別名稱-主要,肇因研判子類別名稱-主要,死亡受傷人數,當事者順位,當事者區分-類別-大類別名稱-車種,當事者區分-類別-子類別名稱-車種,當事者屬-性-別名稱,當事者事故發生時年齡,保護裝備名稱,行動電話或電腦或其他相類功能裝置名稱,當事者行動狀態大類別名稱,當事者行動狀態子類別名稱,車輛撞擊部位大類別名稱-最初,車輛撞擊部位子類別名稱-最初,車輛撞擊部位大類別名稱-其他,車輛撞擊部位子類別名稱-其他,肇因研判大類別名稱-個別,肇因研判子類別名稱-個別,肇事逃逸類別名稱-是否肇逃,經度,緯度
2024,8,20240801,000200,A2,臺北市政府警察局,臺北市信義區忠孝東路4段 / 臺北市信義區忠孝東路4段,晴,有照明且開啟,市區道路,50,交岔路,三岔路,交叉路口,交叉口附近,柏油,乾燥,無缺陷,無障礙物,無遮蔽物,良好,無號誌,無號誌,中央分向島,寬式(50公分以上),車道線(無標記),未繪設快慢車道分隔線,無,車與車,路口交岔撞,駕駛者,無號誌路口，支線道未讓幹線道先行,死亡0;受傷1,1,機車,普通重型,女,51,戴半罩式安全帽,未使用,車的狀態,停車操作中,其他,無撞擊,,,駕駛者,無號誌路口，支線道未讓幹線道先行,否,121.563647,25.041090
2024,8,20240801,000200,A2,臺北市政府警察局,臺北市信義區忠孝東路4段 / 臺北市信義區忠孝東路4段,晴,有照明且開啟,市區道路,50,交岔路,三岔路,交叉路口,交叉口附近,柏油,乾燥,無缺陷,無障礙物,無遮蔽物,良好,無號誌,無號誌,中央分向島,寬式(50公分以上),車道線(無標記),未繪設快慢車道分隔線,無,車與車,路口交岔撞,駕駛者,無號誌路口，支線道未讓幹線道先行,死亡0;受傷1,2,機車,普通重型,女,27,戴半罩式安全帽,未使用,車的狀態,向前直行中,機車與自行車,右側車身,,,駕駛者,未保持行車安全距離,否,121.563647,25.041090
2024,8,20240801,002400,A2,臺北市政府警察局,臺北市中山區中山北路1段 / 臺北市中山區長安東路1段,陰,有照明且開啟,市區道路,50,交岔路,四岔路,交叉路口,交叉路口內,柏油,濕潤,無缺陷,無障礙物,無遮蔽物,良好,行車管制號誌,正常,中央分向島,寬式(50公分以上),車道線(無標記),寬式快慢車道分隔島(50公分以上),無,車與車,側撞,駕駛者,左轉彎未依規定,死亡0;受傷1,1,小客車(含客、貨兩用),計程車,男,63,不明,不明,車的狀態,左轉彎,汽車,右側車身,,,駕駛者,左轉彎未依規定,否,121.521683,25.049696
2024,8,20240801,002400,A2,臺北市政府警察局,臺北市中山區中山北路1段 / 臺北市中山區長安東路1段,陰,有照明且開啟,市區道路,50,交岔路,四岔路,交叉路口,交叉路口內,柏油,濕潤,無缺陷,無障礙物,無遮蔽物,良好,行車管制號誌,正常,中央分向島,寬式(50公分以上),車道線(無標記),寬式快慢車道分隔島(50公分以上),無,車與車,側撞,駕駛者,左轉彎未依規定,死亡0;受傷1,2,機車,普通重型,男,22,不明,不明,車的狀態,向前直行中,機車與自行車,前車頭,,,駕駛者,超速駕駛,否,121.521683,25.049696
2024,8,20240801,003800,A2,臺中市政府警察局,臺中市西屯區西安里西屯路二段 / 臺中市西屯區西安里西屯路二段,晴,有照明且開啟,市區道路,50,交岔路,三岔路,交叉路口,交叉路口內,柏油,乾燥,無缺陷,無障礙物,無遮蔽物,良好,行車管制號誌(附設行人專用號誌),正常,雙向禁止超車線,無標記,未繪設車道線,未繪設快慢車道分隔線,無,車與車,追撞,駕駛者,未保持行車安全距離,死亡0;受傷2,1,機車,普通重型,男,23,不明,不明,車的狀態,向前直行中,機車與自行車,前車頭,,,駕駛者,未保持行車安全距離,否,120.641071,24.178559
2024,8,20240801,003800,A2,臺中市政府警察局,臺中市西屯區西安里西屯路二段 / 臺中市西屯區西安里西屯路二段,晴,有照明且開啟,市區道路,50,交岔路,三岔路,交叉路口,交叉路口內,柏油,乾燥,無缺陷,無障礙物,無遮蔽物,良好,行車管制號誌(附設行人專用號誌),正常,雙向禁止超車線,無標記,未繪設車道線,未繪設快慢車道分隔線,無,車與車,追撞,駕駛者,未保持行車安全距離,死亡0;受傷2,2,機車,普通重型,女,24,不明,不明,車的狀態,等待(引擎未熄火),機車與自行車,後車尾,,,無(車輛駕駛者因素),尚未發現肇事因素,否,120.641071,24.178559
2024,8,20240801,020800,A2,臺中市政府警察局,臺中市太平區坪林里中山路二段 / 臺中市太平區坪林里坪林路,晴,有照明未開啟或故障,市區道路,30,交岔路,多岔路,交叉路口,交叉路口內,柏油,乾燥,無缺陷,無障礙物,無遮蔽物,良好,閃光號誌,正常,雙向禁止超車線,無標記,未繪設車道線,未繪設快慢車道分隔線,無,車與車,其他,駕駛者,其他未依規定讓車,死亡0;受傷1,1,機車,普通重型,男,20,戴半罩式安全帽,未使用,車的狀態,向前直行中,機車與自行車,右側車身,,,駕駛者,其他未依規定讓車,否,120.734357,24.145593
2024,8,20240801,020800,A2,臺中市政府警察局,臺中市太平區坪林里中山路二段 / 臺中市太平區坪林里坪林路,晴,有照明未開啟或故障,市區道路,30,交岔路,多岔路,交叉路口,交叉路口內,柏油,乾燥,無缺陷,無障礙物,無遮蔽物,良好,閃光號誌,正常,雙向禁止超車線,無標記,未繪設車道線,未繪設快慢車道分隔線,無,車與車,其他,駕駛者,其他未依規定讓車,死亡0;受傷1,2,機車,普通重型,女,19,戴半罩式安全帽,未使用,車的狀態,左轉彎,機車與自行車,前車頭,,,其他,其他不當駕車行為,否,120.734357,24.145593
2024,8,20240801,041600,A2,國道公路警察局,新北市土城區國道3號 41公里600.0公尺處南側向減速車道外側車道,晴,有照明且開啟,國道,110,單路部分,直路,交流道,減速車道,柏油,乾燥,無缺陷,無障礙物,無遮蔽物,良好,無號誌,無號誌,中央分向島,寬式(50公分以上),車道線(附標記),未繪設快慢車道分隔線,有,車與車,同向擦撞,駕駛者,恍神、緊張、心不在焉分心駕駛,死亡0;受傷2,1,小貨車,租賃小貨車,男,32,繫安全帶(使用幼童安全椅),未使用,車的狀態,向前直行中,汽車,右側車身,汽車,左後車尾(身),駕駛者,恍神、緊張、心不在焉分心駕駛,否,121.440589,24.965104
2024,8,20240801,041600,A2,國道公路警察局,新北市土城區國道3號 41公里600.0公尺處南側向減速車道外側車道,晴,有照明且開啟,國道,110,單路部分,直路,交流道,減速車道,柏油,乾燥,無缺陷,無障礙物,無遮蔽物,良好,無號誌,無號誌,中央分向島,寬式(50公分以上),車道線(附標記),未繪設快慢車道分隔線,有,車與車,同向擦撞,駕駛者,恍神、緊張、心不在焉分心駕駛,死亡0;受傷2,2,大貨車,營業用,男,31,繫安全帶(使用幼童安全椅),未使用,車的狀態,靜止(引擎熄火),汽車,左後車尾(身),汽車,後車尾,無(車輛駕駛者因素),尚未發現肇事因素,否,121.440589,24.965104
2024,8,20240801,041600,A2,國道公路警察局,新北市土城區國道3號 41公里600.0公尺處南側向減速車道外側車道,晴,有照明且開啟,國道,110,單路部分,直路,交流道,減速車道,柏油,乾燥,無缺陷,無障礙物,無遮蔽物,良好,無號誌,無號誌,中央分向島,寬式(50公分以上),車道線(附標記),未繪設快慢車道分隔線,有,車與車,同向擦撞,駕駛者,恍神、緊張、心不在焉分心駕駛,死亡0;受傷2,3,小貨車,自用,男,26,繫安全帶(使用幼童安全椅),未使用,車的狀態,向前直行中,汽車,前車頭,,,無(車輛駕駛者因素),尚未發現肇事因素,否,121.440589,24.965104
2024,8,20240801,041600,A2,國道公路警察局,新北市土城區國道3號 41公里600.0公尺處南側向減速車道外側車道,晴,有照明且開啟,國道,110,單路部分,直路,交流道,減速車道,柏油,乾燥,無缺陷,無障礙物,無遮蔽物,良好,無號誌,無號誌,中央分向島,寬式(50公分以上),車道線(附標記),未繪設快慢車道分隔線,有,車與車,同向擦撞,駕駛者,恍神、緊張、心不在焉分心駕駛,死亡0;受傷2,4,小客車(含客、貨兩用),自用,男,32,繫安全帶(使用幼童安全椅),未使用,車的狀態,向前直行中,汽車,前車頭,,,無(車輛駕駛者因素),尚未發現肇事因素,否,121.440589,24.965104
2024,8,20240801,041600,A2,國道公路警察局,新北市土城區國道3號 41公里600.0公尺處南側向減速車道外側車道,晴,有照明且開啟,國道,110,單路部分,直路,交流道,減速車道,柏油,乾燥,無缺陷,無障礙物,無遮蔽物,良好,無號誌,無號誌,中央分向島,寬式(50公分以上),車道線(附標記),未繪設快慢車道分隔線,有,車與車,同向擦撞,駕駛者,恍神、緊張、心不在焉分心駕駛,死亡0;受傷2,5,小客車(含客、貨兩用),自用,男,32,繫安全帶(使用幼童安全椅),未使用,車的狀態,向前直行中,汽車,前車頭,,,無(車輛駕駛者因素),尚未發現肇事因素,否,121.440589,24.965104
2024,8,20240801,041600,A2,國道公路警察局,新北市土城區國道3號 41公里600.0公尺處南側向減速車道外側車道,晴,有照明且開啟,國道,110,單路部分,直路,交流道,減速車道,柏油,乾燥,無缺陷,無障礙物,無遮蔽物,良好,無號誌,無號誌,中央分向島,寬式(50公分以上),車道線(附標記),未繪設快慢車道分隔線,有,車與車,同向擦撞,駕駛者,恍神、緊張、心不在焉分心駕駛,死亡0;受傷2,6,小客車(含客、貨兩用),自用,男,55,繫安全帶(使用幼童安全椅),未使用,車的狀態,向前直行中,汽車,前車頭,,,無(車輛駕駛者因素),尚未發現肇事因素,否,121.440589,24.965104
2024,8,20240801,041600,A2,國道公路警察局,新北市土城區國道3號 41公里600.0公尺處南側向減速車道外側車道,晴,有照明且開啟,國道,110,單路部分,直路,交流道,減速車道,柏油,乾燥,無缺陷,無障礙物,無遮蔽物,良好,無號誌,無號誌,中央分向島,寬式(50公分以上),車道線(附標記),未繪設快慢車道分隔線,有,車與車,同向擦撞,駕駛者,恍神、緊張、心不在焉分心駕駛,死亡0;受傷2,7,小貨車,自用,男,46,繫安全帶(使用幼童安全椅),未使用,車的狀態,向前直行中,汽車,前車頭,,,無(車輛駕駛者因素),尚未發現肇事因素,否,121.440589,24.965104
2024,8,20240801,041600,A2,國道公路警察局,新北市土城區國道3號 41公里600.0公尺處南側向減速車道外側車道,晴,有照明且開啟,國道,110,單路部分,直路,交流道,減速車道,柏油,乾燥,無缺陷,無障礙物,無遮蔽物,良好,無號誌,無號誌,中央分向島,寬式(50公分以上),車道線(附標記),未繪設快慢車道分隔線,有,車與車,同向擦撞,駕駛者,恍神、緊張、心不在焉分心駕駛,死亡0;受傷2,8,小客車(含客、貨兩用),自用,男,48,繫安全帶(使用幼童安全椅),未使用,車的狀態,向前直行中,汽車,前車頭,,,無(車輛駕駛者因素),尚未發現肇事因素,否,121.440589,24.965104
2024,8,20240801,055300,A2,臺中市政府警察局,臺中市豐原區大湳里圓環北路一段 / 臺中市豐原區大湳里文昌街,晴,有照明未開啟或故障,市區道路,50,交岔路,三岔路,交叉路口,交叉路口內,柏油,乾燥,無缺陷,無障礙物,無遮蔽物,良好,閃光號誌,正常,無,無分向設施,未繪設車道線,未繪設快慢車道分隔線,無,車與車,側撞,駕駛者,違反閃光號誌,死亡0;受傷2,1,機車,普通重型,男,54,戴非半罩式安全帽,未使用,車的狀態,右轉彎,機車與自行車,前車頭,,,駕駛者,違反閃光號誌,否,120.718107,24.257248
2024,8,20240801,055300,A2,臺中市政府警察局,臺中市豐原區大湳里圓環北路一段 / 臺中市豐原區大湳里文昌街,晴,有照明未開啟或故障,市區道路,50,交岔路,三岔路,交叉路口,交叉路口內,柏油,乾燥,無缺陷,無障礙物,無遮蔽物,良好,閃光號誌,正常,無,無分向設施,未繪設車道線,未繪設快慢車道分隔線,無,車與車,側撞,駕駛者,違反閃光號誌,死亡0;受傷2,2,機車,普通重型,男,28,戴非半罩式安全帽,未使用,車的狀態,向前直行中,機車與自行車,前車頭,,,駕駛者,未依規定減速,否,120.718107,24.257248
2024,8,20240801,055800,A2,澎湖縣政府警察局,澎湖縣馬公市新店路口 / 澎湖縣馬公市文德路口,晴,有照明未開啟或故障,市區道路,50,交岔路,四岔路,交叉路口,交叉路口內,柏油,乾燥,無缺陷,無障礙物,無遮蔽物,良好,閃光號誌,正常,無,無分向設施,未繪設車道線,未繪設快慢車道分隔線,無,車與車,路口交岔撞,駕駛者,無號誌路口，支線道未讓幹線道先行,死亡0;受傷1,1,機車,普通重型,男,73,戴半罩式安全帽,未使用,車的狀態,向前直行中,機車與自行車,前車頭,,,駕駛者,無號誌路口，支線道未讓幹線道先行,否,119.580590,23.563473
2024,8,20240801,055800,A2,澎湖縣政府警察局,澎湖縣馬公市新店路口 / 澎湖縣馬公市文德路口,晴,有照明未開啟或故障,市區道路,50,交岔路,四岔路,交叉路口,交叉路口內,柏油,乾燥,無缺陷,無障礙物,無遮蔽物,良好,閃光號誌,正常,無,無分向設施,未繪設車道線,未繪設快慢車道分隔線,無,車與車,路口交岔撞,駕駛者,無號誌路口，支線道未讓幹線道先行,死亡0;受傷1,2,小貨車,自用,男,40,繫安全帶(使用幼童安全椅),未使用,車的狀態,向前直行中,汽車,右側車身,,,駕駛者,閃避不當(慎),否,119.580590,23.563473
2024,8,20240801,062300,A2,臺中市政府警察局,臺中市梧棲區草湳里建國北街 / 臺中市梧棲區草湳里建國北街,晴,無照明,市區道路,50,交岔路,四岔路,交叉路口,交叉路口內,柏油,乾燥,無缺陷,無障礙物,無遮蔽物,良好,無號誌,無號誌,無,無分向設施,未繪設車道線,未繪設快慢車道分隔線,無,車與車,路口交岔撞,駕駛者,無號誌路口，左方車未讓右方車先行,死亡0;受傷2,1,機車,普通重型,女,59,戴半罩式安全帽,未使用,車的狀態,向前直行中,機車與自行車,前車頭,,,駕駛者,無號誌路口，左方車未讓右方車先行,否,120.532413,24.247986
2024,8,20240801,062300,A2,臺中市政府警察局,臺中市梧棲區草湳里建國北街 / 臺中市梧棲區草湳里建國北街,晴,無照明,市區道路,50,交岔路,四岔路,交叉路口,交叉路口內,柏油,乾燥,無缺陷,無障礙物,無遮蔽物,良好,無號誌,無號誌,無,無分向設施,未繪設車道線,未繪設快慢車道分隔線,無,車與車,路口交岔撞,駕駛者,無號誌路口，左方車未讓右方車先行,死亡0;受傷2,2,機車,普通重型,女,53,戴半罩式安全帽,未使用,車的狀態,向前直行中,機車與自行車,左側車身,,,駕駛者,恍神、緊張、心不在焉分心駕駛,否,120.532413,24.247986
2024,8,20240801,065400,A2,嘉義縣警察局,嘉義縣番路鄉民和村159甲線15公里處,晴,無照明,縣道,50,單路部分,直路,路段,一般車道(未劃分快慢車道),柏油,乾燥,無缺陷,無障礙物,無遮蔽物,良好,無號誌,無號誌,行車分向線,無標記,車道線(無標記),未繪設快慢車道分隔線,有,車輛本身,其他,無(物或動物),物品(件)滾(滑行)或飛(掉)落,死亡0;受傷1,1,,,無或物(動物、堆置物),-1,,,,,,,,,無(物或動物),物品(件)滾(滑行)或飛(掉)落,否,120.574525,23.461746
2024,8,20240801,065400,A2,嘉義縣警察局,嘉義縣番路鄉民和村159甲線15公里處,晴,無照明,縣道,50,單路部分,直路,路段,一般車道(未劃分快慢車道),柏油,乾燥,無缺陷,無障礙物,無遮蔽物,良好,無號誌,無號誌,行車分向線,無標記,車道線(無標記),未繪設快慢車道分隔線,有,車輛本身,其他,無(物或動物),物品(件)滾(滑行)或飛(掉)落,死亡0;受傷1,2,機車,普通重型,男,36,戴半罩式安全帽,未使用,車的狀態,向前直行中,機車與自行車,右側車身,,,無(車輛駕駛者因素),尚未發現肇事因素,否,120.574525,23.461746
2024,8,20240801,065700,A2,臺中市政府警察局,臺中市大里區新里里德芳路二段 / 臺中市大里區新里里爽文路,晴,有照明未開啟或故障,市區道路,40,交岔路,四岔路,交叉路口,機車待轉區,柏油,乾燥,無缺陷,無障礙物,無遮蔽物,良好,行車管制號誌,正常,無,無分向設施,未繪設車道線,未繪設快慢車道分隔線,有,車與車,追撞,駕駛者,未保持行車安全距離,死亡0;受傷2,1,機車,普通重型,男,70,戴半罩式安全帽,未使用,車的狀態,向前直行中,機車與自行車,前車頭,,,駕駛者,未保持行車安全距離,否,120.674667,24.102855
2024,8,20240801,065700,A2,臺中市政府警察局,臺中市大里區新里里德芳路二段 / 臺中市大里區新里里爽文路,晴,有照明未開啟或故障,市區道路,40,交岔路,四岔路,交叉路口,機車待轉區,柏油,乾燥,無缺陷,無障礙物,無遮蔽物,良好,行車管制號誌,正常,無,無分向設施,未繪設車道線,未繪設快慢車道分隔線,有,車與車,追撞,駕駛者,未保持行車安全距離,死亡0;受傷2,2,機車,普通重型,女,50,戴半罩式安全帽,未使用,車的狀態,等待(引擎未熄火),機車與自行車,後車尾,,,無(車輛駕駛者因素),尚未發現肇事因素,否,120.674667,24.102855
2024,8,20240801,070311,A2,新竹市警察局,新竹市北區湳雅街218巷口,晴,無照明,市區道路,50,交岔路,三岔路,交叉路口,交叉路口內,柏油,乾燥,無缺陷,無障礙物,無遮蔽物,良好,無號誌,無號誌,無,無分向設施,未繪設車道線,未繪設快慢車道分隔線,無,車與車,側撞,駕駛者,左轉彎未依規定,死亡0;受傷2,1,慢車,腳踏自行車,男,13,不明,不明,車的狀態,左轉彎,機車與自行車,右側車身,機車與自行車,前車頭,駕駛者,左轉彎未依規定,否,120.975223,24.821585
2024,8,20240801,070311,A2,新竹市警察局,新竹市北區湳雅街218巷口,晴,無照明,市區道路,50,交岔路,三岔路,交叉路口,交叉路口內,柏油,乾燥,無缺陷,無障礙物,無遮蔽物,良好,無號誌,無號誌,無,無分向設施,未繪設車道線,未繪設快慢車道分隔線,無,車與車,側撞,駕駛者,左轉彎未依規定,死亡0;受傷2,2,機車,普通重型,女,26,不明,不明,車的狀態,向前直行中,機車與自行車,前車頭,,,駕駛者,未依規定減速,否,120.975223,24.821585
2024,8,20240801,070510,A2,新竹縣政府警察局,新竹縣竹北市中山路口 / 新竹縣竹北市惟馨街口,晴,有照明未開啟或故障,市區道路,30,交岔路,四岔路,交叉路口,交叉路口內,柏油,乾燥,無缺陷,無障礙物,無遮蔽物,良好,無號誌,無號誌,行車分向線,附標記,車道線(無標記),未繪設快慢車道分隔線,有,車與車,路口交岔撞,駕駛者,未依規定減速,死亡0;受傷2,1,機車,普通重型,男,64,戴半罩式安全帽,未使用,車的狀態,向前直行中,機車與自行車,前車頭,機車與自行車,前車頭,駕駛者,未依規定減速,否,121.018629,24.836581
2024,8,20240801,070510,A2,新竹縣政府警察局,新竹縣竹北市中山路口 / 新竹縣竹北市惟馨街口,晴,有照明未開啟或故障,市區道路,30,交岔路,四岔路,交叉路口,交叉路口內,柏油,乾燥,無缺陷,無障礙物,無遮蔽物,良好,無號誌,無號誌,行車分向線,附標記,車道線(無標記),未繪設快慢車道分隔線,有,車與車,路口交岔撞,駕駛者,未依規定減速,死亡0;受傷2,2,機車,普通重型,女,41,戴半罩式安全帽,未使用,車的狀態,向前直行中,機車與自行車,後車尾,機車與自行車,後車尾,無(車輛駕駛者因素),尚未發現肇事因素,否,121.018629,24.836581
2024,8,20240801,070510,A2,新竹縣政府警察局,新竹縣竹北市中山路口 / 新竹縣竹北市惟馨街口,晴,有照明未開啟或故障,市區道路,30,交岔路,四岔路,交叉路口,交叉路口內,柏油,乾燥,無缺陷,無障礙物,無遮蔽物,良好,無號誌,無號誌,行車分向線,附標記,車道線(無標記),未繪設快慢車道分隔線,有,車與車,路口交岔撞,駕駛者,未依規定減速,死亡0;受傷2,3,人,乘客,女,61,戴半罩式安全帽,非駕駛人,不明,不明,其他,非汽、機及自行車,其他,非汽、機及自行車,無(非車輛駕駛人因素),尚未發現肇事因素,否,121.018629,24.836581
2024,8,20240801,071000,A2,臺中市政府警察局,臺中市大肚區大東里平和街1號前0.0公尺,晴,有照明未開啟或故障,市區道路,50,交岔路,四岔路,交叉路口,交叉路口內,柏油,乾燥,無缺陷,無障礙物,無遮蔽物,良好,行車管制號誌,正常,無,無分向設施,未繪設車道線,未繪設快慢車道分隔線,無,車與車,側撞,駕駛者,右轉彎未依規定,死亡0;受傷2,1,小客車(含客、貨兩用),自用,女,63,繫安全帶(使用幼童安全椅),未使用,車的狀態,右轉彎,汽車,右側車身,,,駕駛者,右轉彎未依規定,否,120.545942,24.148595
2024,8,20240801,071000,A2,臺中市政府警察局,臺中市大肚區大東里平和街1號前0.0公尺,晴,有照明未開啟或故障,市區道路,50,交岔路,四岔路,交叉路口,交叉路口內,柏油,乾燥,無缺陷,無障礙物,無遮蔽物,良好,行車管制號誌,正常,無,無分向設施,未繪設車道線,未繪設快慢車道分隔線,無,車與車,側撞,駕駛者,右轉彎未依規定,死亡0;受傷2,2,機車,普通重型,女,51,戴半罩式安全帽,未使用,車的狀態,向前直行中,機車與自行車,左側車身,,,無(車輛駕駛者因素),尚未發現肇事因素,否,120.545942,24.148595
2024,8,20240801,071000,A2,臺中市政府警察局,臺中市大肚區大東里平和街1號前0.0公尺,晴,有照明未開啟或故障,市區道路,50,交岔路,四岔路,交叉路口,交叉路口內,柏油,乾燥,無缺陷,無障礙物,無遮蔽物,良好,行車管制號誌,正常,無,無分向設施,未繪設車道線,未繪設快慢車道分隔線,無,車與車,側撞,駕駛者,右轉彎未依規定,死亡0;受傷2,3,人,乘客,男,14,戴半罩式安全帽,非駕駛人,人的狀態,其他,其他,非汽、機及自行車,,,無(非車輛駕駛人因素),尚未發現肇事因素,否,120.545942,24.148595
2024,8,20240801,071000,A2,臺中市政府警察局,臺中市和平區東關路三段30號前0.0公尺,晴,有照明未開啟或故障,市區道路,50,交岔路,四岔路,交叉路口,交叉口附近,柏油,乾燥,無缺陷,無障礙物,無遮蔽物,良好,閃光號誌,正常,雙向禁止超車線,無標記,未繪設車道線,未繪設快慢車道分隔線,有,車與車,側撞,駕駛者,違反其他標誌(線)禁制,死亡0;受傷1,1,機車,普通重型,男,54,戴半罩式安全帽,未使用,車的狀態,插入行列,機車與自行車,前車頭,,,駕駛者,違反其他標誌(線)禁制,否,120.892303,24.169076
2024,8,20240801,071000,A2,臺中市政府警察局,臺中市和平區東關路三段30號前0.0公尺,晴,有照明未開啟或故障,市區道路,50,交岔路,四岔路,交叉路口,交叉口附近,柏油,乾燥,無缺陷,無障礙物,無遮蔽物,良好,閃光號誌,正常,雙向禁止超車線,無標記,未繪設車道線,未繪設快慢車道分隔線,有,車與車,側撞,駕駛者,違反其他標誌(線)禁制,死亡0;受傷1,2,機車,普通重型,男,56,戴半罩式安全帽,未使用,車的狀態,向前直行中,機車與自行車,前車頭,,,無(車輛駕駛者因素),尚未發現肇事因素,否,120.892303,24.169076
2024,8,20240801,071200,A2,臺中市政府警察局,臺中市神岡區北庄里中山路1396號前0.0公尺,晴,有照明未開啟或故障,市區道路,50,交岔路,多岔路,交叉路口,交叉路口內,柏油,乾燥,無缺陷,無障礙物,無遮蔽物,良好,行車管制號誌(附設行人專用號誌),正常,雙向禁止超車線,無標記,車道線(無標記),快慢車道分隔線,無,車與車,側撞,駕駛者,橫越道路不慎,死亡0;受傷1,1,機車,普通重型,男,58,戴非半罩式安全帽,未使用,車的狀態,迴轉或橫越道路中,機車與自行車,右側車身,,,駕駛者,橫越道路不慎,否,120.663701,24.258375
2024,8,20240801,071200,A2,臺中市政府警察局,臺中市神岡區北庄里中山路1396號前0.0公尺,晴,有照明未開啟或故障,市區道路,50,交岔路,多岔路,交叉路口,交叉路口內,柏油,乾燥,無缺陷,無障礙物,無遮蔽物,良好,行車管制號誌(附設行人專用號誌),正常,雙向禁止超車線,無標記,車道線(無標記),快慢車道分隔線,無,車與車,側撞,駕駛者,橫越道路不慎,死亡0;受傷1,2,機車,普通重型,女,29,戴非半罩式安全帽,未使用,車的狀態,右轉彎,機車與自行車,前車頭,,,駕駛者,恍神、緊張、心不在焉分心駕駛,否,120.663701,24.258375
2024,8,20240801,071400,A2,彰化縣警察局,彰化縣彰化市華陽街13號前,晴,無照明,市區道路,50,單路部分,直路,路段,一般車道(未劃分快慢車道),柏油,乾燥,無缺陷,無障礙物,無遮蔽物,良好,無號誌,無號誌,行車分向線,無標記,車道線(無標記),未繪設快慢車道分隔線,無,車與車,側撞,駕駛者,方向不定(不包括危險駕車),死亡0;受傷1,1,小客車(含客、貨兩用),自用,男,50,繫安全帶(使用幼童安全椅),未使用,車的狀態,迴轉或橫越道路中,汽車,右前車頭(身),,,駕駛者,方向不定(不包括危險駕車),否,120.549890,24.072467
2024,8,20240801,071400,A2,彰化縣警察局,彰化縣彰化市華陽街13號前,晴,無照明,市區道路,50,單路部分,直路,路段,一般車道(未劃分快慢車道),柏油,乾燥,無缺陷,無障礙物,無遮蔽物,良好,無號誌,無號誌,行車分向線,無標記,車道線(無標記),未繪設快慢車道分隔線,無,車與車,側撞,駕駛者,方向不定(不包括危險駕車),死亡0;受傷1,2,機車,普通重型,女,41,戴半罩式安全帽,未使用,車的狀態,超車(含超越),機車與自行車,右側車身,,,駕駛者,閃避不當(慎),否,120.549890,24.072467
2024,8,20240801,071800,A2,臺中市政府警察局,臺中市沙鹿區斗抵里斗潭路195巷12號前0.0公尺,晴,有照明未開啟或故障,市區道路,50,交岔路,三岔路,交叉路口,交叉口附近,柏油,乾燥,無缺陷,無障礙物,無遮蔽物,良好,無號誌,無號誌,行車分向線,附標記,車道線(附標記),未繪設快慢車道分隔線,有,車與車,其他,駕駛者,逆向行駛,死亡0;受傷1,1,機車,普通重型,男,18,不明,不明,車的狀態,向前直行中,機車與自行車,右側車身,,,駕駛者,逆向行駛,否,120.553235,24.226046
2024,8,20240801,071800,A2,臺中市政府警察局,臺中市沙鹿區斗抵里斗潭路195巷12號前0.0公尺,晴,有照明未開啟或故障,市區道路,50,交岔路,三岔路,交叉路口,交叉口附近,柏油,乾燥,無缺陷,無障礙物,無遮蔽物,良好,無號誌,無號誌,行車分向線,附標記,車道線(附標記),未繪設快慢車道分隔線,有,車與車,其他,駕駛者,逆向行駛,死亡0;受傷1,2,小客車(含客、貨兩用),自用,女,31,不明,不明,車的狀態,左轉彎,汽車,左側車身,,,駕駛者,逆向行駛,否,120.553235,24.226046
2024,8,20240801,072300,A2,彰化縣警察局,彰化縣線西鄉寓埔村彰濱路口 / 彰化縣線西鄉寓埔村彰濱東十路口,晴,有照明未開啟或故障,市區道路,50,交岔路,四岔路,交叉路口,交叉口附近,柏油,乾燥,無缺陷,無障礙物,無遮蔽物,良好,行車管制號誌,正常,行車分向線,附標記,未繪設車道線,未繪設快慢車道分隔線,有,車輛本身,路上翻車、摔倒,無(非車輛駕駛人因素),尚未發現肇事因素,死亡0;受傷1,1,,,無或物(動物、堆置物),-1,,,,,,,,,無(非車輛駕駛人因素),尚未發現肇事因素,否,120.439174,24.148360
2024,8,20240801,072300,A2,彰化縣警察局,彰化縣線西鄉寓埔村彰濱路口 / 彰化縣線西鄉寓埔村彰濱東十路口,晴,有照明未開啟或故障,市區道路,50,交岔路,四岔路,交叉路口,交叉口附近,柏油,乾燥,無缺陷,無障礙物,無遮蔽物,良好,行車管制號誌,正常,行車分向線,附標記,未繪設車道線,未繪設快慢車道分隔線,有,車輛本身,路上翻車、摔倒,無(非車輛駕駛人因素),尚未發現肇事因素,死亡0;受傷1,2,機車,普通重型,女,34,戴非半罩式安全帽,未使用,車的狀態,右轉彎,機車與自行車,左側車身,,,無(車輛駕駛者因素),尚未發現肇事因素,否,120.439174,24.148360