發生年度,發生月份,發生日期,發生時間,事故類別名稱,處理單位名稱警局層,發生地點,天候名稱,光線名稱,道路類別-第1當事者-名稱,速限-第1當事者,道路型態大類別名稱,道路型態子類別名稱,事故位置大類別名稱,事故位置子類別名稱,路面狀況-路面鋪裝名稱,路面狀況-路面狀態名稱,路面狀況-路面缺陷名稱,道路障礙-障礙物名稱,道路障礙-視距品質名稱,道路障礙-視距名稱,號誌-號誌種類名稱,號誌-號誌動作名稱,車道劃分設施-分向設施大類別名稱,車道劃分設施-分向設施子類別名稱,車道劃分設施-分道設施-快車道或一般車道間名稱,車道劃分設施-分道設施-快慢車道間名稱,車道劃分設施-分道設施-路面邊線名稱,事故類型及型態大類別名稱,事故類型及型態子類別名稱,肇因研判大類別名稱-主要,肇因研判子類別名稱-主要,死亡受傷人數,當事者順位,當事者區分-類別-大類別名稱-車種,當事者區分-類別-子類別名稱-車種,當事者屬-性-別名稱,當事者事故發生時年齡,保護裝備名稱,行動電話或電腦或其他相類功能裝置名稱,當事者行動狀態大類別名稱,當事者行動狀態子類別名稱,車輛撞擊部位大類別名稱-最初,車輛撞擊部位子類別名稱-最初,車輛撞擊部位大類別名稱-其他,車輛撞擊部位子類別名稱-其他,肇因研判大類別名稱-個別,肇因研判子類別名稱-個別,肇事逃逸類別名稱-是否肇逃,經度,緯度
2024,8,20240801,072547,A2,宜蘭縣政府警察局,宜蘭縣三星鄉上將路一段546號附近,晴,有照明未開啟或故障,縣道,50,單路部分,直路,路段,一般車道(未劃分快慢車道),柏油,乾燥,無缺陷,無障礙物,無遮蔽物,良好,無號誌,無號誌,行車分向線,無標記,未繪設車道線,未繪設快慢車道分隔線,有,車與車,同向擦撞,駕駛者,起步時未注意安全,死亡0;受傷1,1,小貨車,自用,男,70,繫安全帶(使用幼童安全椅),未使用,車的狀態,起步,汽車,左側車身,,,駕駛者,起步時未注意安全,否,121.737957,24.699736
2024,8,20240801,072547,A2,宜蘭縣政府警察局,宜蘭縣三星鄉上將路一段546號附近,晴,有照明未開啟或故障,縣道,50,單路部分,直路,路段,一般車道(未劃分快慢車道),柏油,乾燥,無缺陷,無障礙物,無遮蔽物,良好,無號誌,無號誌,行車分向線,無標記,未繪設車道線,未繪設快慢車道分隔線,有,車與車,同向擦撞,駕駛者,起步時未注意安全,死亡0;受傷1,2,大貨車,營業用,男,51,繫安全帶(使用幼童安全椅),未使用,車的狀態,向前直行中,汽車,右前車頭(身),,,無(車輛駕駛者因素),尚未發現肇事因素,否,121.737957,24.699736
2024,8,20240801,072700,A2,臺中市政府警察局,臺中市北區新興里三民路三段 / 臺中市北區新興里太平路,晴,有照明未開啟或故障,市區道路,30,交岔路,四岔路,交叉路口,交叉路口內,柏油,乾燥,無缺陷,無障礙物,無遮蔽物,良好,無號誌,無號誌,無,無分向設施,未繪設車道線,未繪設快慢車道分隔線,無,車與車,路口交岔撞,駕駛者,無號誌路口，左方車未讓右方車先行,死亡0;受傷1,1,機車,普通重型,男,19,不明,未使用,車的狀態,向前直行中,機車與自行車,右側車身,,,駕駛者,無號誌路口，左方車未讓右方車先行,否,120.683601,24.146770
2024,8,20240801,072700,A2,臺中市政府警察局,臺中市北區新興里三民路三段 / 臺中市北區新興里太平路,晴,有照明未開啟或故障,市區道路,30,交岔路,四岔路,交叉路口,交叉路口內,柏油,乾燥,無缺陷,無障礙物,無遮蔽物,良好,無號誌,無號誌,無,無分向設施,未繪設車道線,未繪設快慢車道分隔線,無,車與車,路口交岔撞,駕駛者,無號誌路口，左方車未讓右方車先行,死亡0;受傷1,2,機車,普通重型,男,25,不明,未使用,車的狀態,向前直行中,機車與自行車,前車頭,,,駕駛者,未依規定減速,否,120.683601,24.146770
2024,8,20240801,073000,A2,臺北市政府警察局,臺北市松山區三民路 / 臺北市松山區富錦街,晴,有照明未開啟或故障,市區道路,50,交岔路,四岔路,交叉路口,交叉口附近,柏油,乾燥,無缺陷,無障礙物,無遮蔽物,良好,行車管制號誌,正常,中央分向島,寬式(50公分以上),車道線(附標記),未繪設快慢車道分隔線,無,人與車,穿越道路中,其他,相關跡證不足且無具體影像紀錄，當事人各執一詞，經分析後無法釐清肇事原因,死亡0;受傷1,1,小客車(含客、貨兩用),計程車,男,52,不明,未使用,車的狀態,左轉彎,汽車,前車頭,,,其他,相關跡證不足且無具體影像紀錄，當事人各執一詞，經分析後無法釐清肇事原因,否,121.563188,25.060850
2024,8,20240801,073000,A2,臺北市政府警察局,臺北市松山區三民路 / 臺北市松山區富錦街,晴,有照明未開啟或故障,市區道路,50,交岔路,四岔路,交叉路口,交叉口附近,柏油,乾燥,無缺陷,無障礙物,無遮蔽物,良好,行車管制號誌,正常,中央分向島,寬式(50公分以上),車道線(附標記),未繪設快慢車道分隔線,無,人與車,穿越道路中,其他,相關跡證不足且無具體影像紀錄，當事人各執一詞，經分析後無法釐清肇事原因,死亡0;受傷1,2,人,行人,女,13,其他(無需使用保護裝備之人),非駕駛人,人的狀態,步行,其他,非汽、機及自行車,,,無(非車輛駕駛人因素),尚未發現肇事因素,否,121.563188,25.060850
2024,8,20240801,073206,A2,南投縣政府警察局,南投縣草屯鎮雙冬里中正路63-8號前0.0公尺,晴,無照明,省道,70,交岔路,三岔路,交叉路口,交叉路口內,柏油,乾燥,無缺陷,無障礙物,無遮蔽物,良好,行車管制號誌,正常,雙向禁止超車線,無標記,車道線(無標記),未繪設快慢車道分隔線,有,車與車,側撞,駕駛者,闖紅燈左轉(或迴轉),死亡0;受傷2,1,機車,普通重型,女,62,戴半罩式安全帽,未使用,車的狀態,左轉彎,機車與自行車,左側車身,,,駕駛者,闖紅燈左轉(或迴轉),否,120.790273,23.983332
2024,8,20240801,073206,A2,南投縣政府警察局,南投縣草屯鎮雙冬里中正路63-8號前0.0公尺,晴,無照明,省道,70,交岔路,三岔路,交叉路口,交叉路口內,柏油,乾燥,無缺陷,無障礙物,無遮蔽物,良好,行車管制號誌,正常,雙向禁止超車線,無標記,車道線(無標記),未繪設快慢車道分隔線,有,車與車,側撞,駕駛者,闖紅燈左轉(或迴轉),死亡0;受傷2,2,機車,普通重型,男,20,戴非半罩式安全帽,未使用,車的狀態,向前直行中,機車與自行車,前車頭,,,無(車輛駕駛者因素),尚未發現肇事因素,否,120.790273,23.983332
2024,8,20240801,073323,A2,國道公路警察局,新北市土城區國道3號 42公里北側,晴,有照明未開啟或故障,國道,50,單路部分,直路,交流道,直線匝道,柏油,乾燥,無缺陷,無障礙物,無遮蔽物,良好,無號誌,無號誌,無,無分向設施,車道線(附標記),未繪設快慢車道分隔線,有,車與車,追撞,駕駛者,未保持行車安全距離,死亡0;受傷1,1,小客車(含客、貨兩用),自用,男,51,繫安全帶(使用幼童安全椅),未使用,車的狀態,向前直行中,汽車,前車頭,汽車,後車尾,駕駛者,未保持行車安全距離,否,121.426323,24.959101
2024,8,20240801,073323,A2,國道公路警察局,新北市土城區國道3號 42公里北側,晴,有照明未開啟或故障,國道,50,單路部分,直路,交流道,直線匝道,柏油,乾燥,無缺陷,無障礙物,無遮蔽物,良好,無號誌,無號誌,無,無分向設施,車道線(附標記),未繪設快慢車道分隔線,有,車與車,追撞,駕駛者,未保持行車安全距離,死亡0;受傷1,2,小客車(含客、貨兩用),自用,男,38,繫安全帶(使用幼童安全椅),未使用,車的狀態,向前直行中,汽車,後車尾,,,無(車輛駕駛者因素),尚未發現肇事因素,否,121.426323,24.959101
2024,8,20240801,073323,A2,國道公路警察局,新北市土城區國道3號 42公里北側,晴,有照明未開啟或故障,國道,50,單路部分,直路,交流道,直線匝道,柏油,乾燥,無缺陷,無障礙物,無遮蔽物,良好,無號誌,無號誌,無,無分向設施,車道線(附標記),未繪設快慢車道分隔線,有,車與車,追撞,駕駛者,未保持行車安全距離,死亡0;受傷1,3,小客車(含客、貨兩用),自用,男,54,繫安全帶(使用幼童安全椅),未使用,車的狀態,向前直行中,汽車,前車頭,,,駕駛者,未保持行車安全距離,否,121.426323,24.959101
2024,8,20240801,073500,A2,臺中市政府警察局,臺中市清水區武鹿里中清路九段 / 臺中市清水區武鹿里港埠路三段,晴,無照明,市區道路,60,交岔路,四岔路,交叉路口,交叉路口內,柏油,乾燥,無缺陷,無障礙物,無遮蔽物,良好,行車管制號誌,正常,中央分向島,寬式(50公分以上),車道線(無標記),寬式快慢車道分隔島(50公分以上),有,車與車,側撞,駕駛者,右轉彎未依規定,死亡0;受傷1,1,小客車(含客、貨兩用),自用,男,65,繫安全帶(使用幼童安全椅),未使用,車的狀態,右轉彎,汽車,右前車頭(身),,,駕駛者,右轉彎未依規定,否,120.547733,24.277087
2024,8,20240801,073500,A2,臺中市政府警察局,臺中市清水區武鹿里中清路九段 / 臺中市清水區武鹿里港埠路三段,晴,無照明,市區道路,60,交岔路,四岔路,交叉路口,交叉路口內,柏油,乾燥,無缺陷,無障礙物,無遮蔽物,良好,行車管制號誌,正常,中央分向島,寬式(50公分以上),車道線(無標記),寬式快慢車道分隔島(50公分以上),有,車與車,側撞,駕駛者,右轉彎未依規定,死亡0;受傷1,2,機車,普通重型,男,45,戴非半罩式安全帽,未使用,車的狀態,向前直行中,機車與自行車,前車頭,,,無(車輛駕駛者因素),尚未發現肇事因素,否,120.547733,24.277087
2024,8,20240801,073800,A2,臺中市政府警察局,臺中市東區東興里台中路 / 臺中市東區東興里瑞豐街,晴,有照明未開啟或故障,市區道路,50,交岔路,三岔路,交叉路口,交叉口附近,柏油,乾燥,無缺陷,無障礙物,無遮蔽物,良好,行車管制號誌,正常,無,無分向設施,未繪設車道線,未繪設快慢車道分隔線,無,車與車,其他,其他,其他不當駕車行為,死亡0;受傷1,1,小客車(含客、貨兩用),自用,男,38,不明,不明,車的狀態,其他,汽車,右後車尾(身),,,其他,其他不當駕車行為,否,120.685573,24.128870
2024,8,20240801,073800,A2,臺中市政府警察局,臺中市東區東興里台中路 / 臺中市東區東興里瑞豐街,晴,有照明未開啟或故障,市區道路,50,交岔路,三岔路,交叉路口,交叉口附近,柏油,乾燥,無缺陷,無障礙物,無遮蔽物,良好,行車管制號誌,正常,無,無分向設施,未繪設車道線,未繪設快慢車道分隔線,無,車與車,其他,其他,其他不當駕車行為,死亡0;受傷1,2,機車,普通重型,女,54,不明,不明,車的狀態,向前直行中,機車與自行車,左側車身,,,其他,其他不當駕車行為,否,120.685573,24.128870
2024,8,20240801,073800,A2,臺中市政府警察局,臺中市西屯區惠來里西屯路二段 / 臺中市西屯區惠來里惠中路,晴,無照明,市區道路,50,交岔路,三岔路,交叉路口,交叉路口內,柏油,乾燥,無缺陷,無障礙物,無遮蔽物,良好,行車管制號誌,正常,無,無分向設施,未繪設車道線,未繪設快慢車道分隔線,無,車與車,同向擦撞,駕駛者,左轉彎未依規定,死亡0;受傷2,1,機車,普通重型,男,34,戴半罩式安全帽,未使用,車的狀態,左轉彎,機車與自行車,左側車身,,,駕駛者,左轉彎未依規定,否,120.648767,24.168809
2024,8,20240801,073800,A2,臺中市政府警察局,臺中市西屯區惠來里西屯路二段 / 臺中市西屯區惠來里惠中路,晴,無照明,市區道路,50,交岔路,三岔路,交叉路口,交叉路口內,柏油,乾燥,無缺陷,無障礙物,無遮蔽物,良好,行車管制號誌,正常,無,無分向設施,未繪設車道線,未繪設快慢車道分隔線,無,車與車,同向擦撞,駕駛者,左轉彎未依規定,死亡0;受傷2,2,機車,普通重型,男,20,戴非半罩式安全帽,未使用,車的狀態,向前直行中,機車與自行車,前車頭,,,無(車輛駕駛者因素),尚未發現肇事因素,否,120.648767,24.168809
2024,8,20240801,074100,A2,臺中市政府警察局,臺中市神岡區社南里民生路50巷62號前0.0公尺,晴,無照明,市區道路,30,單路部分,直路,路段,一般車道(未劃分快慢車道),柏油,乾燥,無缺陷,無障礙物,無遮蔽物,良好,無號誌,無號誌,無,無分向設施,未繪設車道線,未繪設快慢車道分隔線,無,車與車,其他,其他,其他不當駕車行為,死亡0;受傷1,1,機車,普通重型,女,58,戴半罩式安全帽,未使用,車的狀態,左轉彎,機車與自行車,左側車身,,,其他,其他不當駕車行為,否,120.676787,24.246767
2024,8,20240801,074100,A2,臺中市政府警察局,臺中市神岡區社南里民生路50巷62號前0.0公尺,晴,無照明,市區道路,30,單路部分,直路,路段,一般車道(未劃分快慢車道),柏油,乾燥,無缺陷,無障礙物,無遮蔽物,良好,無號誌,無號誌,無,無分向設施,未繪設車道線,未繪設快慢車道分隔線,無,車與車,其他,其他,其他不當駕車行為,死亡0;受傷1,2,機車,普通重型,男,17,戴半罩式安全帽,未使用,車的狀態,向前直行中,機車與自行車,前車頭,,,其他,其他不當駕車行為,否,120.676787,24.246767
2024,8,20240801,074200,A2,彰化縣警察局,彰化縣和美鎮源埤里大佃路357號前0.0公尺附近,晴,有照明未開啟或故障,村里道路,30,交岔路,三岔路,交叉路口,交叉口附近,柏油,乾燥,無缺陷,無障礙物,無遮蔽物,良好,無號誌,無號誌,無,無分向設施,未繪設車道線,未繪設快慢車道分隔線,有,人與車,同向通行中,駕駛者,未保持行車安全距離,死亡0;受傷1,1,小客車(含客、貨兩用),自用,女,80,繫安全帶(使用幼童安全椅),未使用,車的狀態,向前直行中,汽車,右前車頭(身),,,駕駛者,未保持行車安全距離,否,120.497769,24.091804
2024,8,20240801,074200,A2,彰化縣警察局,彰化縣和美鎮源埤里大佃路357號前0.0公尺附近,晴,有照明未開啟或故障,村里道路,30,交岔路,三岔路,交叉路口,交叉口附近,柏油,乾燥,無缺陷,無障礙物,無遮蔽物,良好,無號誌,無號誌,無,無分向設施,未繪設車道線,未繪設快慢車道分隔線,有,人與車,同向通行中,駕駛者,未保持行車安全距離,死亡0;受傷1,2,人,行人,女,77,其他(無需使用保護裝備之人),非駕駛人,人的狀態,步行,其他,非汽、機及自行車,,,無(非車輛駕駛人因素),尚未發現肇事因素,否,120.497769,24.091804
2024,8,20240801,074300,A2,彰化縣警察局,彰化縣彰化市旭光路255號,晴,有照明未開啟或故障,市區道路,50,單路部分,直路,路段,一般車道(未劃分快慢車道),柏油,乾燥,無缺陷,道路工事(程)中,無遮蔽物,良好,行車管制號誌(附設行人專用號誌),正常,行車分向線,無標記,車道線(無標記),未繪設快慢車道分隔線,有,車與車,其他,其他,相關跡證不足且無具體影像紀錄，當事人各執一詞，經分析後無法釐清肇事原因,死亡0;受傷1,1,慢車,微型電動二輪車,女,62,戴半罩式安全帽,未使用,不明,不明,機車與自行車,前車頭,,,其他,相關跡證不足且無具體影像紀錄，當事人各執一詞，經分析後無法釐清肇事原因,否,120.545032,24.071003
2024,8,20240801,074300,A2,彰化縣警察局,彰化縣彰化市旭光路255號,晴,有照明未開啟或故障,市區道路,50,單路部分,直路,路段,一般車道(未劃分快慢車道),柏油,乾燥,無缺陷,道路工事(程)中,無遮蔽物,良好,行車管制號誌(附設行人專用號誌),正常,行車分向線,無標記,車道線(無標記),未繪設快慢車道分隔線,有,車與車,其他,其他,相關跡證不足且無具體影像紀錄，當事人各執一詞，經分析後無法釐清肇事原因,死亡0;受傷1,2,小客車(含客、貨兩用),自用,男,52,繫安全帶(使用幼童安全椅),未使用,不明,不明,汽車,後車尾,,,其他,相關跡證不足且無具體影像紀錄，當事人各執一詞，經分析後無法釐清肇事原因,否,120.545032,24.071003
2024,8,20240801,074500,A2,臺中市政府警察局,臺中市大里區中新里環中東路六段前0.0公尺,晴,有照明未開啟或故障,市區道路,50,單路部分,橋樑,路段,一般車道(未劃分快慢車道),柏油,乾燥,無缺陷,無障礙物,無遮蔽物,良好,無號誌,無號誌,中央分向島,寬式(50公分以上),車道線(無標記),未繪設快慢車道分隔線,有,車輛本身,其他,無(非車輛駕駛人因素),尚未發現肇事因素,死亡0;受傷1,1,,,無或物(動物、堆置物),0,,,,,,,,,無(非車輛駕駛人因素),尚未發現肇事因素,否,120.692848,24.100466
2024,8,20240801,074500,A2,臺中市政府警察局,臺中市大里區中新里環中東路六段前0.0公尺,晴,有照明未開啟或故障,市區道路,50,單路部分,橋樑,路段,一般車道(未劃分快慢車道),柏油,乾燥,無缺陷,無障礙物,無遮蔽物,良好,無號誌,無號誌,中央分向島,寬式(50公分以上),車道線(無標記),未繪設快慢車道分隔線,有,車輛本身,其他,無(非車輛駕駛人因素),尚未發現肇事因素,死亡0;受傷1,2,機車,普通重型,女,46,戴半罩式安全帽,未使用,車的狀態,向前直行中,機車與自行車,前車頭,,,無(車輛駕駛者因素),尚未發現肇事因素,否,120.692848,24.100466
2024,8,20240801,074600,A2,宜蘭縣政府警察局,宜蘭縣羅東鎮西寧路口 / 宜蘭縣羅東鎮中山路四段口,晴,有照明未開啟或故障,村里道路,30,交岔路,四岔路,交叉路口,交叉路口內,柏油,乾燥,無缺陷,無障礙物,無遮蔽物,良好,無號誌,無號誌,無,無分向設施,未繪設車道線,未繪設快慢車道分隔線,無,車與車,對向擦撞,駕駛者,無號誌路口，支線道未讓幹線道先行,死亡0;受傷2,1,小客車(含客、貨兩用),自用,女,43,繫安全帶(使用幼童安全椅),未使用,車的狀態,右轉彎,汽車,前車頭,,,駕駛者,無號誌路口，支線道未讓幹線道先行,否,121.761221,24.672944
2024,8,20240801,074600,A2,宜蘭縣政府警察局,宜蘭縣羅東鎮西寧路口 / 宜蘭縣羅東鎮中山路四段口,晴,有照明未開啟或故障,村里道路,30,交岔路,四岔路,交叉路口,交叉路口內,柏油,乾燥,無缺陷,無障礙物,無遮蔽物,良好,無號誌,無號誌,無,無分向設施,未繪設車道線,未繪設快慢車道分隔線,無,車與車,對向擦撞,駕駛者,無號誌路口，支線道未讓幹線道先行,死亡0;受傷2,2,機車,普通輕型,女,80,戴半罩式安全帽,未使用,車的狀態,向前直行中,機車與自行車,前車頭,,,無(車輛駕駛者因素),尚未發現肇事因素,否,121.761221,24.672944
2024,8,20240801,074600,A2,宜蘭縣政府警察局,宜蘭縣羅東鎮西寧路口 / 宜蘭縣羅東鎮中山路四段口,晴,有照明未開啟或故障,村里道路,30,交岔路,四岔路,交叉路口,交叉路口內,柏油,乾燥,無缺陷,無障礙物,無遮蔽物,良好,無號誌,無號誌,無,無分向設施,未繪設車道線,未繪設快慢車道分隔線,無,車與車,對向擦撞,駕駛者,無號誌路口，支線道未讓幹線道先行,死亡0;受傷2,3,人,乘客,女,19,戴半罩式安全帽,非駕駛人,人的狀態,靜立(止),其他,非汽、機及自行車,,,無(非車輛駕駛人因素),尚未發現肇事因素,否,121.761221,24.672944
2024,8,20240801,074600,A2,新北市政府警察局,新北市新莊區新泰路 / 新北市新莊區瓊林路,晴,有照明未開啟或故障,市區道路,50,交岔路,多岔路,交叉路口,交叉路口內,柏油,乾燥,無缺陷,無障礙物,無遮蔽物,良好,無號誌,無號誌,無,無分向設施,未繪設車道線,未繪設快慢車道分隔線,有,車與車,同向擦撞,駕駛者,未保持行車安全距離,死亡0;受傷1,1,小客車(含客、貨兩用),自用,男,42,繫安全帶(使用幼童安全椅),未使用,車的狀態,向前直行中,汽車,左前車頭(身),,,駕駛者,未保持行車安全距離,否,121.445345,25.041018
2024,8,20240801,074600,A2,新北市政府警察局,新北市新莊區新泰路 / 新北市新莊區瓊林路,晴,有照明未開啟或故障,市區道路,50,交岔路,多岔路,交叉路口,交叉路口內,柏油,乾燥,無缺陷,無障礙物,無遮蔽物,良好,無號誌,無號誌,無,無分向設施,未繪設車道線,未繪設快慢車道分隔線,有,車與車,同向擦撞,駕駛者,未保持行車安全距離,死亡0;受傷1,2,機車,普通重型,女,53,戴非半罩式安全帽,未使用,車的狀態,向前直行中,機車與自行車,後車尾,,,無(車輛駕駛者因素),尚未發現肇事因素,否,121.445345,25.041018
2024,8,20240801,074800,A2,臺中市政府警察局,臺中市大里區瑞城里中興路一段 / 臺中市大里區瑞城里中興路一段,晴,有照明且開啟,市區道路,50,交岔路,多岔路,交叉路口,交叉路口內,柏油,乾燥,無缺陷,無障礙物,無遮蔽物,良好,行車管制號誌,正常,無,無分向設施,未繪設車道線,未繪設快慢車道分隔線,無,車與車,其他,駕駛者,左轉彎未依規定,死亡0;受傷1,1,機車,普通重型,男,44,不明,不明,車的狀態,左轉彎,機車與自行車,前車頭,,,駕駛者,左轉彎未依規定,否,120.698656,24.079682
2024,8,20240801,074800,A2,臺中市政府警察局,臺中市大里區瑞城里中興路一段 / 臺中市大里區瑞城里中興路一段,晴,有照明且開啟,市區道路,50,交岔路,多岔路,交叉路口,交叉路口內,柏油,乾燥,無缺陷,無障礙物,無遮蔽物,良好,行車管制號誌,正常,無,無分向設施,未繪設車道線,未繪設快慢車道分隔線,無,車與車,其他,駕駛者,左轉彎未依規定,死亡0;受傷1,2,機車,普通重型,女,47,不明,不明,車的狀態,向前直行中,機車與自行車,左側車身,,,無(車輛駕駛者因素),尚未發現肇事因素,否,120.698656,24.079682
2024,8,20240801,075000,A2,臺中市政府警察局,臺中市北屯區平順里大連路三段 / 臺中市北屯區平順里昌平路一段,晴,有照明未開啟或故障,市區道路,50,交岔路,四岔路,交叉路口,交叉路口內,柏油,乾燥,無缺陷,無障礙物,無遮蔽物,良好,無號誌,無號誌,無,無分向設施,未繪設車道線,未繪設快慢車道分隔線,無,車與車,路口交岔撞,駕駛者,無號誌路口，左方車未讓右方車先行,死亡0;受傷2,1,機車,普通重型,女,51,戴非半罩式安全帽,未使用,車的狀態,向前直行中,機車與自行車,前車頭,,,駕駛者,無號誌路口，左方車未讓右方車先行,否,120.691210,24.175663
2024,8,20240801,075000,A2,臺中市政府警察局,臺中市北屯區平順里大連路三段 / 臺中市北屯區平順里昌平路一段,晴,有照明未開啟或故障,市區道路,50,交岔路,四岔路,交叉路口,交叉路口內,柏油,乾燥,無缺陷,無障礙物,無遮蔽物,良好,無號誌,無號誌,無,無分向設施,未繪設車道線,未繪設快慢車道分隔線,無,車與車,路口交岔撞,駕駛者,無號誌路口，左方車未讓右方車先行,死亡0;受傷2,2,機車,普通重型,女,52,戴非半罩式安全帽,未使用,車的狀態,向前直行中,機車與自行車,前車頭,,,駕駛者,未依規定減速,否,120.691210,24.175663
2024,8,20240801,075200,A2,新竹縣政府警察局,新竹縣竹北市鳳岡路三段與長青路二段,晴,無照明,村里道路,20,交岔路,三岔路,交叉路口,交叉路口內,柏油,乾燥,無缺陷,無障礙物,無遮蔽物,良好,行車管制號誌,正常,行車分向線,附標記,禁止變換車道線(附標記),未繪設快慢車道分隔線,有,車與車,其他,無(車輛駕駛者因素),尚未發現肇事因素,死亡0;受傷1,1,機車,普通重型,男,35,戴半罩式安全帽,未使用,車的狀態,右轉彎,其他,無撞擊,,,無(車輛駕駛者因素),尚未發現肇事因素,否,120.963040,24.860571
2024,8,20240801,075200,A2,新竹縣政府警察局,新竹縣竹北市鳳岡路三段與長青路二段,晴,無照明,村里道路,20,交岔路,三岔路,交叉路口,交叉路口內,柏油,乾燥,無缺陷,無障礙物,無遮蔽物,良好,行車管制號誌,正常,行車分向線,附標記,禁止變換車道線(附標記),未繪設快慢車道分隔線,有,車與車,其他,無(車輛駕駛者因素),尚未發現肇事因素,死亡0;受傷1,2,機車,普通重型,女,34,戴半罩式安全帽,未使用,車的狀態,右轉彎,機車與自行車,前車頭,,,駕駛者,未保持行車安全距離,否,120.963040,24.860571
2024,8,20240801,075300,A2,臺北市政府警察局,臺北市大同區鄭州路 / 臺北市大同區環河北路1段,晴,有照明未開啟或故障,市區道路,50,交岔路,四岔路,交叉路口,交叉口附近,柏油,乾燥,無缺陷,無障礙物,無遮蔽物,良好,行車管制號誌,正常,中央分向島,寬式(50公分以上),車道線(無標記),未繪設快慢車道分隔線,無,車與車,其他,其他,其他不當駕車行為,死亡0;受傷1,1,機車,普通重型,男,45,戴半罩式安全帽,未使用,車的狀態,其他,機車與自行車,右側車身,,,其他,其他不當駕車行為,否,121.506901,25.050777
2024,8,20240801,075300,A2,臺北市政府警察局,臺北市大同區鄭州路 / 臺北市大同區環河北路1段,晴,有照明未開啟或故障,市區道路,50,交岔路,四岔路,交叉路口,交叉口附近,柏油,乾燥,無缺陷,無障礙物,無遮蔽物,良好,行車管制號誌,正常,中央分向島,寬式(50公分以上),車道線(無標記),未繪設快慢車道分隔線,無,車與車,其他,其他,其他不當駕車行為,死亡0;受傷1,2,機車,普通重型,男,42,戴半罩式安全帽,未使用,車的狀態,向前直行中,機車與自行車,左側車身,,,無(車輛駕駛者因素),尚未發現肇事因素,否,121.506901,25.050777
2024,8,20240801,075300,A2,臺北市政府警察局,臺北市大同區鄭州路 / 臺北市大同區環河北路1段,晴,有照明未開啟或故障,市區道路,50,交岔路,四岔路,交叉路口,交叉口附近,柏油,乾燥,無缺陷,無障礙物,無遮蔽物,良好,行車管制號誌,正常,中央分向島,寬式(50公分以上),車道線(無標記),未繪設快慢車道分隔線,無,車與車,其他,其他,其他不當駕車行為,死亡0;受傷1,3,機車,普通重型,男,49,戴半罩式安全帽,未使用,車的狀態,向前直行中,機車與自行車,右側車身,,,無(車輛駕駛者因素),尚未發現肇事因素,否,121.506901,25.050777
2024,8,20240801,075500,A2,彰化縣警察局,彰化縣彰化市公園路二段與卦山路口,晴,有照明未開啟或故障,市區道路,50,交岔路,三岔路,交叉路口,交叉路口內,柏油,乾燥,無缺陷,無障礙物,無遮蔽物,良好,行車管制號誌,正常,雙向禁止超車線,無標記,未繪設車道線,未繪設快慢車道分隔線,無,車與車,側撞,駕駛者,有號誌路口，轉彎車未讓直行車先行,死亡0;受傷1,1,小客車(含客、貨兩用),自用,女,24,不明,不明,車的狀態,右轉彎,汽車,右側車身,,,駕駛者,有號誌路口，轉彎車未讓直行車先行,否,120.556166,24.074424
2024,8,20240801,075500,A2,彰化縣警察局,彰化縣彰化市公園路二段與卦山路口,晴,有照明未開啟或故障,市區道路,50,交岔路,三岔路,交叉路口,交叉路口內,柏油,乾燥,無缺陷,無障礙物,無遮蔽物,良好,行車管制號誌,正常,雙向禁止超車線,無標記,未繪設車道線,未繪設快慢車道分隔線,無,車與車,側撞,駕駛者,有號誌路口，轉彎車未讓直行車先行,死亡0;受傷1,2,機車,普通重型,男,28,不明,不明,車的狀態,向前直行中,機車與自行車,左側車身,,,駕駛者,違規超車,否,120.556166,24.074424
2024,8,20240801,075500,A2,臺中市政府警察局,臺中市神岡區岸裡里岸興街 / 臺中市神岡區岸裡里岸裡一街,晴,有照明未開啟或故障,市區道路,30,交岔路,三岔路,交叉路口,交叉路口內,柏油,乾燥,無缺陷,無障礙物,無遮蔽物,良好,無號誌,無號誌,無,無分向設施,車道線(無標記),未繪設快慢車道分隔線,無,車與車,側撞,駕駛者,無號誌路口，轉彎車未讓直行車先行,死亡0;受傷1,1,小客車(含客、貨兩用),自用,女,42,繫安全帶(使用幼童安全椅),未使用,車的狀態,右轉彎,汽車,右前車頭(身),,,駕駛者,無號誌路口，轉彎車未讓直行車先行,否,120.697922,24.248271
2024,8,20240801,075500,A2,臺中市政府警察局,臺中市神岡區岸裡里岸興街 / 臺中市神岡區岸裡里岸裡一街,晴,有照明未開啟或故障,市區道路,30,交岔路,三岔路,交叉路口,交叉路口內,柏油,乾燥,無缺陷,無障礙物,無遮蔽物,良好,無號誌,無號誌,無,無分向設施,車道線(無標記),未繪設快慢車道分隔線,無,車與車,側撞,駕駛者,無號誌路口，轉彎車未讓直行車先行,死亡0;受傷1,2,機車,普通重型,男,29,戴非半罩式安全帽,未使用,車的狀態,向前直行中,機車與自行車,前車頭,,,駕駛者,未依規定減速,否,120.697922,24.248271