發生年度,發生月份,發生日期,發生時間,事故類別名稱,處理單位名稱警局層,發生地點,天候名稱,光線名稱,道路類別-第1當事者-名稱,速限-第1當事者,道路型態大類別名稱,道路型態子類別名稱,事故位置大類別名稱,事故位置子類別名稱,路面狀況-路面鋪裝名稱,路面狀況-路面狀態名稱,路面狀況-路面缺陷名稱,道路障礙-障礙物名稱,道路障礙-視距品質名稱,道路障礙-視距名稱,號誌-號誌種類名稱,號誌-號誌動作名稱,車道劃分設施-分向設施大類別名稱,車道劃分設施-分向設施子類別名稱,車道劃分設施-分道設施-快車道或一般車道間名稱,車道劃分設施-分道設施-快慢車道間名稱,車道劃分設施-分道設施-路面邊線名稱,事故類型及型態大類別名稱,事故類型及型態子類別名稱,肇因研判大類別名稱-主要,肇因研判子類別名稱-主要,死亡受傷人數,當事者順位,當事者區分-類別-大類別名稱-車種,當事者區分-類別-子類別名稱-車種,當事者屬-性-別名稱,當事者事故發生時年齡,保護裝備名稱,行動電話或電腦或其他相類功能裝置名稱,當事者行動狀態大類別名稱,當事者行動狀態子類別名稱,車輛撞擊部位大類別名稱-最初,車輛撞擊部位子類別名稱-最初,車輛撞擊部位大類別名稱-其他,車輛撞擊部位子類別名稱-其他,肇因研判大類別名稱-個別,肇因研判子類別名稱-個別,肇事逃逸類別名稱-是否肇逃,經度,緯度
2024,8,20240801,090000,A2,臺北市政府警察局,臺北市內湖區民權東路6段190巷21弄3號前0.0公尺,晴,有照明未開啟或故障,市區道路,30,交岔路,四岔路,交叉路口,交叉路口內,柏油,乾燥,無缺陷,無障礙物,無遮蔽物,良好,無號誌,無號誌,雙向禁止超車線,無標記,未繪設車道線,未繪設快慢車道分隔線,無,車與車,路口交岔撞,駕駛者,無號誌路口，支線道未讓幹線道先行,死亡0;受傷1,1,機車,普通重型,男,29,戴非半罩式安全帽,未使用,車的狀態,向前直行中,機車與自行車,前車頭,,,駕駛者,無號誌路口，支線道未讓幹線道先行,否,121.594356,25.068091
2024,8,20240801,090000,A2,臺北市政府警察局,臺北市內湖區民權東路6段190巷21弄3號前0.0公尺,晴,有照明未開啟或故障,市區道路,30,交岔路,四岔路,交叉路口,交叉路口內,柏油,乾燥,無缺陷,無障礙物,無遮蔽物,良好,無號誌,無號誌,雙向禁止超車線,無標記,未繪設車道線,未繪設快慢車道分隔線,無,車與車,路口交岔撞,駕駛者,無號誌路口，支線道未讓幹線道先行,死亡0;受傷1,2,小客車(含客、貨兩用),計程車,男,60,繫安全帶(使用幼童安全椅),未使用,車的狀態,向前直行中,汽車,左前車頭(身),,,駕駛者,未依規定減速,否,121.594356,25.068091
2024,8,20240801,090109,A2,嘉義縣警察局,嘉義縣大林鎮平林里162線與大林慈濟醫院前路口,晴,無照明,縣道,10,交岔路,三岔路,交叉路口,交叉路口內,柏油,乾燥,無缺陷,無障礙物,無遮蔽物,良好,行車管制號誌,正常,行車分向線,附標記,車道線(附標記),快慢車道分隔線,有,車與車,其他,其他,相關跡證不足且無具體影像紀錄，當事人各執一詞，經分析後無法釐清肇事原因,死亡0;受傷1,1,機車,普通重型,女,78,戴半罩式安全帽,未使用,車的狀態,向前直行中,其他,不明,其他,不明,其他,相關跡證不足且無具體影像紀錄，當事人各執一詞，經分析後無法釐清肇事原因,否,120.457299,23.595994
2024,8,20240801,090109,A2,嘉義縣警察局,嘉義縣大林鎮平林里162線與大林慈濟醫院前路口,晴,無照明,縣道,10,交岔路,三岔路,交叉路口,交叉路口內,柏油,乾燥,無缺陷,無障礙物,無遮蔽物,良好,行車管制號誌,正常,行車分向線,附標記,車道線(附標記),快慢車道分隔線,有,車與車,其他,其他,相關跡證不足且無具體影像紀錄，當事人各執一詞，經分析後無法釐清肇事原因,死亡0;受傷1,2,機車,普通重型,女,51,戴半罩式安全帽,未使用,車的狀態,起步,其他,不明,其他,不明,其他,相關跡證不足且無具體影像紀錄，當事人各執一詞，經分析後無法釐清肇事原因,否,120.457299,23.595994
2024,8,20240801,091000,A2,南投縣政府警察局,南投縣魚池鄉台21甲線 6公里,晴,無照明,省道,40,單路部分,彎曲路及附近,路段,一般車道(未劃分快慢車道),柏油,乾燥,無缺陷,無障礙物,無遮蔽物,良好,無號誌,無號誌,雙向禁止超車線,附標記,未繪設車道線,未繪設快慢車道分隔線,有,車與車,追撞,駕駛者,未保持行車安全距離,死亡0;受傷2,1,慢車,腳踏自行車,女,27,不明,未使用,車的狀態,向前直行中,機車與自行車,前車頭,,,駕駛者,未保持行車安全距離,否,120.933448,23.853912
2024,8,20240801,091000,A2,南投縣政府警察局,南投縣魚池鄉台21甲線 6公里,晴,無照明,省道,40,單路部分,彎曲路及附近,路段,一般車道(未劃分快慢車道),柏油,乾燥,無缺陷,無障礙物,無遮蔽物,良好,無號誌,無號誌,雙向禁止超車線,附標記,未繪設車道線,未繪設快慢車道分隔線,有,車與車,追撞,駕駛者,未保持行車安全距離,死亡0;受傷2,2,慢車,腳踏自行車,女,26,不明,未使用,車的狀態,向前直行中,機車與自行車,後車尾,,,其他,車輛或機械操作不當(慎),否,120.933448,23.853912
2024,8,20240801,091100,A2,臺北市政府警察局,臺北市中正區永福橋前0.0公尺,晴,有照明未開啟或故障,市區道路,50,單路部分,橋樑,路段,一般車道(未劃分快慢車道),柏油,乾燥,無缺陷,無障礙物,無遮蔽物,良好,無號誌,無號誌,雙向禁止超車線,無標記,禁止變換車道線(無標記),未繪設快慢車道分隔線,有,車與車,追撞,駕駛者,恍神、緊張、心不在焉分心駕駛,死亡0;受傷2,1,機車,普通重型,女,76,戴半罩式安全帽,未使用,車的狀態,向前直行中,機車與自行車,前車頭,,,駕駛者,恍神、緊張、心不在焉分心駕駛,否,121.528617,25.012046
2024,8,20240801,091100,A2,臺北市政府警察局,臺北市中正區永福橋前0.0公尺,晴,有照明未開啟或故障,市區道路,50,單路部分,橋樑,路段,一般車道(未劃分快慢車道),柏油,乾燥,無缺陷,無障礙物,無遮蔽物,良好,無號誌,無號誌,雙向禁止超車線,無標記,禁止變換車道線(無標記),未繪設快慢車道分隔線,有,車與車,追撞,駕駛者,恍神、緊張、心不在焉分心駕駛,死亡0;受傷2,2,機車,普通重型,女,29,戴半罩式安全帽,未使用,車的狀態,等待(引擎未熄火),機車與自行車,後車尾,,,無(車輛駕駛者因素),尚未發現肇事因素,否,121.528617,25.012046
2024,8,20240801,091100,A2,臺中市政府警察局,臺中市西屯區港尾里中清路二段 / 臺中市西屯區港尾里同榮路,晴,有照明未開啟或故障,市區道路,50,交岔路,多岔路,交叉路口,交叉路口內,柏油,乾燥,無缺陷,無障礙物,無遮蔽物,良好,行車管制號誌(附設行人專用號誌),正常,無,無分向設施,未繪設車道線,未繪設快慢車道分隔線,無,車與車,同向擦撞,駕駛者,未保持行車安全間隔,死亡0;受傷1,1,軍車,小型車,男,33,繫安全帶(使用幼童安全椅),未使用,車的狀態,向前直行中,汽車,右側車身,,,駕駛者,未保持行車安全間隔,否,120.659589,24.193073
2024,8,20240801,091100,A2,臺中市政府警察局,臺中市西屯區港尾里中清路二段 / 臺中市西屯區港尾里同榮路,晴,有照明未開啟或故障,市區道路,50,交岔路,多岔路,交叉路口,交叉路口內,柏油,乾燥,無缺陷,無障礙物,無遮蔽物,良好,行車管制號誌(附設行人專用號誌),正常,無,無分向設施,未繪設車道線,未繪設快慢車道分隔線,無,車與車,同向擦撞,駕駛者,未保持行車安全間隔,死亡0;受傷1,2,機車,普通重型,男,65,戴半罩式安全帽,未使用,車的狀態,向前直行中,機車與自行車,左側車身,,,駕駛者,未保持行車安全間隔,否,120.659589,24.193073
2024,8,20240801,091300,A2,臺中市政府警察局,臺中市北屯區舊社里旱溪西路三段 / 臺中市北屯區舊社里軍福十九路,晴,無照明,市區道路,50,交岔路,四岔路,交叉路口,交叉路口內,柏油,乾燥,無缺陷,無障礙物,無遮蔽物,良好,行車管制號誌,正常,無,無分向設施,未繪設車道線,未繪設快慢車道分隔線,無,車與車,同向擦撞,駕駛者,有號誌路口，轉彎車未讓直行車先行,死亡0;受傷1,1,小客車(含客、貨兩用),自用,女,36,不明,不明,車的狀態,右轉彎,汽車,右前車頭(身),,,駕駛者,有號誌路口，轉彎車未讓直行車先行,否,120.709921,24.180110
2024,8,20240801,091300,A2,臺中市政府警察局,臺中市北屯區舊社里旱溪西路三段 / 臺中市北屯區舊社里軍福十九路,晴,無照明,市區道路,50,交岔路,四岔路,交叉路口,交叉路口內,柏油,乾燥,無缺陷,無障礙物,無遮蔽物,良好,行車管制號誌,正常,無,無分向設施,未繪設車道線,未繪設快慢車道分隔線,無,車與車,同向擦撞,駕駛者,有號誌路口，轉彎車未讓直行車先行,死亡0;受傷1,2,機車,普通重型,男,21,不明,不明,車的狀態,向前直行中,機車與自行車,左側車身,,,駕駛者,未依規定減速,否,120.709921,24.180110
2024,8,20240801,091900,A2,臺中市政府警察局,臺中市北區錦祥里雙十路二段 / 臺中市北區錦祥里育樂街,晴,有照明未開啟或故障,市區道路,50,交岔路,三岔路,交叉路口,交叉路口內,柏油,乾燥,無缺陷,無障礙物,無遮蔽物,良好,行車管制號誌,正常,無,無分向設施,未繪設車道線,未繪設快慢車道分隔線,無,車與車,側撞,駕駛者,闖紅燈直行,死亡0;受傷1,1,機車,普通重型,女,75,戴非半罩式安全帽,未使用,車的狀態,向前直行中,機車與自行車,前車頭,,,駕駛者,闖紅燈直行,否,120.690920,24.157904
2024,8,20240801,091900,A2,臺中市政府警察局,臺中市北區錦祥里雙十路二段 / 臺中市北區錦祥里育樂街,晴,有照明未開啟或故障,市區道路,50,交岔路,三岔路,交叉路口,交叉路口內,柏油,乾燥,無缺陷,無障礙物,無遮蔽物,良好,行車管制號誌,正常,無,無分向設施,未繪設車道線,未繪設快慢車道分隔線,無,車與車,側撞,駕駛者,闖紅燈直行,死亡0;受傷1,2,小客車(含客、貨兩用),自用,女,40,繫安全帶(使用幼童安全椅),未使用,車的狀態,左轉彎,汽車,左後車尾(身),,,無(車輛駕駛者因素),尚未發現肇事因素,否,120.690920,24.157904
2024,8,20240801,091900,A2,臺北市政府警察局,臺北市中山區市民大道2段 / 臺北市中山區長安東路1段,晴,無照明,市區道路,40,交岔路,三岔路,交叉路口,交叉路口內,柏油,乾燥,無缺陷,無障礙物,無遮蔽物,良好,行車管制號誌,正常,中央分向島,寬式(50公分以上),車道線(無標記),未繪設快慢車道分隔線,無,車與車,側撞,駕駛者,右轉彎未依規定,死亡0;受傷3,1,機車,普通重型,女,32,戴半罩式安全帽,未使用,車的狀態,右轉彎,機車與自行車,右側車身,,,駕駛者,右轉彎未依規定,否,121.527800,25.047048
2024,8,20240801,091900,A2,臺北市政府警察局,臺北市中山區市民大道2段 / 臺北市中山區長安東路1段,晴,無照明,市區道路,40,交岔路,三岔路,交叉路口,交叉路口內,柏油,乾燥,無缺陷,無障礙物,無遮蔽物,良好,行車管制號誌,正常,中央分向島,寬式(50公分以上),車道線(無標記),未繪設快慢車道分隔線,無,車與車,側撞,駕駛者,右轉彎未依規定,死亡0;受傷3,2,機車,普通重型,男,33,戴半罩式安全帽,未使用,車的狀態,向前直行中,機車與自行車,前車頭,,,駕駛者,未依規定減速,否,121.527800,25.047048
2024,8,20240801,091900,A2,臺北市政府警察局,臺北市中山區市民大道2段 / 臺北市中山區長安東路1段,晴,無照明,市區道路,40,交岔路,三岔路,交叉路口,交叉路口內,柏油,乾燥,無缺陷,無障礙物,無遮蔽物,良好,行車管制號誌,正常,中央分向島,寬式(50公分以上),車道線(無標記),未繪設快慢車道分隔線,無,車與車,側撞,駕駛者,右轉彎未依規定,死亡0;受傷3,3,人,乘客,女,32,戴半罩式安全帽,非駕駛人,人的狀態,靜立(止),其他,非汽、機及自行車,,,無(非車輛駕駛人因素),尚未發現肇事因素,否,121.527800,25.047048
2024,8,20240801,092000,A2,臺中市政府警察局,臺中市烏日區三和里三榮路一段 / 臺中市烏日區三和里高鐵東路,晴,有照明未開啟或故障,市區道路,50,單路部分,直路,路段,一般車道(未劃分快慢車道),柏油,乾燥,無缺陷,無障礙物,無遮蔽物,良好,行車管制號誌(附設行人專用號誌),正常,雙向禁止超車線,無標記,車道線(無標記),未繪設快慢車道分隔線,無,車與車,追撞,駕駛者,未保持行車安全距離,死亡0;受傷1,1,慢車,腳踏自行車,男,17,未戴安全帽或未繫安全帶(未使用幼童安全椅),未使用,車的狀態,向前直行中,機車與自行車,前車頭,,,駕駛者,未保持行車安全距離,否,120.612537,24.105124
2024,8,20240801,092000,A2,臺中市政府警察局,臺中市烏日區三和里三榮路一段 / 臺中市烏日區三和里高鐵東路,晴,有照明未開啟或故障,市區道路,50,單路部分,直路,路段,一般車道(未劃分快慢車道),柏油,乾燥,無缺陷,無障礙物,無遮蔽物,良好,行車管制號誌(附設行人專用號誌),正常,雙向禁止超車線,無標記,車道線(無標記),未繪設快慢車道分隔線,無,車與車,追撞,駕駛者,未保持行車安全距離,死亡0;受傷1,2,小客車(含客、貨兩用),自用,女,41,繫安全帶(使用幼童安全椅),未使用,車的狀態,等待(引擎未熄火),汽車,右後車尾(身),,,無(車輛駕駛者因素),尚未發現肇事因素,否,120.612537,24.105124
2024,8,20240801,092100,A2,新竹市警察局,新竹市北區中興路與中福路,晴,有照明未開啟或故障,市區道路,50,交岔路,三岔路,交叉路口,交叉路口內,柏油,乾燥,無缺陷,無障礙物,無遮蔽物,良好,無號誌,無號誌,雙向禁止超車線,無標記,未繪設車道線,未繪設快慢車道分隔線,有,車與車,側撞,駕駛者,其他未依規定讓車,死亡0;受傷1,1,小客車(含客、貨兩用),自用,男,64,繫安全帶(使用幼童安全椅),未使用,車的狀態,右轉彎,汽車,左前車頭(身),其他,無撞擊,駕駛者,其他未依規定讓車,否,120.933341,24.840541
2024,8,20240801,092100,A2,新竹市警察局,新竹市北區中興路與中福路,晴,有照明未開啟或故障,市區道路,50,交岔路,三岔路,交叉路口,交叉路口內,柏油,乾燥,無缺陷,無障礙物,無遮蔽物,良好,無號誌,無號誌,雙向禁止超車線,無標記,未繪設車道線,未繪設快慢車道分隔線,有,車與車,側撞,駕駛者,其他未依規定讓車,死亡0;受傷1,2,機車,普通重型,男,38,戴半罩式安全帽,未使用,車的狀態,向前直行中,機車與自行車,前車頭,機車與自行車,右側車身,駕駛者,未依規定減速,否,120.933341,24.840541
2024,8,20240801,092200,A2,臺中市政府警察局,臺中市沙鹿區鹿寮里中山路 / 臺中市沙鹿區鹿寮里中山路,晴,無照明,市區道路,50,交岔路,四岔路,交叉路口,交叉口附近,柏油,乾燥,無缺陷,無障礙物,無遮蔽物,良好,閃光號誌,正常,中央分向島,窄式無柵欄,車道線(無標記),快慢車道分隔線,無,車與車,側撞,駕駛者,未保持行車安全間隔,死亡0;受傷1,1,機車,普通重型,男,18,戴非半罩式安全帽,未使用,車的狀態,超車(含超越),機車與自行車,右側車身,,,駕駛者,未保持行車安全間隔,否,120.562782,24.246949
2024,8,20240801,092200,A2,臺中市政府警察局,臺中市沙鹿區鹿寮里中山路 / 臺中市沙鹿區鹿寮里中山路,晴,無照明,市區道路,50,交岔路,四岔路,交叉路口,交叉口附近,柏油,乾燥,無缺陷,無障礙物,無遮蔽物,良好,閃光號誌,正常,中央分向島,窄式無柵欄,車道線(無標記),快慢車道分隔線,無,車與車,側撞,駕駛者,未保持行車安全間隔,死亡0;受傷1,2,機車,普通重型,女,73,戴非半罩式安全帽,未使用,車的狀態,向前直行中,機車與自行車,左側車身,,,無(車輛駕駛者因素),尚未發現肇事因素,否,120.562782,24.246949
2024,8,20240801,093000,A2,臺北市政府警察局,臺北市大安區金山南路2段 / 臺北市大安區愛國東路附近,晴,有照明未開啟或故障,市區道路,50,交岔路,四岔路,交叉路口,交叉口附近,柏油,乾燥,無缺陷,無障礙物,無遮蔽物,良好,行車管制號誌(附設行人專用號誌),正常,無,無分向設施,未繪設車道線,未繪設快慢車道分隔線,無,車與車,追撞,駕駛者,恍神、緊張、心不在焉分心駕駛,死亡0;受傷1,1,機車,普通重型,男,27,戴非半罩式安全帽,不明,車的狀態,向前直行中,機車與自行車,前車頭,,,駕駛者,恍神、緊張、心不在焉分心駕駛,否,121.526716,25.031431
2024,8,20240801,093000,A2,臺北市政府警察局,臺北市大安區金山南路2段 / 臺北市大安區愛國東路附近,晴,有照明未開啟或故障,市區道路,50,交岔路,四岔路,交叉路口,交叉口附近,柏油,乾燥,無缺陷,無障礙物,無遮蔽物,良好,行車管制號誌(附設行人專用號誌),正常,無,無分向設施,未繪設車道線,未繪設快慢車道分隔線,無,車與車,追撞,駕駛者,恍神、緊張、心不在焉分心駕駛,死亡0;受傷1,2,機車,普通重型,女,31,戴非半罩式安全帽,不明,車的狀態,向前直行中,機車與自行車,後車尾,,,無(車輛駕駛者因素),尚未發現肇事因素,否,121.526716,25.031431
2024,8,20240801,093000,A2,臺中市政府警察局,臺中市北區錦祥里進化路 / 臺中市北區錦祥里興進路,晴,有照明未開啟或故障,市區道路,50,交岔路,四岔路,交叉路口,交叉路口內,柏油,乾燥,無缺陷,無障礙物,無遮蔽物,良好,行車管制號誌,正常,雙向禁止超車線,無標記,車道線(無標記),未繪設快慢車道分隔線,無,車與車,其他,駕駛者,左轉彎未依規定,死亡0;受傷1,1,大貨車,自用,男,62,不明,未使用,車的狀態,左轉彎,汽車,右後車尾(身),,,駕駛者,左轉彎未依規定,否,120.694326,24.155623
2024,8,20240801,093000,A2,臺中市政府警察局,臺中市北區錦祥里進化路 / 臺中市北區錦祥里興進路,晴,有照明未開啟或故障,市區道路,50,交岔路,四岔路,交叉路口,交叉路口內,柏油,乾燥,無缺陷,無障礙物,無遮蔽物,良好,行車管制號誌,正常,雙向禁止超車線,無標記,車道線(無標記),未繪設快慢車道分隔線,無,車與車,其他,駕駛者,左轉彎未依規定,死亡0;受傷1,2,機車,普通重型,女,31,不明,未使用,車的狀態,向前直行中,機車與自行車,前車頭,,,駕駛者,恍神、緊張、心不在焉分心駕駛,否,120.694326,24.155623
2024,8,20240801,094400,A2,臺中市政府警察局,臺中市沙鹿區興仁里鎮南路二段633號前0.0公尺,晴,有照明未開啟或故障,市區道路,50,交岔路,四岔路,交叉路口,交叉口附近,柏油,乾燥,無缺陷,無障礙物,無遮蔽物,良好,行車管制號誌,正常,中央分向島,窄式無柵欄,車道線(附標記),窄式快慢車道分隔島(無柵欄),有,人與車,其他,駕駛者,恍神、緊張、心不在焉分心駕駛,死亡0;受傷1,1,小客車(含客、貨兩用),自用,女,47,不明,不明,車的狀態,迴轉或橫越道路中,汽車,前車頭,,,駕駛者,恍神、緊張、心不在焉分心駕駛,否,120.559030,24.234489
2024,8,20240801,094400,A2,臺中市政府警察局,臺中市沙鹿區興仁里鎮南路二段633號前0.0公尺,晴,有照明未開啟或故障,市區道路,50,交岔路,四岔路,交叉路口,交叉口附近,柏油,乾燥,無缺陷,無障礙物,無遮蔽物,良好,行車管制號誌,正常,中央分向島,窄式無柵欄,車道線(附標記),窄式快慢車道分隔島(無柵欄),有,人與車,其他,駕駛者,恍神、緊張、心不在焉分心駕駛,死亡0;受傷1,2,人,輔助代步器材,女,87,其他(無需使用保護裝備之人),非駕駛人,人的狀態,其他,其他,非汽、機及自行車,,,非駕駛者,其他引起事故之疏失或行為,否,120.559030,24.234489
2024,8,20240801,094500,A2,臺北市政府警察局,臺北市文山區指南路3段115-8號前0.0公尺附近,晴,無照明,市區道路,30,單路部分,直路,路段,一般車道(未劃分快慢車道),柏油,乾燥,無缺陷,無障礙物,無遮蔽物,良好,無號誌,無號誌,無,無分向設施,未繪設車道線,未繪設快慢車道分隔線,無,車與車,對撞,駕駛者,恍神、緊張、心不在焉分心駕駛,死亡0;受傷1,1,機車,普通重型,男,64,戴半罩式安全帽,未使用,車的狀態,向前直行中,機車與自行車,前車頭,,,駕駛者,恍神、緊張、心不在焉分心駕駛,否,121.583090,24.977697
2024,8,20240801,094500,A2,臺北市政府警察局,臺北市文山區指南路3段115-8號前0.0公尺附近,晴,無照明,市區道路,30,單路部分,直路,路段,一般車道(未劃分快慢車道),柏油,乾燥,無缺陷,無障礙物,無遮蔽物,良好,無號誌,無號誌,無,無分向設施,未繪設車道線,未繪設快慢車道分隔線,無,車與車,對撞,駕駛者,恍神、緊張、心不在焉分心駕駛,死亡0;受傷1,2,小客車(含客、貨兩用),自用,男,74,繫安全帶(使用幼童安全椅),未使用,車的狀態,向前直行中,汽車,左前車頭(身),,,無(車輛駕駛者因素),尚未發現肇事因素,否,121.583090,24.977697
2024,8,20240801,094700,A2,臺北市政府警察局,臺北市大安區忠孝東路3段46號前0.0公尺,晴,有照明未開啟或故障,市區道路,50,單路部分,直路,路段,一般車道(未劃分快慢車道),柏油,乾燥,無缺陷,無障礙物,無遮蔽物,良好,無號誌,無號誌,中央分向島,寬式(50公分以上),車道線(無標記),未繪設快慢車道分隔線,無,車與車,其他,無(車輛駕駛者因素),尚未發現肇事因素,死亡0;受傷1,1,機車,普通重型,男,24,戴非半罩式安全帽,未使用,車的狀態,向前直行中,機車與自行車,前車頭,,,無(車輛駕駛者因素),尚未發現肇事因素,否,121.534793,25.041938
2024,8,20240801,094700,A2,臺北市政府警察局,臺北市大安區忠孝東路3段46號前0.0公尺,晴,有照明未開啟或故障,市區道路,50,單路部分,直路,路段,一般車道(未劃分快慢車道),柏油,乾燥,無缺陷,無障礙物,無遮蔽物,良好,無號誌,無號誌,中央分向島,寬式(50公分以上),車道線(無標記),未繪設快慢車道分隔線,無,車與車,其他,無(車輛駕駛者因素),尚未發現肇事因素,死亡0;受傷1,2,小客車(含客、貨兩用),自用,女,37,繫安全帶(使用幼童安全椅),未使用,車的狀態,等待(引擎未熄火),汽車,右後車尾(身),,,無(車輛駕駛者因素),尚未發現肇事因素,否,121.534793,25.041938
2024,8,20240801,094800,A2,臺中市政府警察局,臺中市中區綠川里綠川西街 / 臺中市中區綠川里民權路,晴,有照明未開啟或故障,市區道路,30,交岔路,四岔路,交叉路口,交叉路口內,柏油,乾燥,無缺陷,無障礙物,無遮蔽物,良好,無號誌,無號誌,無,無分向設施,未繪設車道線,未繪設快慢車道分隔線,無,車與車,路口交岔撞,駕駛者,無號誌路口，左方車未讓右方車先行,死亡0;受傷2,1,機車,普通重型,男,32,戴非半罩式安全帽,未使用,車的狀態,向前直行中,機車與自行車,前車頭,,,駕駛者,無號誌路口，左方車未讓右方車先行,否,120.681528,24.137225
2024,8,20240801,094800,A2,臺中市政府警察局,臺中市中區綠川里綠川西街 / 臺中市中區綠川里民權路,晴,有照明未開啟或故障,市區道路,30,交岔路,四岔路,交叉路口,交叉路口內,柏油,乾燥,無缺陷,無障礙物,無遮蔽物,良好,無號誌,無號誌,無,無分向設施,未繪設車道線,未繪設快慢車道分隔線,無,車與車,路口交岔撞,駕駛者,無號誌路口，左方車未讓右方車先行,死亡0;受傷2,2,機車,普通重型,女,36,戴非半罩式安全帽,未使用,車的狀態,向前直行中,機車與自行車,前車頭,,,駕駛者,未依規定減速,否,120.681528,24.137225
2024,8,20240801,094841,A2,南投縣政府警察局,南投縣草屯鎮新庄里芬草路2段附近 / 南投縣草屯鎮新庄里芬草路2段口,晴,有照明未開啟或故障,省道,70,交岔路,四岔路,交叉路口,交叉路口內,柏油,乾燥,無缺陷,無障礙物,無遮蔽物,良好,行車管制號誌,正常,中央分向島,寬式(50公分以上),車道線(無標記),快慢車道分隔線,有,車與車,側撞,駕駛者,左轉彎未依規定,死亡0;受傷1,1,機車,普通重型,女,66,戴非半罩式安全帽,未使用,車的狀態,左轉彎,機車與自行車,前車頭,,,駕駛者,左轉彎未依規定,否,120.664210,23.996231
2024,8,20240801,094841,A2,南投縣政府警察局,南投縣草屯鎮新庄里芬草路2段附近 / 南投縣草屯鎮新庄里芬草路2段口,晴,有照明未開啟或故障,省道,70,交岔路,四岔路,交叉路口,交叉路口內,柏油,乾燥,無缺陷,無障礙物,無遮蔽物,良好,行車管制號誌,正常,中央分向島,寬式(50公分以上),車道線(無標記),快慢車道分隔線,有,車與車,側撞,駕駛者,左轉彎未依規定,死亡0;受傷1,2,小貨車,自用,男,28,繫安全帶(使用幼童安全椅),未使用,車的狀態,向前直行中,汽車,右前車頭(身),,,無(車輛駕駛者因素),尚未發現肇事因素,否,120.664210,23.996231
2024,8,20240801,094900,A2,臺北市政府警察局,臺北市內湖區民權東路6段46巷前0.0公尺,晴,有照明且開啟,市區道路,50,單路部分,涵洞,路段,一般車道(未劃分快慢車道),柏油,乾燥,無缺陷,無障礙物,無遮蔽物,良好,無號誌,無號誌,中央分向島,寬式(50公分以上),車道線(無標記),快慢車道分隔線,無,車與車,同向擦撞,駕駛者,未保持行車安全距離,死亡0;受傷1,1,機車,普通重型,男,35,戴非半罩式安全帽,未使用,車的狀態,向左變換車道,其他,無撞擊,,,駕駛者,未保持行車安全距離,否,121.582050,25.068085
2024,8,20240801,094900,A2,臺北市政府警察局,臺北市內湖區民權東路6段46巷前0.0公尺,晴,有照明且開啟,市區道路,50,單路部分,涵洞,路段,一般車道(未劃分快慢車道),柏油,乾燥,無缺陷,無障礙物,無遮蔽物,良好,無號誌,無號誌,中央分向島,寬式(50公分以上),車道線(無標記),快慢車道分隔線,無,車與車,同向擦撞,駕駛者,未保持行車安全距離,死亡0;受傷1,2,機車,普通重型,女,53,戴非半罩式安全帽,未使用,車的狀態,急減速或急停止,其他,不明,,,無(車輛駕駛者因素),尚未發現肇事因素,否,121.582050,25.068085
2024,8,20240801,094900,A2,臺北市政府警察局,臺北市內湖區民權東路6段46巷前0.0公尺,晴,有照明且開啟,市區道路,50,單路部分,涵洞,路段,一般車道(未劃分快慢車道),柏油,乾燥,無缺陷,無障礙物,無遮蔽物,良好,無號誌,無號誌,中央分向島,寬式(50公分以上),車道線(無標記),快慢車道分隔線,無,車與車,同向擦撞,駕駛者,未保持行車安全距離,死亡0;受傷1,3,小客車(含客、貨兩用),自用,男,47,繫安全帶(使用幼童安全椅),未使用,車的狀態,向前直行中,汽車,右前車頭(身),,,其他,因光線、視線遮蔽致生事故,否,121.582050,25.068085
2024,8,20240801,095100,A2,臺中市政府警察局,臺中市西屯區大鵬里中平路246號前0.0公尺,晴,無照明,市區道路,50,單路部分,彎曲路及附近,路段,快車道,柏油,乾燥,無缺陷,無障礙物,無遮蔽物,良好,無號誌,無號誌,中央分向島,寬式(50公分以上),未繪設車道線,快慢車道分隔線,無,車輛本身,撞交通島,其他,其他不當駕車行為,死亡0;受傷1,1,小客車(含客、貨兩用),自用,女,41,繫安全帶(使用幼童安全椅),未使用,車的狀態,向前直行中,汽車,前車頭,,,其他,其他不當駕車行為,否,120.664557,24.176366
2024,8,20240801,095100,A2,臺中市政府警察局,臺中市西屯區大鵬里中平路246號前0.0公尺,晴,無照明,市區道路,50,單路部分,彎曲路及附近,路段,快車道,柏油,乾燥,無缺陷,無障礙物,無遮蔽物,良好,無號誌,無號誌,中央分向島,寬式(50公分以上),未繪設車道線,快慢車道分隔線,無,車輛本身,撞交通島,其他,其他不當駕車行為,死亡0;受傷1,2,,,無或物(動物、堆置物),0,,,,,,,,,無(非車輛駕駛人因素),尚未發現肇事因素,否,120.664557,24.176366
2024,8,20240801,095500,A2,苗栗縣警察局,苗栗縣苗栗市北苗里北安街口 / 苗栗縣苗栗市華民街,晴,有照明未開啟或故障,市區道路,30,交岔路,四岔路,交叉路口,交叉路口內,柏油,乾燥,無缺陷,無障礙物,有遮蔽物,彎道,無號誌,無號誌,無,無分向設施,未繪設車道線,未繪設快慢車道分隔線,有,車與車,路口交岔撞,駕駛者,無號誌路口，支線道未讓幹線道先行,死亡0;受傷1,1,小貨車,自用,男,31,不明,不明,車的狀態,向前直行中,汽車,右後車尾(身),,,駕駛者,無號誌路口，支線道未讓幹線道先行,否,120.816523,24.564561