發生年度,發生月份,發生日期,發生時間,事故類別名稱,處理單位名稱警局層,發生地點,天候名稱,光線名稱,道路類別-第1當事者-名稱,速限-第1當事者,道路型態大類別名稱,道路型態子類別名稱,事故位置大類別名稱,事故位置子類別名稱,路面狀況-路面鋪裝名稱,路面狀況-路面狀態名稱,路面狀況-路面缺陷名稱,道路障礙-障礙物名稱,道路障礙-視距品質名稱,道路障礙-視距名稱,號誌-號誌種類名稱,號誌-號誌動作名稱,車道劃分設施-分向設施大類別名稱,車道劃分設施-分向設施子類別名稱,車道劃分設施-分道設施-快車道或一般車道間名稱,車道劃分設施-分道設施-快慢車道間名稱,車道劃分設施-分道設施-路面邊線名稱,事故類型及型態大類別名稱,事故類型及型態子類別名稱,肇因研判大類別名稱-主要,肇因研判子類別名稱-主要,死亡受傷人數,當事者順位,當事者區分-類別-大類別名稱-車種,當事者區分-類別-子類別名稱-車種,當事者屬-性-別名稱,當事者事故發生時年齡,保護裝備名稱,行動電話或電腦或其他相類功能裝置名稱,當事者行動狀態大類別名稱,當事者行動狀態子類別名稱,車輛撞擊部位大類別名稱-最初,車輛撞擊部位子類別名稱-最初,車輛撞擊部位大類別名稱-其他,車輛撞擊部位子類別名稱-其他,肇因研判大類別名稱-個別,肇因研判子類別名稱-個別,肇事逃逸類別名稱-是否肇逃,經度,緯度
2024,8,20240801,105500,A2,臺中市政府警察局,臺中市大肚區王田里王福街 / 臺中市大肚區王田里王福街,晴,有照明未開啟或故障,市區道路,30,交岔路,三岔路,交叉路口,交叉路口內,柏油,乾燥,無缺陷,無障礙物,有遮蔽物,建築物,無號誌,無號誌,無,無分向設施,未繪設車道線,未繪設快慢車道分隔線,無,車與車,側撞,駕駛者,無號誌路口，轉彎車未讓直行車先行,死亡0;受傷2,3,小貨車,自用,男,28,不明,未使用,車的狀態,靜止(引擎熄火),其他,無撞擊,,,其他,違規(臨時)停車,否,120.579451,24.120549
2024,8,20240801,105900,A2,臺中市政府警察局,臺中市北區中正里臺灣大道一段 / 臺中市北區中正里福龍街,晴,有照明未開啟或故障,市區道路,50,交岔路,四岔路,交叉路口,交叉路口內,柏油,乾燥,無缺陷,無障礙物,無遮蔽物,良好,無號誌,無號誌,無,無分向設施,未繪設車道線,未繪設快慢車道分隔線,無,車與車,側撞,駕駛者,違反二段式左(右)轉標誌(線),死亡0;受傷1,1,機車,普通重型,男,38,戴非半罩式安全帽,未使用,車的狀態,左轉彎,機車與自行車,後車尾,,,駕駛者,違反二段式左(右)轉標誌(線),否,120.674126,24.147125
2024,8,20240801,105900,A2,臺中市政府警察局,臺中市北區中正里臺灣大道一段 / 臺中市北區中正里福龍街,晴,有照明未開啟或故障,市區道路,50,交岔路,四岔路,交叉路口,交叉路口內,柏油,乾燥,無缺陷,無障礙物,無遮蔽物,良好,無號誌,無號誌,無,無分向設施,未繪設車道線,未繪設快慢車道分隔線,無,車與車,側撞,駕駛者,違反二段式左(右)轉標誌(線),死亡0;受傷1,2,小貨車,自用,男,77,繫安全帶(使用幼童安全椅),未使用,車的狀態,向前直行中,汽車,左前車頭(身),,,其他,其他不當駕車行為,否,120.674126,24.147125
2024,8,20240801,110000,A2,臺北市政府警察局,臺北市中山區中山北路2段153號前0.0公尺,晴,無照明,市區道路,50,單路部分,直路,路段,一般車道(未劃分快慢車道),柏油,乾燥,無缺陷,無障礙物,無遮蔽物,良好,無號誌,無號誌,中央分向島,寬式(50公分以上),車道線(無標記),未繪設快慢車道分隔線,無,車與車,追撞,駕駛者,恍神、緊張、心不在焉分心駕駛,死亡0;受傷3,1,小客車(含客、貨兩用),計程車,女,48,不明,不明,車的狀態,向前直行中,汽車,右前車頭(身),,,駕駛者,恍神、緊張、心不在焉分心駕駛,否,121.522982,25.062138
2024,8,20240801,110000,A2,臺北市政府警察局,臺北市中山區中山北路2段153號前0.0公尺,晴,無照明,市區道路,50,單路部分,直路,路段,一般車道(未劃分快慢車道),柏油,乾燥,無缺陷,無障礙物,無遮蔽物,良好,無號誌,無號誌,中央分向島,寬式(50公分以上),車道線(無標記),未繪設快慢車道分隔線,無,車與車,追撞,駕駛者,恍神、緊張、心不在焉分心駕駛,死亡0;受傷3,2,機車,普通重型,男,42,戴非半罩式安全帽,不明,車的狀態,等待(引擎未熄火),機車與自行車,後車尾,,,無(車輛駕駛者因素),尚未發現肇事因素,否,121.522982,25.062138
2024,8,20240801,110000,A2,臺北市政府警察局,臺北市中山區中山北路2段153號前0.0公尺,晴,無照明,市區道路,50,單路部分,直路,路段,一般車道(未劃分快慢車道),柏油,乾燥,無缺陷,無障礙物,無遮蔽物,良好,無號誌,無號誌,中央分向島,寬式(50公分以上),車道線(無標記),未繪設快慢車道分隔線,無,車與車,追撞,駕駛者,恍神、緊張、心不在焉分心駕駛,死亡0;受傷3,3,機車,普通重型,男,28,戴非半罩式安全帽,不明,車的狀態,等待(引擎未熄火),機車與自行車,左側車身,,,無(車輛駕駛者因素),尚未發現肇事因素,否,121.522982,25.062138
2024,8,20240801,110000,A2,臺北市政府警察局,臺北市中山區中山北路2段153號前0.0公尺,晴,無照明,市區道路,50,單路部分,直路,路段,一般車道(未劃分快慢車道),柏油,乾燥,無缺陷,無障礙物,無遮蔽物,良好,無號誌,無號誌,中央分向島,寬式(50公分以上),車道線(無標記),未繪設快慢車道分隔線,無,車與車,追撞,駕駛者,恍神、緊張、心不在焉分心駕駛,死亡0;受傷3,4,人,乘客,女,26,戴非半罩式安全帽,非駕駛人,人的狀態,其他,其他,非汽、機及自行車,,,無(非車輛駕駛人因素),尚未發現肇事因素,否,121.522982,25.062138
2024,8,20240801,110216,A2,屏東縣政府警察局,屏東縣東港鎮中正路一段與沿海路口,晴,無照明,市區道路,50,交岔路,四岔路,交叉路口,交叉路口內,柏油,乾燥,無缺陷,無障礙物,無遮蔽物,良好,行車管制號誌,正常,中央分向島,寬式(50公分以上),未繪設車道線,未繪設快慢車道分隔線,有,車與車,側撞,駕駛者,右轉彎未依規定,死亡0;受傷1,1,機車,普通重型,男,50,戴半罩式安全帽,未使用,車的狀態,右轉彎,機車與自行車,右側車身,,,駕駛者,右轉彎未依規定,否,120.457105,22.473067
2024,8,20240801,110216,A2,屏東縣政府警察局,屏東縣東港鎮中正路一段與沿海路口,晴,無照明,市區道路,50,交岔路,四岔路,交叉路口,交叉路口內,柏油,乾燥,無缺陷,無障礙物,無遮蔽物,良好,行車管制號誌,正常,中央分向島,寬式(50公分以上),未繪設車道線,未繪設快慢車道分隔線,有,車與車,側撞,駕駛者,右轉彎未依規定,死亡0;受傷1,2,機車,普通重型,女,51,戴半罩式安全帽,未使用,車的狀態,向前直行中,機車與自行車,左側車身,,,無(車輛駕駛者因素),尚未發現肇事因素,否,120.457105,22.473067
2024,8,20240801,110600,A2,臺北市政府警察局,臺北市北投區文林北路216號前0.0公尺,晴,有照明未開啟或故障,市區道路,50,單路部分,直路,路段,快車道,柏油,乾燥,無缺陷,無障礙物,無遮蔽物,良好,無號誌,無號誌,中央分向島,寬式(50公分以上),車道線(無標記),快慢車道分隔線,無,車與車,追撞,駕駛者,未保持行車安全距離,死亡0;受傷1,1,機車,普通重型,男,60,戴半罩式安全帽,未使用,車的狀態,向前直行中,機車與自行車,前車頭,,,駕駛者,未保持行車安全距離,否,121.514771,25.107685
2024,8,20240801,110600,A2,臺北市政府警察局,臺北市北投區文林北路216號前0.0公尺,晴,有照明未開啟或故障,市區道路,50,單路部分,直路,路段,快車道,柏油,乾燥,無缺陷,無障礙物,無遮蔽物,良好,無號誌,無號誌,中央分向島,寬式(50公分以上),車道線(無標記),快慢車道分隔線,無,車與車,追撞,駕駛者,未保持行車安全距離,死亡0;受傷1,2,小客車(含客、貨兩用),自用,男,60,繫安全帶(使用幼童安全椅),未使用,車的狀態,向右變換車道,汽車,後車尾,,,無(車輛駕駛者因素),尚未發現肇事因素,否,121.514771,25.107685
2024,8,20240801,111020,A2,宜蘭縣政府警察局,宜蘭縣冬山鄉成興路810號前0.0公尺,晴,有照明未開啟或故障,村里道路,40,單路部分,直路,路段,一般車道(未劃分快慢車道),柏油,乾燥,無缺陷,無障礙物,無遮蔽物,良好,行車管制號誌,正常,行車分向線,附標記,車道線(附標記),未繪設快慢車道分隔線,有,車與車,同向擦撞,駕駛者,變換車道不當,死亡0;受傷1,1,慢車,腳踏自行車,女,80,未戴安全帽或未繫安全帶(未使用幼童安全椅),未使用,車的狀態,向右變換車道,機車與自行車,後車尾,,,駕駛者,變換車道不當,否,121.813577,24.643556
2024,8,20240801,111020,A2,宜蘭縣政府警察局,宜蘭縣冬山鄉成興路810號前0.0公尺,晴,有照明未開啟或故障,村里道路,40,單路部分,直路,路段,一般車道(未劃分快慢車道),柏油,乾燥,無缺陷,無障礙物,無遮蔽物,良好,行車管制號誌,正常,行車分向線,附標記,車道線(附標記),未繪設快慢車道分隔線,有,車與車,同向擦撞,駕駛者,變換車道不當,死亡0;受傷1,2,機車,普通重型,男,18,戴半罩式安全帽,未使用,車的狀態,超車(含超越),機車與自行車,前車頭,,,駕駛者,未保持行車安全距離,否,121.813577,24.643556
2024,8,20240801,111100,A2,臺中市政府警察局,臺中市西屯區大鵬里中清西二街 / 臺中市西屯區大鵬里中清西二街,晴,有照明未開啟或故障,市區道路,50,單路部分,直路,路段,一般車道(未劃分快慢車道),柏油,乾燥,無缺陷,無障礙物,無遮蔽物,良好,無號誌,無號誌,無,無分向設施,未繪設車道線,未繪設快慢車道分隔線,有,車與車,倒車撞,駕駛者,倒車未依規定,死亡0;受傷1,1,小客車(含客、貨兩用),自用,女,43,繫安全帶(使用幼童安全椅),未使用,車的狀態,倒車,汽車,後車尾,,,駕駛者,倒車未依規定,否,120.665777,24.175484
2024,8,20240801,111100,A2,臺中市政府警察局,臺中市西屯區大鵬里中清西二街 / 臺中市西屯區大鵬里中清西二街,晴,有照明未開啟或故障,市區道路,50,單路部分,直路,路段,一般車道(未劃分快慢車道),柏油,乾燥,無缺陷,無障礙物,無遮蔽物,良好,無號誌,無號誌,無,無分向設施,未繪設車道線,未繪設快慢車道分隔線,有,車與車,倒車撞,駕駛者,倒車未依規定,死亡0;受傷1,2,機車,普通重型,女,29,戴半罩式安全帽,未使用,車的狀態,等待(引擎未熄火),機車與自行車,右側車身,,,無(車輛駕駛者因素),尚未發現肇事因素,否,120.665777,24.175484
2024,8,20240801,111258,A2,南投縣政府警察局,南投縣魚池鄉台21線61.7公里處,晴,無照明,縣道,40,單路部分,彎曲路及附近,路段,一般車道(未劃分快慢車道),柏油,泥濘,無缺陷,無障礙物,無遮蔽物,良好,無號誌,無號誌,雙向禁止超車線,附標記,未繪設車道線,未繪設快慢車道分隔線,有,車與車,其他,其他,車輛或機械操作不當(慎),死亡0;受傷1,1,機車,大型重型1(550C.C.以上),男,33,不明,不明,車的狀態,向前直行中,機車與自行車,左側車身,,,其他,車輛或機械操作不當(慎),否,120.914565,23.865305
2024,8,20240801,111258,A2,南投縣政府警察局,南投縣魚池鄉台21線61.7公里處,晴,無照明,縣道,40,單路部分,彎曲路及附近,路段,一般車道(未劃分快慢車道),柏油,泥濘,無缺陷,無障礙物,無遮蔽物,良好,無號誌,無號誌,雙向禁止超車線,附標記,未繪設車道線,未繪設快慢車道分隔線,有,車與車,其他,其他,車輛或機械操作不當(慎),死亡0;受傷1,2,小貨車,營業用,男,49,不明,不明,車的狀態,向前直行中,其他,無撞擊,,,無(車輛駕駛者因素),尚未發現肇事因素,否,120.914565,23.865305
2024,8,20240801,111300,A2,苗栗縣警察局,苗栗縣苗栗市建功里縣府路口 / 苗栗縣苗栗市忠孝路,晴,有照明未開啟或故障,市區道路,30,交岔路,四岔路,交叉路口,交叉路口內,柏油,乾燥,無缺陷,無障礙物,有遮蔽物,彎道,無號誌,無號誌,無,無分向設施,未繪設車道線,未繪設快慢車道分隔線,有,車與車,路口交岔撞,駕駛者,無號誌路口，支線道未讓幹線道先行,死亡0;受傷1,1,機車,普通重型,女,64,不明,不明,車的狀態,向前直行中,機車與自行車,前車頭,,,駕駛者,無號誌路口，支線道未讓幹線道先行,否,120.818840,24.565194
2024,8,20240801,111300,A2,苗栗縣警察局,苗栗縣苗栗市建功里縣府路口 / 苗栗縣苗栗市忠孝路,晴,有照明未開啟或故障,市區道路,30,交岔路,四岔路,交叉路口,交叉路口內,柏油,乾燥,無缺陷,無障礙物,有遮蔽物,彎道,無號誌,無號誌,無,無分向設施,未繪設車道線,未繪設快慢車道分隔線,有,車與車,路口交岔撞,駕駛者,無號誌路口，支線道未讓幹線道先行,死亡0;受傷1,2,小客車(含客、貨兩用),自用,女,58,不明,不明,車的狀態,向前直行中,汽車,左側車身,,,其他,其他不當駕車行為,否,120.818840,24.565194
2024,8,20240801,112000,A2,臺北市政府警察局,臺北市中正區公園路 / 臺北市中正區貴陽街1段,晴,有照明未開啟或故障,市區道路,50,交岔路,四岔路,交叉路口,交叉路口內,柏油,乾燥,無缺陷,無障礙物,無遮蔽物,良好,行車管制號誌(附設行人專用號誌),正常,雙向禁止超車線,無標記,車道線(無標記),快慢車道分隔線,無,車與車,側撞,駕駛者,左轉彎未依規定,死亡0;受傷1,1,小客車(含客、貨兩用),計程車,男,66,繫安全帶(使用幼童安全椅),未使用,車的狀態,左轉彎,汽車,右側車身,,,駕駛者,左轉彎未依規定,否,121.515205,25.038623
2024,8,20240801,112000,A2,臺北市政府警察局,臺北市中正區公園路 / 臺北市中正區貴陽街1段,晴,有照明未開啟或故障,市區道路,50,交岔路,四岔路,交叉路口,交叉路口內,柏油,乾燥,無缺陷,無障礙物,無遮蔽物,良好,行車管制號誌(附設行人專用號誌),正常,雙向禁止超車線,無標記,車道線(無標記),快慢車道分隔線,無,車與車,側撞,駕駛者,左轉彎未依規定,死亡0;受傷1,2,機車,普通輕型,女,30,戴半罩式安全帽,未使用,車的狀態,向前直行中,機車與自行車,前車頭,,,駕駛者,觀看其他事故、活動、道路環境或車外資訊分心駕駛,否,121.515205,25.038623
2024,8,20240801,112900,A2,屏東縣政府警察局,屏東縣琉球鄉信義路段,晴,無照明,鄉道,30,單路部分,直路,路段,一般車道(未劃分快慢車道),柏油,乾燥,無缺陷,無障礙物,無遮蔽物,良好,無號誌,無號誌,無,無分向設施,未繪設車道線,未繪設快慢車道分隔線,無,車輛本身,路上翻車、摔倒,其他,車輛或機械操作不當(慎),死亡0;受傷1,1,機車,普通重型,男,18,不明,未使用,車的狀態,向前直行中,機車與自行車,前車頭,,,其他,車輛或機械操作不當(慎),否,120.357354,22.328522
2024,8,20240801,112900,A2,屏東縣政府警察局,屏東縣琉球鄉信義路段,晴,無照明,鄉道,30,單路部分,直路,路段,一般車道(未劃分快慢車道),柏油,乾燥,無缺陷,無障礙物,無遮蔽物,良好,無號誌,無號誌,無,無分向設施,未繪設車道線,未繪設快慢車道分隔線,無,車輛本身,路上翻車、摔倒,其他,車輛或機械操作不當(慎),死亡0;受傷1,2,,,無或物(動物、堆置物),-1,,,,,,,,,無(非車輛駕駛人因素),尚未發現肇事因素,否,120.357354,22.328522
2024,8,20240801,113247,A2,新竹縣政府警察局,新竹縣湖口鄉長春路與長安路口,晴,有照明且開啟,市區道路,50,交岔路,三岔路,交叉路口,交叉路口內,柏油,乾燥,無缺陷,無障礙物,無遮蔽物,良好,無號誌,無號誌,雙向禁止超車線,無標記,車道線(無標記),未繪設快慢車道分隔線,無,車與車,同向擦撞,駕駛者,無號誌路口，支線道未讓幹線道先行,死亡0;受傷1,1,機車,普通重型,男,18,不明,不明,車的狀態,右轉彎,機車與自行車,右側車身,機車與自行車,右側車身,駕駛者,無號誌路口，支線道未讓幹線道先行,否,121.092443,24.886264
2024,8,20240801,113247,A2,新竹縣政府警察局,新竹縣湖口鄉長春路與長安路口,晴,有照明且開啟,市區道路,50,交岔路,三岔路,交叉路口,交叉路口內,柏油,乾燥,無缺陷,無障礙物,無遮蔽物,良好,無號誌,無號誌,雙向禁止超車線,無標記,車道線(無標記),未繪設快慢車道分隔線,無,車與車,同向擦撞,駕駛者,無號誌路口，支線道未讓幹線道先行,死亡0;受傷1,2,大貨車,自用,男,28,不明,不明,車的狀態,向前直行中,汽車,左後車尾(身),汽車,左後車尾(身),駕駛者,閃避不當(慎),否,121.092443,24.886264
2024,8,20240801,113500,A2,基隆市警察局,基隆市信義區深溪路3-5號前0.0公尺,晴,有照明未開啟或故障,市區道路,50,單路部分,直路,路段,一般車道(未劃分快慢車道),柏油,乾燥,無缺陷,無障礙物,無遮蔽物,良好,無號誌,無號誌,雙向禁止超車線,無標記,未繪設車道線,未繪設快慢車道分隔線,有,車與車,同向擦撞,駕駛者,起步時未注意安全,死亡0;受傷1,1,小客車(含客、貨兩用),自用,女,47,不明,不明,車的狀態,起步,汽車,左前車頭(身),,,駕駛者,起步時未注意安全,否,121.781265,25.130124
2024,8,20240801,113500,A2,基隆市警察局,基隆市信義區深溪路3-5號前0.0公尺,晴,有照明未開啟或故障,市區道路,50,單路部分,直路,路段,一般車道(未劃分快慢車道),柏油,乾燥,無缺陷,無障礙物,無遮蔽物,良好,無號誌,無號誌,雙向禁止超車線,無標記,未繪設車道線,未繪設快慢車道分隔線,有,車與車,同向擦撞,駕駛者,起步時未注意安全,死亡0;受傷1,2,機車,普通重型,男,26,戴非半罩式安全帽,未使用,車的狀態,向前直行中,機車與自行車,前車頭,,,無(車輛駕駛者因素),尚未發現肇事因素,否,121.781265,25.130124
2024,8,20240801,113800,A2,臺中市政府警察局,臺中市大肚區頂街里沙田路二段731號前0.0公尺,晴,有照明未開啟或故障,市區道路,50,單路部分,直路,路段,一般車道(未劃分快慢車道),柏油,乾燥,無缺陷,無障礙物,無遮蔽物,良好,行車管制號誌,正常,雙向禁止超車線,無標記,車道線(無標記),未繪設快慢車道分隔線,無,車與車,追撞,駕駛者,未保持行車安全距離,死亡0;受傷1,1,機車,普通重型,男,51,戴半罩式安全帽,未使用,車的狀態,向左變換車道,機車與自行車,前車頭,,,駕駛者,未保持行車安全距離,否,120.544727,24.153094
2024,8,20240801,113800,A2,臺中市政府警察局,臺中市大肚區頂街里沙田路二段731號前0.0公尺,晴,有照明未開啟或故障,市區道路,50,單路部分,直路,路段,一般車道(未劃分快慢車道),柏油,乾燥,無缺陷,無障礙物,無遮蔽物,良好,行車管制號誌,正常,雙向禁止超車線,無標記,車道線(無標記),未繪設快慢車道分隔線,無,車與車,追撞,駕駛者,未保持行車安全距離,死亡0;受傷1,2,小客車(含客、貨兩用),自用,女,48,繫安全帶(使用幼童安全椅),未使用,車的狀態,向前直行中,汽車,右後車尾(身),,,無(車輛駕駛者因素),尚未發現肇事因素,否,120.544727,24.153094
2024,8,20240801,113840,A2,嘉義縣警察局,嘉義縣竹崎鄉和平村田竂93號,晴,有照明未開啟或故障,省道,50,單路部分,直路,路段,一般車道(未劃分快慢車道),柏油,乾燥,無缺陷,無障礙物,無遮蔽物,良好,無號誌,無號誌,雙向禁止超車線,附標記,車道線(無標記),未繪設快慢車道分隔線,有,車與車,同向擦撞,駕駛者,起步時未注意安全,死亡0;受傷4,1,機車,普通重型,女,72,戴半罩式安全帽,未使用,車的狀態,起步,機車與自行車,左側車身,,,駕駛者,起步時未注意安全,否,120.548737,23.517420
2024,8,20240801,113840,A2,嘉義縣警察局,嘉義縣竹崎鄉和平村田竂93號,晴,有照明未開啟或故障,省道,50,單路部分,直路,路段,一般車道(未劃分快慢車道),柏油,乾燥,無缺陷,無障礙物,無遮蔽物,良好,無號誌,無號誌,雙向禁止超車線,附標記,車道線(無標記),未繪設快慢車道分隔線,有,車與車,同向擦撞,駕駛者,起步時未注意安全,死亡0;受傷4,2,機車,普通重型,女,35,戴半罩式安全帽,未使用,車的狀態,向前直行中,機車與自行車,前車頭,,,無(車輛駕駛者因素),尚未發現肇事因素,否,120.548737,23.517420
2024,8,20240801,113840,A2,嘉義縣警察局,嘉義縣竹崎鄉和平村田竂93號,晴,有照明未開啟或故障,省道,50,單路部分,直路,路段,一般車道(未劃分快慢車道),柏油,乾燥,無缺陷,無障礙物,無遮蔽物,良好,無號誌,無號誌,雙向禁止超車線,附標記,車道線(無標記),未繪設快慢車道分隔線,有,車與車,同向擦撞,駕駛者,起步時未注意安全,死亡0;受傷4,3,人,乘客,女,4,戴半罩式安全帽,非駕駛人,人的狀態,其他,其他,非汽、機及自行車,,,無(非車輛駕駛人因素),尚未發現肇事因素,否,120.548737,23.517420
2024,8,20240801,113840,A2,嘉義縣警察局,嘉義縣竹崎鄉和平村田竂93號,晴,有照明未開啟或故障,省道,50,單路部分,直路,路段,一般車道(未劃分快慢車道),柏油,乾燥,無缺陷,無障礙物,無遮蔽物,良好,無號誌,無號誌,雙向禁止超車線,附標記,車道線(無標記),未繪設快慢車道分隔線,有,車與車,同向擦撞,駕駛者,起步時未注意安全,死亡0;受傷4,4,人,乘客,女,13,戴半罩式安全帽,非駕駛人,人的狀態,其他,其他,非汽、機及自行車,,,無(非車輛駕駛人因素),尚未發現肇事因素,否,120.548737,23.517420
2024,8,20240801,114211,A2,新竹市警察局,新竹市北區北大路168號,晴,無照明,市區道路,50,單路部分,直路,路段,一般車道(未劃分快慢車道),柏油,乾燥,無缺陷,無障礙物,無遮蔽物,良好,無號誌,無號誌,雙向禁止超車線,無標記,車道線(無標記),未繪設快慢車道分隔線,無,車與車,側撞,駕駛者,右轉彎未依規定,死亡0;受傷2,1,小客車(含客、貨兩用),自用,女,35,不明,不明,車的狀態,右轉彎,汽車,右側車身,汽車,右前車頭(身),駕駛者,右轉彎未依規定,否,120.967688,24.809660
2024,8,20240801,114211,A2,新竹市警察局,新竹市北區北大路168號,晴,無照明,市區道路,50,單路部分,直路,路段,一般車道(未劃分快慢車道),柏油,乾燥,無缺陷,無障礙物,無遮蔽物,良好,無號誌,無號誌,雙向禁止超車線,無標記,車道線(無標記),未繪設快慢車道分隔線,無,車與車,側撞,駕駛者,右轉彎未依規定,死亡0;受傷2,2,機車,普通重型,女,21,不明,不明,車的狀態,向前直行中,機車與自行車,前車頭,機車與自行車,左側車身,無(車輛駕駛者因素),尚未發現肇事因素,否,120.967688,24.809660
2024,8,20240801,114211,A2,新竹市警察局,新竹市北區北大路168號,晴,無照明,市區道路,50,單路部分,直路,路段,一般車道(未劃分快慢車道),柏油,乾燥,無缺陷,無障礙物,無遮蔽物,良好,無號誌,無號誌,雙向禁止超車線,無標記,車道線(無標記),未繪設快慢車道分隔線,無,車與車,側撞,駕駛者,右轉彎未依規定,死亡0;受傷2,3,人,乘客,男,19,不明,非駕駛人,人的狀態,其他,其他,非汽、機及自行車,,,無(非車輛駕駛人因素),尚未發現肇事因素,否,120.967688,24.809660
2024,8,20240801,114500,A2,臺北市政府警察局,臺北市大安區敦化南路2段 / 臺北市大安區四維路,晴,有照明且開啟,市區道路,50,交岔路,四岔路,交叉路口,交叉路口內,柏油,乾燥,無缺陷,無障礙物,無遮蔽物,良好,行車管制號誌,正常,中央分向島,寬式(50公分以上),車道線(無標記),寬式快慢車道分隔島(50公分以上),無,車與車,側撞,駕駛者,有號誌路口，轉彎車未讓直行車先行,死亡0;受傷2,1,小客車(含客、貨兩用),自用,女,24,不明,不明,車的狀態,左轉彎,汽車,前車頭,,,駕駛者,有號誌路口，轉彎車未讓直行車先行,否,121.548559,25.030995
2024,8,20240801,114500,A2,臺北市政府警察局,臺北市大安區敦化南路2段 / 臺北市大安區四維路,晴,有照明且開啟,市區道路,50,交岔路,四岔路,交叉路口,交叉路口內,柏油,乾燥,無缺陷,無障礙物,無遮蔽物,良好,行車管制號誌,正常,中央分向島,寬式(50公分以上),車道線(無標記),寬式快慢車道分隔島(50公分以上),無,車與車,側撞,駕駛者,有號誌路口，轉彎車未讓直行車先行,死亡0;受傷2,2,小客車(含客、貨兩用),計程車,男,60,不明,不明,車的狀態,向前直行中,汽車,左前車頭(身),,,無(車輛駕駛者因素),尚未發現肇事因素,否,121.548559,25.030995
2024,8,20240801,114500,A2,臺北市政府警察局,臺北市大安區敦化南路2段 / 臺北市大安區四維路,晴,有照明且開啟,市區道路,50,交岔路,四岔路,交叉路口,交叉路口內,柏油,乾燥,無缺陷,無障礙物,無遮蔽物,良好,行車管制號誌,正常,中央分向島,寬式(50公分以上),車道線(無標記),寬式快慢車道分隔島(50公分以上),無,車與車,側撞,駕駛者,有號誌路口，轉彎車未讓直行車先行,死亡0;受傷2,3,機車,普通重型,男,40,不明,不明,車的狀態,向前直行中,機車與自行車,左側車身,,,無(車輛駕駛者因素),尚未發現肇事因素,否,121.548559,25.030995
2024,8,20240801,115400,A2,臺北市政府警察局,臺北市內湖區成功路2段369號前0.0公尺,陰,有照明未開啟或故障,市區道路,50,單路部分,直路,路段,一般車道(未劃分快慢車道),柏油,乾燥,無缺陷,無障礙物,無遮蔽物,良好,無號誌,無號誌,中央分向島,寬式(50公分以上),車道線(無標記),未繪設快慢車道分隔線,無,車與車,追撞,駕駛者,未保持行車安全距離,死亡0;受傷1,1,機車,普通重型,女,26,戴半罩式安全帽,未使用,車的狀態,向前直行中,機車與自行車,前車頭,,,駕駛者,未保持行車安全距離,否,121.589893,25.073802
2024,8,20240801,115400,A2,臺北市政府警察局,臺北市內湖區成功路2段369號前0.0公尺,陰,有照明未開啟或故障,市區道路,50,單路部分,直路,路段,一般車道(未劃分快慢車道),柏油,乾燥,無缺陷,無障礙物,無遮蔽物,良好,無號誌,無號誌,中央分向島,寬式(50公分以上),車道線(無標記),未繪設快慢車道分隔線,無,車與車,追撞,駕駛者,未保持行車安全距離,死亡0;受傷1,2,小客車(含客、貨兩用),自用,女,50,繫安全帶(使用幼童安全椅),未使用,車的狀態,等待(引擎未熄火),汽車,後車尾,,,無(車輛駕駛者因素),尚未發現肇事因素,否,121.589893,25.073802
2024,8,20240801,115600,A2,彰化縣警察局,彰化縣彰化市中山路二段896號前,晴,有照明未開啟或故障,市區道路,50,交岔路,三岔路,交叉路口,交叉路口內,柏油,乾燥,無缺陷,無障礙物,無遮蔽物,良好,行車管制號誌(附設行人專用號誌),正常,雙向禁止超車線,附標記,車道線(無標記),未繪設快慢車道分隔線,有,車輛本身,路上翻車、摔倒,駕駛者,闖紅燈直行,死亡0;受傷1,1,機車,普通重型,男,22,不明,不明,車的狀態,向前直行中,機車與自行車,右側車身,,,駕駛者,闖紅燈直行,否,120.550821,24.083481
2024,8,20240801,115600,A2,彰化縣警察局,彰化縣彰化市中山路二段896號前,晴,有照明未開啟或故障,市區道路,50,交岔路,三岔路,交叉路口,交叉路口內,柏油,乾燥,無缺陷,無障礙物,無遮蔽物,良好,行車管制號誌(附設行人專用號誌),正常,雙向禁止超車線,附標記,車道線(無標記),未繪設快慢車道分隔線,有,車輛本身,路上翻車、摔倒,駕駛者,闖紅燈直行,死亡0;受傷1,2,,,無或物(動物、堆置物),-1,,,,,,,,,無(非車輛駕駛人因素),尚未發現肇事因素,否,120.550821,24.083481
2024,8,20240801,115915,A2,新竹縣政府警察局,新竹縣新埔鎮中正路160號前0.0公尺,晴,有照明未開啟或故障,市區道路,50,單路部分,直路,路段,一般車道(未劃分快慢車道),柏油,乾燥,無缺陷,道路工事(程)中,無遮蔽物,良好,無號誌,無號誌,雙向禁止超車線,無標記,車道線(無標記),未繪設快慢車道分隔線,有,車與車,同向擦撞,駕駛者,起步時未注意安全,死亡0;受傷1,1,小客車(含客、貨兩用),自用,男,53,繫安全帶(使用幼童安全椅),未使用,車的狀態,起步,汽車,左側車身,,,駕駛者,起步時未注意安全,否,121.083899,24.826780