發生年度,發生月份,發生日期,發生時間,事故類別名稱,處理單位名稱警局層,發生地點,天候名稱,光線名稱,道路類別-第1當事者-名稱,速限-第1當事者,道路型態大類別名稱,道路型態子類別名稱,事故位置大類別名稱,事故位置子類別名稱,路面狀況-路面鋪裝名稱,路面狀況-路面狀態名稱,路面狀況-路面缺陷名稱,道路障礙-障礙物名稱,道路障礙-視距品質名稱,道路障礙-視距名稱,號誌-號誌種類名稱,號誌-號誌動作名稱,車道劃分設施-分向設施大類別名稱,車道劃分設施-分向設施子類別名稱,車道劃分設施-分道設施-快車道或一般車道間名稱,車道劃分設施-分道設施-快慢車道間名稱,車道劃分設施-分道設施-路面邊線名稱,事故類型及型態大類別名稱,事故類型及型態子類別名稱,肇因研判大類別名稱-主要,肇因研判子類別名稱-主要,死亡受傷人數,當事者順位,當事者區分-類別-大類別名稱-車種,當事者區分-類別-子類別名稱-車種,當事者屬-性-別名稱,當事者事故發生時年齡,保護裝備名稱,行動電話或電腦或其他相類功能裝置名稱,當事者行動狀態大類別名稱,當事者行動狀態子類別名稱,車輛撞擊部位大類別名稱-最初,車輛撞擊部位子類別名稱-最初,車輛撞擊部位大類別名稱-其他,車輛撞擊部位子類別名稱-其他,肇因研判大類別名稱-個別,肇因研判子類別名稱-個別,肇事逃逸類別名稱-是否肇逃,經度,緯度
2024,8,20240801,132400,A2,臺中市政府警察局,臺中市西區昇平里向上南路一段 / 臺中市西區昇平里民生路,晴,無照明,市區道路,30,交岔路,四岔路,交叉路口,交叉路口內,柏油,乾燥,無缺陷,無障礙物,無遮蔽物,良好,無號誌,無號誌,無,無分向設施,未繪設車道線,未繪設快慢車道分隔線,無,車與車,路口交岔撞,駕駛者,無號誌路口，左方車未讓右方車先行,死亡0;受傷1,1,小客車(含客、貨兩用),計程車,男,54,繫安全帶(使用幼童安全椅),未使用,車的狀態,向前直行中,汽車,右側車身,,,駕駛者,無號誌路口，左方車未讓右方車先行,否,120.657903,24.145323
2024,8,20240801,132400,A2,臺中市政府警察局,臺中市西區昇平里向上南路一段 / 臺中市西區昇平里民生路,晴,無照明,市區道路,30,交岔路,四岔路,交叉路口,交叉路口內,柏油,乾燥,無缺陷,無障礙物,無遮蔽物,良好,無號誌,無號誌,無,無分向設施,未繪設車道線,未繪設快慢車道分隔線,無,車與車,路口交岔撞,駕駛者,無號誌路口，左方車未讓右方車先行,死亡0;受傷1,2,機車,普通重型,男,21,戴半罩式安全帽,未使用,車的狀態,向前直行中,機車與自行車,前車頭,,,其他,其他不當駕車行為,否,120.657903,24.145323
2024,8,20240801,133304,A2,嘉義縣警察局,嘉義縣梅山鄉梅北村中山路西側 / 嘉義縣梅山鄉梅北村工業一路南側,晴,無照明,省道,60,交岔路,三岔路,交叉路口,交叉路口內,柏油,乾燥,無缺陷,無障礙物,無遮蔽物,良好,行車管制號誌,正常,無,無分向設施,未繪設車道線,快慢車道分隔線,無,車與車,同向擦撞,駕駛者,違反遵行方向標誌(線),死亡0;受傷2,1,機車,普通重型,男,46,戴半罩式安全帽,未使用,車的狀態,左轉彎,機車與自行車,左側車身,,,駕駛者,違反遵行方向標誌(線),否,120.539181,23.590389
2024,8,20240801,133304,A2,嘉義縣警察局,嘉義縣梅山鄉梅北村中山路西側 / 嘉義縣梅山鄉梅北村工業一路南側,晴,無照明,省道,60,交岔路,三岔路,交叉路口,交叉路口內,柏油,乾燥,無缺陷,無障礙物,無遮蔽物,良好,行車管制號誌,正常,無,無分向設施,未繪設車道線,快慢車道分隔線,無,車與車,同向擦撞,駕駛者,違反遵行方向標誌(線),死亡0;受傷2,2,小客車(含客、貨兩用),自用,男,28,繫安全帶(使用幼童安全椅),未使用,車的狀態,左轉彎,汽車,右前車頭(身),,,無(車輛駕駛者因素),尚未發現肇事因素,否,120.539181,23.590389
2024,8,20240801,133327,A2,新竹縣政府警察局,新竹縣竹北市中華路785號附近,晴,有照明未開啟或故障,市區道路,40,單路部分,直路,路段,慢車道,柏油,乾燥,無缺陷,其他障礙物,無遮蔽物,良好,無號誌,無號誌,中央分向島,寬式(50公分以上),車道線(附標記),快慢車道分隔線,有,車與車,追撞,無(車輛駕駛者因素),尚未發現肇事因素,死亡0;受傷1,1,機車,普通重型,男,21,戴非半罩式安全帽,未使用,車的狀態,向前直行中,機車與自行車,前車頭,,,無(車輛駕駛者因素),尚未發現肇事因素,否,121.005609,24.845426
2024,8,20240801,133327,A2,新竹縣政府警察局,新竹縣竹北市中華路785號附近,晴,有照明未開啟或故障,市區道路,40,單路部分,直路,路段,慢車道,柏油,乾燥,無缺陷,其他障礙物,無遮蔽物,良好,無號誌,無號誌,中央分向島,寬式(50公分以上),車道線(附標記),快慢車道分隔線,有,車與車,追撞,無(車輛駕駛者因素),尚未發現肇事因素,死亡0;受傷1,2,機車,大型重型2(250-550C.C.),男,29,戴非半罩式安全帽,未使用,車的狀態,其他,機車與自行車,後車尾,,,駕駛者,未保持行車安全距離,否,121.005609,24.845426
2024,8,20240801,133800,A2,臺中市政府警察局,臺中市北區長青里華美街二段 / 臺中市北區長青里武昌路,晴,有照明未開啟或故障,市區道路,30,交岔路,三岔路,交叉路口,交叉口附近,柏油,乾燥,無缺陷,無障礙物,無遮蔽物,良好,無號誌,無號誌,無,無分向設施,未繪設車道線,未繪設快慢車道分隔線,無,車與車,其他,駕駛者,起步時未注意安全,死亡0;受傷1,1,機車,普通重型,女,28,不明,未使用,車的狀態,起步,機車與自行車,左側車身,,,駕駛者,起步時未注意安全,否,120.666429,24.168773
2024,8,20240801,133800,A2,臺中市政府警察局,臺中市北區長青里華美街二段 / 臺中市北區長青里武昌路,晴,有照明未開啟或故障,市區道路,30,交岔路,三岔路,交叉路口,交叉口附近,柏油,乾燥,無缺陷,無障礙物,無遮蔽物,良好,無號誌,無號誌,無,無分向設施,未繪設車道線,未繪設快慢車道分隔線,無,車與車,其他,駕駛者,起步時未注意安全,死亡0;受傷1,2,機車,普通重型,女,25,不明,未使用,車的狀態,向前直行中,機車與自行車,右側車身,,,無(車輛駕駛者因素),尚未發現肇事因素,否,120.666429,24.168773
2024,8,20240801,134200,A2,臺北市政府警察局,臺北市萬華區大理街 / 臺北市萬華區和平西路3段,晴,無照明,市區道路,30,交岔路,三岔路,交叉路口,交叉口附近,柏油,乾燥,無缺陷,無障礙物,無遮蔽物,良好,無號誌,無號誌,無,無分向設施,未繪設車道線,未繪設快慢車道分隔線,無,車與車,其他,其他,開啟或關閉車門不當,死亡0;受傷1,1,小客車(含客、貨兩用),租賃車,女,64,繫安全帶(使用幼童安全椅),未使用,車的狀態,其他,汽車,左側車身,,,其他,開啟或關閉車門不當,否,121.496544,25.034187
2024,8,20240801,134200,A2,臺北市政府警察局,臺北市萬華區大理街 / 臺北市萬華區和平西路3段,晴,無照明,市區道路,30,交岔路,三岔路,交叉路口,交叉口附近,柏油,乾燥,無缺陷,無障礙物,無遮蔽物,良好,無號誌,無號誌,無,無分向設施,未繪設車道線,未繪設快慢車道分隔線,無,車與車,其他,其他,開啟或關閉車門不當,死亡0;受傷1,2,機車,普通重型,女,55,戴半罩式安全帽,未使用,車的狀態,向前直行中,機車與自行車,右側車身,,,無(車輛駕駛者因素),尚未發現肇事因素,否,121.496544,25.034187
2024,8,20240801,134400,A2,臺中市政府警察局,臺中市北區崇德里崇德路一段 / 臺中市北區崇德里進化北路,晴,有照明未開啟或故障,市區道路,50,交岔路,多岔路,交叉路口,交叉路口內,柏油,乾燥,無缺陷,無障礙物,無遮蔽物,良好,行車管制號誌,正常,無,無分向設施,未繪設車道線,未繪設快慢車道分隔線,無,車與車,同向擦撞,其他,其他不當駕車行為,死亡0;受傷1,1,機車,普通重型,男,26,戴非半罩式安全帽,未使用,車的狀態,向前直行中,機車與自行車,右側車身,,,其他,其他不當駕車行為,否,120.685126,24.162999
2024,8,20240801,134400,A2,臺中市政府警察局,臺中市北區崇德里崇德路一段 / 臺中市北區崇德里進化北路,晴,有照明未開啟或故障,市區道路,50,交岔路,多岔路,交叉路口,交叉路口內,柏油,乾燥,無缺陷,無障礙物,無遮蔽物,良好,行車管制號誌,正常,無,無分向設施,未繪設車道線,未繪設快慢車道分隔線,無,車與車,同向擦撞,其他,其他不當駕車行為,死亡0;受傷1,2,機車,普通重型,男,64,戴非半罩式安全帽,未使用,車的狀態,向前直行中,機車與自行車,前車頭,,,無(車輛駕駛者因素),尚未發現肇事因素,否,120.685126,24.162999
2024,8,20240801,134400,A2,臺中市政府警察局,臺中市南屯區永定里永春東六路335號前0.0公尺,晴,有照明未開啟或故障,市區道路,40,單路部分,直路,路段,慢車道,柏油,乾燥,無缺陷,無障礙物,無遮蔽物,良好,無號誌,無號誌,雙向禁止超車線,無標記,未繪設車道線,快慢車道分隔線,無,車輛本身,撞非固定設施,駕駛者,恍神、緊張、心不在焉分心駕駛,死亡0;受傷1,1,慢車,腳踏自行車,男,87,未戴安全帽或未繫安全帶(未使用幼童安全椅),未使用,車的狀態,向前直行中,機車與自行車,右側車身,,,駕駛者,恍神、緊張、心不在焉分心駕駛,否,120.635656,24.140153
2024,8,20240801,134400,A2,臺中市政府警察局,臺中市南屯區永定里永春東六路335號前0.0公尺,晴,有照明未開啟或故障,市區道路,40,單路部分,直路,路段,慢車道,柏油,乾燥,無缺陷,無障礙物,無遮蔽物,良好,無號誌,無號誌,雙向禁止超車線,無標記,未繪設車道線,快慢車道分隔線,無,車輛本身,撞非固定設施,駕駛者,恍神、緊張、心不在焉分心駕駛,死亡0;受傷1,2,,,無或物(動物、堆置物),0,,,,,,,,,無(非車輛駕駛人因素),尚未發現肇事因素,否,120.635656,24.140153
2024,8,20240801,135000,A2,臺北市政府警察局,臺北市信義區信義路5段20號前0.0公尺,陰,有照明且開啟,市區道路,50,單路部分,直路,路段,一般車道(未劃分快慢車道),柏油,乾燥,無缺陷,無障礙物,無遮蔽物,良好,無號誌,無號誌,中央分向島,窄式無柵欄,車道線(無標記),未繪設快慢車道分隔線,無,車輛本身,路上翻車、摔倒,其他,相關跡證不足且無具體影像紀錄，當事人各執一詞，經分析後無法釐清肇事原因,死亡0;受傷1,1,機車,普通重型,男,30,不明,不明,車的狀態,向前直行中,機車與自行車,右側車身,,,其他,相關跡證不足且無具體影像紀錄，當事人各執一詞，經分析後無法釐清肇事原因,否,121.561824,25.032929
2024,8,20240801,135000,A2,臺北市政府警察局,臺北市信義區信義路5段20號前0.0公尺,陰,有照明且開啟,市區道路,50,單路部分,直路,路段,一般車道(未劃分快慢車道),柏油,乾燥,無缺陷,無障礙物,無遮蔽物,良好,無號誌,無號誌,中央分向島,窄式無柵欄,車道線(無標記),未繪設快慢車道分隔線,無,車輛本身,路上翻車、摔倒,其他,相關跡證不足且無具體影像紀錄，當事人各執一詞，經分析後無法釐清肇事原因,死亡0;受傷1,2,,,無或物(動物、堆置物),0,,,,,,,,,無(非車輛駕駛人因素),尚未發現肇事因素,否,121.561824,25.032929
2024,8,20240801,135500,A2,臺北市政府警察局,臺北市中正區林森北路 / 臺北市中正區北平東路,晴,無照明,市區道路,50,交岔路,四岔路,交叉路口,交叉口附近,柏油,乾燥,無缺陷,無障礙物,無遮蔽物,良好,行車管制號誌,正常,雙向禁止超車線,附標記,車道線(無標記),快慢車道分隔線,無,車與車,同向擦撞,駕駛者,未保持行車安全間隔,死亡0;受傷1,1,小客車(含客、貨兩用),自用,男,46,繫安全帶(使用幼童安全椅),未使用,車的狀態,向前直行中,汽車,右前車頭(身),,,駕駛者,未保持行車安全間隔,否,121.523806,25.046350
2024,8,20240801,135500,A2,臺北市政府警察局,臺北市中正區林森北路 / 臺北市中正區北平東路,晴,無照明,市區道路,50,交岔路,四岔路,交叉路口,交叉口附近,柏油,乾燥,無缺陷,無障礙物,無遮蔽物,良好,行車管制號誌,正常,雙向禁止超車線,附標記,車道線(無標記),快慢車道分隔線,無,車與車,同向擦撞,駕駛者,未保持行車安全間隔,死亡0;受傷1,2,機車,普通重型,男,73,戴非半罩式安全帽,未使用,車的狀態,其他,機車與自行車,左側車身,,,駕駛者,未保持行車安全間隔,否,121.523806,25.046350
2024,8,20240801,135800,A2,新竹縣政府警察局,新竹縣竹東鎮康寧街與世界街口,晴,有照明未開啟或故障,市區道路,30,交岔路,三岔路,交叉路口,交叉路口內,柏油,乾燥,無缺陷,無障礙物,無遮蔽物,良好,無號誌,無號誌,無,無分向設施,未繪設車道線,未繪設快慢車道分隔線,有,車與車,同向擦撞,駕駛者,左轉彎未依規定,死亡0;受傷1,1,小客車(含客、貨兩用),自用,男,22,繫安全帶(使用幼童安全椅),未使用,車的狀態,左轉彎,汽車,左側車身,汽車,左側車身,駕駛者,左轉彎未依規定,否,121.086735,24.737562
2024,8,20240801,135800,A2,新竹縣政府警察局,新竹縣竹東鎮康寧街與世界街口,晴,有照明未開啟或故障,市區道路,30,交岔路,三岔路,交叉路口,交叉路口內,柏油,乾燥,無缺陷,無障礙物,無遮蔽物,良好,無號誌,無號誌,無,無分向設施,未繪設車道線,未繪設快慢車道分隔線,有,車與車,同向擦撞,駕駛者,左轉彎未依規定,死亡0;受傷1,2,機車,普通重型,男,18,戴半罩式安全帽,未使用,車的狀態,向前直行中,機車與自行車,後車尾,機車與自行車,右側車身,無(車輛駕駛者因素),尚未發現肇事因素,否,121.086735,24.737562
2024,8,20240801,140200,A2,臺中市政府警察局,臺中市北屯區平和里文心路四段 / 臺中市北屯區平和里崇德路二段,晴,無照明,市區道路,50,交岔路,四岔路,交叉路口,交叉路口內,柏油,乾燥,無缺陷,無障礙物,無遮蔽物,良好,行車管制號誌,正常,無,無分向設施,未繪設車道線,未繪設快慢車道分隔線,無,車與車,其他,駕駛者,未保持行車安全間隔,死亡0;受傷2,1,機車,普通重型,女,30,戴半罩式安全帽,未使用,車的狀態,向前直行中,機車與自行車,左側車身,,,駕駛者,未保持行車安全間隔,否,120.685498,24.172177
2024,8,20240801,140200,A2,臺中市政府警察局,臺中市北屯區平和里文心路四段 / 臺中市北屯區平和里崇德路二段,晴,無照明,市區道路,50,交岔路,四岔路,交叉路口,交叉路口內,柏油,乾燥,無缺陷,無障礙物,無遮蔽物,良好,行車管制號誌,正常,無,無分向設施,未繪設車道線,未繪設快慢車道分隔線,無,車與車,其他,駕駛者,未保持行車安全間隔,死亡0;受傷2,2,機車,普通重型,女,19,戴半罩式安全帽,未使用,車的狀態,其他,機車與自行車,右側車身,,,駕駛者,未保持行車安全間隔,否,120.685498,24.172177
2024,8,20240801,140800,A2,臺北市政府警察局,臺北市松山區南京東路5段 / 臺北市松山區南京東路5段,晴,有照明且開啟,市區道路,50,交岔路,四岔路,交叉路口,交叉路口內,柏油,乾燥,無缺陷,無障礙物,無遮蔽物,良好,行車管制號誌(附設行人專用號誌),正常,中央分向島,寬式(50公分以上),車道線(無標記),快慢車道分隔線,無,車與車,側撞,駕駛者,右轉彎未依規定,死亡0;受傷1,1,小客車(含客、貨兩用),自用,男,51,繫安全帶(使用幼童安全椅),未使用,車的狀態,右轉彎,汽車,右後車尾(身),,,駕駛者,右轉彎未依規定,否,121.557986,25.051622
2024,8,20240801,140800,A2,臺北市政府警察局,臺北市松山區南京東路5段 / 臺北市松山區南京東路5段,晴,有照明且開啟,市區道路,50,交岔路,四岔路,交叉路口,交叉路口內,柏油,乾燥,無缺陷,無障礙物,無遮蔽物,良好,行車管制號誌(附設行人專用號誌),正常,中央分向島,寬式(50公分以上),車道線(無標記),快慢車道分隔線,無,車與車,側撞,駕駛者,右轉彎未依規定,死亡0;受傷1,2,機車,普通重型,男,32,戴半罩式安全帽,未使用,車的狀態,向前直行中,機車與自行車,前車頭,,,無(車輛駕駛者因素),尚未發現肇事因素,否,121.557986,25.051622
2024,8,20240801,140900,A2,彰化縣警察局,彰化縣秀水鄉鶴鳴村民意街523號,晴,無照明,村里道路,50,單路部分,直路,路段,一般車道(未劃分快慢車道),柏油,乾燥,無缺陷,無障礙物,無遮蔽物,良好,無號誌,無號誌,行車分向線,附標記,未繪設車道線,未繪設快慢車道分隔線,有,車與車,側撞,駕駛者,起步時未注意安全,死亡0;受傷1,1,機車,普通重型,男,64,戴半罩式安全帽,未使用,車的狀態,起步,機車與自行車,前車頭,,,駕駛者,起步時未注意安全,否,120.494078,24.048320
2024,8,20240801,140900,A2,彰化縣警察局,彰化縣秀水鄉鶴鳴村民意街523號,晴,無照明,村里道路,50,單路部分,直路,路段,一般車道(未劃分快慢車道),柏油,乾燥,無缺陷,無障礙物,無遮蔽物,良好,無號誌,無號誌,行車分向線,附標記,未繪設車道線,未繪設快慢車道分隔線,有,車與車,側撞,駕駛者,起步時未注意安全,死亡0;受傷1,2,小貨車,自用,男,53,不明,不明,車的狀態,向前直行中,汽車,右後車尾(身),,,駕駛者,未依規定減速,否,120.494078,24.048320
2024,8,20240801,141000,A2,臺中市政府警察局,臺中市西屯區永安里西屯路三段166-78號前0.0公尺,晴,有照明未開啟或故障,市區道路,50,單路部分,直路,路段,一般車道(未劃分快慢車道),柏油,乾燥,無缺陷,無障礙物,無遮蔽物,良好,無號誌,無號誌,雙向禁止超車線,無標記,車道線(無標記),未繪設快慢車道分隔線,有,車與車,追撞,其他,其他不當駕車行為,死亡0;受傷2,1,機車,普通重型,女,36,戴半罩式安全帽,未使用,車的狀態,向前直行中,機車與自行車,前車頭,,,其他,其他不當駕車行為,否,120.612208,24.190613
2024,8,20240801,141000,A2,臺中市政府警察局,臺中市西屯區永安里西屯路三段166-78號前0.0公尺,晴,有照明未開啟或故障,市區道路,50,單路部分,直路,路段,一般車道(未劃分快慢車道),柏油,乾燥,無缺陷,無障礙物,無遮蔽物,良好,無號誌,無號誌,雙向禁止超車線,無標記,車道線(無標記),未繪設快慢車道分隔線,有,車與車,追撞,其他,其他不當駕車行為,死亡0;受傷2,2,機車,普通重型,女,27,戴半罩式安全帽,未使用,車的狀態,向前直行中,機車與自行車,後車尾,,,無(車輛駕駛者因素),尚未發現肇事因素,否,120.612208,24.190613
2024,8,20240801,141800,A2,臺中市政府警察局,臺中市西區公舘里五權路1之150號前0.0公尺,晴,無照明,市區道路,40,單路部分,直路,路段,慢車道,柏油,乾燥,無缺陷,無障礙物,無遮蔽物,良好,無號誌,無號誌,中央分向島,寬式(50公分以上),車道線(無標記),快慢車道分隔線,無,車與車,其他,駕駛者,起步時未注意安全,死亡0;受傷2,1,機車,普通重型,女,22,戴半罩式安全帽,未使用,車的狀態,起步,機車與自行車,左側車身,,,駕駛者,起步時未注意安全,否,120.665440,24.135693
2024,8,20240801,141800,A2,臺中市政府警察局,臺中市西區公舘里五權路1之150號前0.0公尺,晴,無照明,市區道路,40,單路部分,直路,路段,慢車道,柏油,乾燥,無缺陷,無障礙物,無遮蔽物,良好,無號誌,無號誌,中央分向島,寬式(50公分以上),車道線(無標記),快慢車道分隔線,無,車與車,其他,駕駛者,起步時未注意安全,死亡0;受傷2,2,機車,普通重型,男,33,戴半罩式安全帽,未使用,車的狀態,向前直行中,機車與自行車,前車頭,,,無(車輛駕駛者因素),尚未發現肇事因素,否,120.665440,24.135693
2024,8,20240801,142500,A2,澎湖縣政府警察局,澎湖縣馬公市縣202線 4公里,晴,有照明未開啟或故障,縣道,70,單路部分,直路,路段,一般車道(未劃分快慢車道),柏油,乾燥,無缺陷,無障礙物,無遮蔽物,良好,無號誌,無號誌,雙向禁止超車線,附標記,車道線(無標記),未繪設快慢車道分隔線,有,車輛本身,路上翻車、摔倒,機件,車輪脫落或輪胎爆裂,死亡0;受傷2,1,機車,普通重型,男,19,戴非半罩式安全帽,未使用,車的狀態,向前直行中,其他,無撞擊,,,機件,車輪脫落或輪胎爆裂,否,119.631515,23.581640
2024,8,20240801,142500,A2,澎湖縣政府警察局,澎湖縣馬公市縣202線 4公里,晴,有照明未開啟或故障,縣道,70,單路部分,直路,路段,一般車道(未劃分快慢車道),柏油,乾燥,無缺陷,無障礙物,無遮蔽物,良好,無號誌,無號誌,雙向禁止超車線,附標記,車道線(無標記),未繪設快慢車道分隔線,有,車輛本身,路上翻車、摔倒,機件,車輪脫落或輪胎爆裂,死亡0;受傷2,2,,,無或物(動物、堆置物),-1,,,,,,,,,無(非車輛駕駛人因素),尚未發現肇事因素,否,119.631515,23.581640
2024,8,20240801,142500,A2,澎湖縣政府警察局,澎湖縣馬公市縣202線 4公里,晴,有照明未開啟或故障,縣道,70,單路部分,直路,路段,一般車道(未劃分快慢車道),柏油,乾燥,無缺陷,無障礙物,無遮蔽物,良好,無號誌,無號誌,雙向禁止超車線,附標記,車道線(無標記),未繪設快慢車道分隔線,有,車輛本身,路上翻車、摔倒,機件,車輪脫落或輪胎爆裂,死亡0;受傷2,3,人,乘客,男,18,戴非半罩式安全帽,非駕駛人,不明,不明,其他,非汽、機及自行車,,,無(非車輛駕駛人因素),尚未發現肇事因素,否,119.631515,23.581640
2024,8,20240801,142700,A2,彰化縣警察局,彰化縣鹿港鎮臨海路二段88號前,晴,有照明未開啟或故障,村里道路,40,單路部分,直路,路段,一般車道(未劃分快慢車道),柏油,乾燥,無缺陷,無障礙物,無遮蔽物,良好,無號誌,無號誌,行車分向線,無標記,車道線(無標記),未繪設快慢車道分隔線,有,車輛本身,路上翻車、摔倒,無(車輛駕駛者因素),尚未發現肇事因素,死亡0;受傷1,1,機車,普通重型,男,36,戴半罩式安全帽,未使用,車的狀態,向前直行中,機車與自行車,前車頭,,,無(車輛駕駛者因素),尚未發現肇事因素,否,120.418175,24.057603
2024,8,20240801,142700,A2,彰化縣警察局,彰化縣鹿港鎮臨海路二段88號前,晴,有照明未開啟或故障,村里道路,40,單路部分,直路,路段,一般車道(未劃分快慢車道),柏油,乾燥,無缺陷,無障礙物,無遮蔽物,良好,無號誌,無號誌,行車分向線,無標記,車道線(無標記),未繪設快慢車道分隔線,有,車輛本身,路上翻車、摔倒,無(車輛駕駛者因素),尚未發現肇事因素,死亡0;受傷1,2,,,無或物(動物、堆置物),-1,,,,,,,,,無(非車輛駕駛人因素),尚未發現肇事因素,否,120.418175,24.057603
2024,8,20240801,142800,A2,臺中市政府警察局,臺中市大里區長榮里東榮路55巷42弄25號前0.0公尺,晴,有照明未開啟或故障,市區道路,30,交岔路,四岔路,交叉路口,交叉口附近,柏油,乾燥,無缺陷,無障礙物,無遮蔽物,良好,無號誌,無號誌,無,無分向設施,未繪設車道線,未繪設快慢車道分隔線,無,車與車,其他,其他,違規(臨時)停車,死亡0;受傷1,1,小客車(含客、貨兩用),自用,男,41,繫安全帶(使用幼童安全椅),未使用,車的狀態,靜止(引擎熄火),汽車,左側車身,,,其他,違規(臨時)停車,否,120.688326,24.109052
2024,8,20240801,142800,A2,臺中市政府警察局,臺中市大里區長榮里東榮路55巷42弄25號前0.0公尺,晴,有照明未開啟或故障,市區道路,30,交岔路,四岔路,交叉路口,交叉口附近,柏油,乾燥,無缺陷,無障礙物,無遮蔽物,良好,無號誌,無號誌,無,無分向設施,未繪設車道線,未繪設快慢車道分隔線,無,車與車,其他,其他,違規(臨時)停車,死亡0;受傷1,2,機車,普通重型,女,65,戴半罩式安全帽,未使用,車的狀態,向前直行中,機車與自行車,右側車身,,,無(車輛駕駛者因素),尚未發現肇事因素,否,120.688326,24.109052
2024,8,20240801,142800,A2,臺中市政府警察局,臺中市大里區長榮里東榮路55巷42弄25號前0.0公尺,晴,有照明未開啟或故障,市區道路,30,交岔路,四岔路,交叉路口,交叉口附近,柏油,乾燥,無缺陷,無障礙物,無遮蔽物,良好,無號誌,無號誌,無,無分向設施,未繪設車道線,未繪設快慢車道分隔線,無,車與車,其他,其他,違規(臨時)停車,死亡0;受傷1,3,人,乘客,女,24,繫安全帶(使用幼童安全椅),非駕駛人,人的狀態,其他,其他,非汽、機及自行車,,,非駕駛者,開啟或關閉車門不當,否,120.688326,24.109052
2024,8,20240801,143700,A2,臺中市政府警察局,臺中市西區民生里自由路一段 / 臺中市西區民生里法院前街,晴,無照明,市區道路,50,交岔路,三岔路,交叉路口,交叉路口內,柏油,乾燥,無缺陷,無障礙物,無遮蔽物,良好,無號誌,無號誌,無,無分向設施,未繪設車道線,未繪設快慢車道分隔線,無,車與車,側撞,駕駛者,起步時未注意安全,死亡0;受傷1,1,小客車(含客、貨兩用),自用,男,28,繫安全帶(使用幼童安全椅),未使用,車的狀態,起步,汽車,左前車頭(身),,,駕駛者,起步時未注意安全,否,120.676189,24.134293
2024,8,20240801,143700,A2,臺中市政府警察局,臺中市西區民生里自由路一段 / 臺中市西區民生里法院前街,晴,無照明,市區道路,50,交岔路,三岔路,交叉路口,交叉路口內,柏油,乾燥,無缺陷,無障礙物,無遮蔽物,良好,無號誌,無號誌,無,無分向設施,未繪設車道線,未繪設快慢車道分隔線,無,車與車,側撞,駕駛者,起步時未注意安全,死亡0;受傷1,2,小客車(含客、貨兩用),自用,女,28,繫安全帶(使用幼童安全椅),未使用,車的狀態,向前直行中,汽車,右前車頭(身),,,駕駛者,未依規定減速,否,120.676189,24.134293
2024,8,20240801,143700,A2,臺中市政府警察局,臺中市西區民生里自由路一段 / 臺中市西區民生里法院前街,晴,無照明,市區道路,50,交岔路,三岔路,交叉路口,交叉路口內,柏油,乾燥,無缺陷,無障礙物,無遮蔽物,良好,無號誌,無號誌,無,無分向設施,未繪設車道線,未繪設快慢車道分隔線,無,車與車,側撞,駕駛者,起步時未注意安全,死亡0;受傷1,3,小客車(含客、貨兩用),計程車,男,64,不明,未使用,車的狀態,靜止(引擎熄火),其他,無撞擊,,,無(車輛駕駛者因素),尚未發現肇事因素,否,120.676189,24.134293
2024,8,20240801,143900,A2,臺北市政府警察局,臺北市士林區中正路 / 臺北市士林區中正路,晴,有照明且開啟,市區道路,50,交岔路,三岔路,交叉路口,交叉路口內,柏油,乾燥,無缺陷,無障礙物,無遮蔽物,良好,無號誌,無號誌,中央分向島,寬式(50公分以上),車道線(無標記),未繪設快慢車道分隔線,無,車與車,側撞,駕駛者,左轉彎未依規定,死亡0;受傷1,1,小客車(含客、貨兩用),自用,男,68,不明,不明,車的狀態,左轉彎,汽車,前車頭,,,駕駛者,左轉彎未依規定,否,121.518188,25.087095
2024,8,20240801,143900,A2,臺北市政府警察局,臺北市士林區中正路 / 臺北市士林區中正路,晴,有照明且開啟,市區道路,50,交岔路,三岔路,交叉路口,交叉路口內,柏油,乾燥,無缺陷,無障礙物,無遮蔽物,良好,無號誌,無號誌,中央分向島,寬式(50公分以上),車道線(無標記),未繪設快慢車道分隔線,無,車與車,側撞,駕駛者,左轉彎未依規定,死亡0;受傷1,2,機車,普通重型,男,63,不明,不明,車的狀態,向前直行中,機車與自行車,左側車身,,,無(車輛駕駛者因素),尚未發現肇事因素,否,121.518188,25.087095
2024,8,20240801,145300,A2,臺北市政府警察局,臺北市中山區農安街 / 臺北市中山區農安街,陰,有照明且開啟,市區道路,50,交岔路,三岔路,交叉路口,交叉口附近,柏油,乾燥,無缺陷,無障礙物,無遮蔽物,良好,無號誌,無號誌,雙向禁止超車線,無標記,車道線(無標記),未繪設快慢車道分隔線,無,車與車,側撞,其他,肇事逃逸未查獲，無法查明肇因,死亡0;受傷1,1,,,肇事逃逸尚未查獲,0,,,,,,,,,,肇事逃逸未查獲，無法查明肇因,是,121.529816,25.064865