發生年度,發生月份,發生日期,發生時間,事故類別名稱,處理單位名稱警局層,發生地點,天候名稱,光線名稱,道路類別-第1當事者-名稱,速限-第1當事者,道路型態大類別名稱,道路型態子類別名稱,事故位置大類別名稱,事故位置子類別名稱,路面狀況-路面鋪裝名稱,路面狀況-路面狀態名稱,路面狀況-路面缺陷名稱,道路障礙-障礙物名稱,道路障礙-視距品質名稱,道路障礙-視距名稱,號誌-號誌種類名稱,號誌-號誌動作名稱,車道劃分設施-分向設施大類別名稱,車道劃分設施-分向設施子類別名稱,車道劃分設施-分道設施-快車道或一般車道間名稱,車道劃分設施-分道設施-快慢車道間名稱,車道劃分設施-分道設施-路面邊線名稱,事故類型及型態大類別名稱,事故類型及型態子類別名稱,肇因研判大類別名稱-主要,肇因研判子類別名稱-主要,死亡受傷人數,當事者順位,當事者區分-類別-大類別名稱-車種,當事者區分-類別-子類別名稱-車種,當事者屬-性-別名稱,當事者事故發生時年齡,保護裝備名稱,行動電話或電腦或其他相類功能裝置名稱,當事者行動狀態大類別名稱,當事者行動狀態子類別名稱,車輛撞擊部位大類別名稱-最初,車輛撞擊部位子類別名稱-最初,車輛撞擊部位大類別名稱-其他,車輛撞擊部位子類別名稱-其他,肇因研判大類別名稱-個別,肇因研判子類別名稱-個別,肇事逃逸類別名稱-是否肇逃,經度,緯度
2024,8,20240801,165000,A2,臺北市政府警察局,臺北市內湖區康寧路3段99巷39弄60號前0.0公尺,晴,有照明未開啟或故障,市區道路,30,交岔路,四岔路,交叉路口,交叉路口內,柏油,乾燥,無缺陷,無障礙物,無遮蔽物,良好,無號誌,無號誌,無,無分向設施,未繪設車道線,未繪設快慢車道分隔線,無,車與車,其他,其他,其他不當駕車行為,死亡0;受傷1,1,小貨車,租賃小貨車,男,26,繫安全帶(使用幼童安全椅),未使用,車的狀態,向前直行中,汽車,右側車身,,,其他,其他不當駕車行為,否,121.610535,25.073990
2024,8,20240801,165000,A2,臺北市政府警察局,臺北市內湖區康寧路3段99巷39弄60號前0.0公尺,晴,有照明未開啟或故障,市區道路,30,交岔路,四岔路,交叉路口,交叉路口內,柏油,乾燥,無缺陷,無障礙物,無遮蔽物,良好,無號誌,無號誌,無,無分向設施,未繪設車道線,未繪設快慢車道分隔線,無,車與車,其他,其他,其他不當駕車行為,死亡0;受傷1,2,機車,普通重型,女,69,戴非半罩式安全帽,未使用,車的狀態,向前直行中,機車與自行車,前車頭,,,其他,其他不當駕車行為,否,121.610535,25.073990
2024,8,20240801,165004,A2,宜蘭縣政府警察局,宜蘭縣羅東鎮中山路三段152號前0.0公尺,晴,有照明且開啟,其他,5,單路部分,直路,路段,一般車道(未劃分快慢車道),柏油,乾燥,無缺陷,無障礙物,無遮蔽物,良好,無號誌,無號誌,雙向禁止超車線,附標記,禁止變換車道線(附標記),未繪設快慢車道分隔線,有,車與車,側撞,駕駛者,橫越道路不慎,死亡0;受傷1,1,機車,普通重型,女,52,戴非半罩式安全帽,未使用,車的狀態,迴轉或橫越道路中,機車與自行車,前車頭,,,駕駛者,橫越道路不慎,否,121.771270,24.674656
2024,8,20240801,165004,A2,宜蘭縣政府警察局,宜蘭縣羅東鎮中山路三段152號前0.0公尺,晴,有照明且開啟,其他,5,單路部分,直路,路段,一般車道(未劃分快慢車道),柏油,乾燥,無缺陷,無障礙物,無遮蔽物,良好,無號誌,無號誌,雙向禁止超車線,附標記,禁止變換車道線(附標記),未繪設快慢車道分隔線,有,車與車,側撞,駕駛者,橫越道路不慎,死亡0;受傷1,2,,,肇事逃逸尚未查獲,-1,,,車的狀態,向前直行中,機車與自行車,左側車身,,,其他,肇事逃逸未查獲，無法查明肇因,是,121.771270,24.674656
2024,8,20240801,165300,A2,臺北市政府警察局,臺北市萬華區莒光路322巷5號前0.0公尺,晴,有照明未開啟或故障,市區道路,30,單路部分,彎曲路及附近,路段,一般車道(未劃分快慢車道),柏油,乾燥,無缺陷,無障礙物,無遮蔽物,良好,無號誌,無號誌,無,無分向設施,未繪設車道線,未繪設快慢車道分隔線,有,車與車,其他,駕駛者,起步時未注意安全,死亡0;受傷1,1,小客車(含客、貨兩用),自用,女,37,繫安全帶(使用幼童安全椅),未使用,車的狀態,起步,汽車,右前車頭(身),,,駕駛者,起步時未注意安全,否,121.497627,25.031527
2024,8,20240801,165300,A2,臺北市政府警察局,臺北市萬華區莒光路322巷5號前0.0公尺,晴,有照明未開啟或故障,市區道路,30,單路部分,彎曲路及附近,路段,一般車道(未劃分快慢車道),柏油,乾燥,無缺陷,無障礙物,無遮蔽物,良好,無號誌,無號誌,無,無分向設施,未繪設車道線,未繪設快慢車道分隔線,有,車與車,其他,駕駛者,起步時未注意安全,死亡0;受傷1,2,機車,普通重型,男,59,戴半罩式安全帽,未使用,車的狀態,向前直行中,機車與自行車,前車頭,,,無(車輛駕駛者因素),尚未發現肇事因素,否,121.497627,25.031527
2024,8,20240801,170001,A2,嘉義縣警察局,嘉義縣大林鎮大民北路200號前路口,晴,無照明,縣道,50,交岔路,四岔路,交叉路口,交叉路口內,柏油,乾燥,無缺陷,無障礙物,無遮蔽物,良好,行車管制號誌,正常,行車分向線,附標記,車道線(附標記),快慢車道分隔線,有,車與車,側撞,駕駛者,有號誌路口，轉彎車未讓直行車先行,死亡0;受傷1,1,機車,普通重型,女,76,戴半罩式安全帽,未使用,車的狀態,左轉彎,機車與自行車,前車頭,其他,不明,駕駛者,有號誌路口，轉彎車未讓直行車先行,否,120.464751,23.586666
2024,8,20240801,170001,A2,嘉義縣警察局,嘉義縣大林鎮大民北路200號前路口,晴,無照明,縣道,50,交岔路,四岔路,交叉路口,交叉路口內,柏油,乾燥,無缺陷,無障礙物,無遮蔽物,良好,行車管制號誌,正常,行車分向線,附標記,車道線(附標記),快慢車道分隔線,有,車與車,側撞,駕駛者,有號誌路口，轉彎車未讓直行車先行,死亡0;受傷1,2,小客車(含客、貨兩用),自用,女,25,繫安全帶(使用幼童安全椅),未使用,車的狀態,向前直行中,汽車,右前車頭(身),其他,不明,駕駛者,恍神、緊張、心不在焉分心駕駛,否,120.464751,23.586666
2024,8,20240801,170327,A2,新竹縣政府警察局,新竹縣竹北市福興路東側 / 新竹縣竹北市縣政九路南側,晴,有照明未開啟或故障,市區道路,50,交岔路,四岔路,交叉路口,交叉路口內,柏油,乾燥,無缺陷,其他障礙物,有遮蔽物,路上停放車輛,行車管制號誌(附設行人專用號誌),正常,雙向禁止超車線,附標記,禁止變換車道線(附標記),未繪設快慢車道分隔線,有,車與車,其他,駕駛者,恍神、緊張、心不在焉分心駕駛,死亡0;受傷1,1,機車,普通重型,女,31,戴非半罩式安全帽,未使用,車的狀態,起步,機車與自行車,右側車身,,,駕駛者,恍神、緊張、心不在焉分心駕駛,否,121.008161,24.824562
2024,8,20240801,170327,A2,新竹縣政府警察局,新竹縣竹北市福興路東側 / 新竹縣竹北市縣政九路南側,晴,有照明未開啟或故障,市區道路,50,交岔路,四岔路,交叉路口,交叉路口內,柏油,乾燥,無缺陷,其他障礙物,有遮蔽物,路上停放車輛,行車管制號誌(附設行人專用號誌),正常,雙向禁止超車線,附標記,禁止變換車道線(附標記),未繪設快慢車道分隔線,有,車與車,其他,駕駛者,恍神、緊張、心不在焉分心駕駛,死亡0;受傷1,2,機車,普通重型,女,27,戴非半罩式安全帽,未使用,車的狀態,起步,機車與自行車,左側車身,,,無(車輛駕駛者因素),尚未發現肇事因素,否,121.008161,24.824562
2024,8,20240801,170400,A2,臺中市政府警察局,臺中市大雅區四德里中清路三段 / 臺中市大雅區四德里龍善二街,晴,有照明未開啟或故障,市區道路,60,交岔路,三岔路,交叉路口,交叉路口內,柏油,乾燥,無缺陷,無障礙物,無遮蔽物,良好,行車管制號誌,正常,中央分向島,寬式(50公分以上),車道線(無標記),未繪設快慢車道分隔線,有,車與車,同向擦撞,其他,其他不當駕車行為,死亡0;受傷1,1,機車,普通重型,女,40,戴半罩式安全帽,未使用,車的狀態,向前直行中,機車與自行車,左側車身,,,其他,其他不當駕車行為,否,120.650050,24.212034
2024,8,20240801,170400,A2,臺中市政府警察局,臺中市大雅區四德里中清路三段 / 臺中市大雅區四德里龍善二街,晴,有照明未開啟或故障,市區道路,60,交岔路,三岔路,交叉路口,交叉路口內,柏油,乾燥,無缺陷,無障礙物,無遮蔽物,良好,行車管制號誌,正常,中央分向島,寬式(50公分以上),車道線(無標記),未繪設快慢車道分隔線,有,車與車,同向擦撞,其他,其他不當駕車行為,死亡0;受傷1,2,小貨車,自用,男,43,繫安全帶(使用幼童安全椅),未使用,車的狀態,右轉彎,汽車,右前車頭(身),,,駕駛者,右轉彎未依規定,否,120.650050,24.212034
2024,8,20240801,170642,A2,宜蘭縣政府警察局,宜蘭縣宜蘭市光復路6號附近,晴,有照明未開啟或故障,市區道路,50,單路部分,直路,路段,一般車道(未劃分快慢車道),柏油,乾燥,無缺陷,路上有停車,無遮蔽物,良好,無號誌,無號誌,中央分向島,寬式(50公分以上),車道線(無標記),未繪設快慢車道分隔線,無,車與車,其他,其他,開啟或關閉車門不當,死亡0;受傷1,1,小客車(含客、貨兩用),自用,男,64,不明,不明,車的狀態,等待(引擎未熄火),其他,無撞擊,其他,無撞擊,其他,開啟或關閉車門不當,否,121.757321,24.754769
2024,8,20240801,170642,A2,宜蘭縣政府警察局,宜蘭縣宜蘭市光復路6號附近,晴,有照明未開啟或故障,市區道路,50,單路部分,直路,路段,一般車道(未劃分快慢車道),柏油,乾燥,無缺陷,路上有停車,無遮蔽物,良好,無號誌,無號誌,中央分向島,寬式(50公分以上),車道線(無標記),未繪設快慢車道分隔線,無,車與車,其他,其他,開啟或關閉車門不當,死亡0;受傷1,2,機車,普通輕型,女,64,戴半罩式安全帽,未使用,車的狀態,向前直行中,其他,不明,其他,不明,無(車輛駕駛者因素),尚未發現肇事因素,否,121.757321,24.754769
2024,8,20240801,171131,A2,南投縣政府警察局,南投縣草屯鎮新厝里建興巷3號前,晴,無照明,村里道路,30,單路部分,直路,路段,路肩、路緣,柏油,乾燥,無缺陷,無障礙物,無遮蔽物,良好,無號誌,無號誌,無,無分向設施,未繪設車道線,未繪設快慢車道分隔線,無,車輛本身,其他,其他,車輛或機械操作不當(慎),死亡0;受傷1,1,慢車,微型電動二輪車,女,64,戴半罩式安全帽,未使用,車的狀態,向前直行中,機車與自行車,右側車身,機車與自行車,左側車身,其他,車輛或機械操作不當(慎),否,120.684402,23.971798
2024,8,20240801,171131,A2,南投縣政府警察局,南投縣草屯鎮新厝里建興巷3號前,晴,無照明,村里道路,30,單路部分,直路,路段,路肩、路緣,柏油,乾燥,無缺陷,無障礙物,無遮蔽物,良好,無號誌,無號誌,無,無分向設施,未繪設車道線,未繪設快慢車道分隔線,無,車輛本身,其他,其他,車輛或機械操作不當(慎),死亡0;受傷1,2,,,無或物(動物、堆置物),-1,,,,,,,,,無(非車輛駕駛人因素),尚未發現肇事因素,否,120.684402,23.971798
2024,8,20240801,171230,A2,嘉義縣警察局,嘉義縣溪口鄉柳溝村阿蓮庄15號前,晴,無照明,村里道路,0,單路部分,直路,路段,一般車道(未劃分快慢車道),柏油,乾燥,無缺陷,無障礙物,無遮蔽物,良好,無號誌,無號誌,無,無分向設施,未繪設車道線,未繪設快慢車道分隔線,無,車輛本身,撞動物,無(物或動物),動物竄出,死亡0;受傷1,1,,,無或物(動物、堆置物),-1,,,,,,,,,無(物或動物),動物竄出,否,120.424559,23.591304
2024,8,20240801,171230,A2,嘉義縣警察局,嘉義縣溪口鄉柳溝村阿蓮庄15號前,晴,無照明,村里道路,0,單路部分,直路,路段,一般車道(未劃分快慢車道),柏油,乾燥,無缺陷,無障礙物,無遮蔽物,良好,無號誌,無號誌,無,無分向設施,未繪設車道線,未繪設快慢車道分隔線,無,車輛本身,撞動物,無(物或動物),動物竄出,死亡0;受傷1,2,機車,普通重型,女,40,戴半罩式安全帽,未使用,車的狀態,向前直行中,機車與自行車,前車頭,,,無(車輛駕駛者因素),尚未發現肇事因素,否,120.424559,23.591304
2024,8,20240801,171300,A2,臺中市政府警察局,臺中市大里區大元里台74線前0.0公尺,晴,有照明未開啟或故障,市區道路,80,單路部分,直路,路段,一般車道(未劃分快慢車道),柏油,乾燥,無缺陷,無障礙物,無遮蔽物,良好,無號誌,無號誌,中央分向島,窄式附柵欄,車道線(無標記),未繪設快慢車道分隔線,有,車與車,追撞,駕駛者,未保持行車安全距離,死亡0;受傷2,1,小客車(含客、貨兩用),自用,男,24,繫安全帶(使用幼童安全椅),未使用,車的狀態,向前直行中,汽車,前車頭,,,駕駛者,未保持行車安全距離,否,120.690704,24.098029
2024,8,20240801,171300,A2,臺中市政府警察局,臺中市大里區大元里台74線前0.0公尺,晴,有照明未開啟或故障,市區道路,80,單路部分,直路,路段,一般車道(未劃分快慢車道),柏油,乾燥,無缺陷,無障礙物,無遮蔽物,良好,無號誌,無號誌,中央分向島,窄式附柵欄,車道線(無標記),未繪設快慢車道分隔線,有,車與車,追撞,駕駛者,未保持行車安全距離,死亡0;受傷2,2,小客車(含客、貨兩用),自用,女,49,繫安全帶(使用幼童安全椅),未使用,車的狀態,向前直行中,汽車,後車尾,,,無(車輛駕駛者因素),尚未發現肇事因素,否,120.690704,24.098029
2024,8,20240801,171300,A2,臺中市政府警察局,臺中市大里區大元里台74線前0.0公尺,晴,有照明未開啟或故障,市區道路,80,單路部分,直路,路段,一般車道(未劃分快慢車道),柏油,乾燥,無缺陷,無障礙物,無遮蔽物,良好,無號誌,無號誌,中央分向島,窄式附柵欄,車道線(無標記),未繪設快慢車道分隔線,有,車與車,追撞,駕駛者,未保持行車安全距離,死亡0;受傷2,3,人,乘客,男,68,繫安全帶(使用幼童安全椅),非駕駛人,不明,不明,其他,非汽、機及自行車,,,無(非車輛駕駛人因素),尚未發現肇事因素,否,120.690704,24.098029
2024,8,20240801,171300,A2,臺中市政府警察局,臺中市大里區大元里台74線前0.0公尺,晴,有照明未開啟或故障,市區道路,80,單路部分,直路,路段,一般車道(未劃分快慢車道),柏油,乾燥,無缺陷,無障礙物,無遮蔽物,良好,無號誌,無號誌,中央分向島,窄式附柵欄,車道線(無標記),未繪設快慢車道分隔線,有,車與車,追撞,駕駛者,未保持行車安全距離,死亡0;受傷2,4,人,乘客,女,73,繫安全帶(使用幼童安全椅),非駕駛人,不明,不明,其他,非汽、機及自行車,,,無(非車輛駕駛人因素),尚未發現肇事因素,否,120.690704,24.098029
2024,8,20240801,172000,A2,臺北市政府警察局,臺北市松山區南京東路5段296號前0.0公尺,晴,無照明,村里道路,50,圓環廣場,其他,路段,一般車道(未劃分快慢車道),柏油,乾燥,無缺陷,無障礙物,無遮蔽物,良好,無號誌,無號誌,行車分向線,無標記,未繪設車道線,未繪設快慢車道分隔線,無,車與車,同向擦撞,駕駛者,變換車道不當,死亡0;受傷2,1,小客車(含客、貨兩用),自用,男,59,繫安全帶(使用幼童安全椅),未使用,車的狀態,向右變換車道,汽車,右側車身,,,駕駛者,變換車道不當,否,121.567415,25.051249
2024,8,20240801,172000,A2,臺北市政府警察局,臺北市松山區南京東路5段296號前0.0公尺,晴,無照明,村里道路,50,圓環廣場,其他,路段,一般車道(未劃分快慢車道),柏油,乾燥,無缺陷,無障礙物,無遮蔽物,良好,無號誌,無號誌,行車分向線,無標記,未繪設車道線,未繪設快慢車道分隔線,無,車與車,同向擦撞,駕駛者,變換車道不當,死亡0;受傷2,2,機車,普通重型,男,42,戴非半罩式安全帽,未使用,車的狀態,向前直行中,其他,不明,,,駕駛者,未保持行車安全距離,否,121.567415,25.051249
2024,8,20240801,172000,A2,臺北市政府警察局,臺北市松山區南京東路5段296號前0.0公尺,晴,無照明,村里道路,50,圓環廣場,其他,路段,一般車道(未劃分快慢車道),柏油,乾燥,無缺陷,無障礙物,無遮蔽物,良好,無號誌,無號誌,行車分向線,無標記,未繪設車道線,未繪設快慢車道分隔線,無,車與車,同向擦撞,駕駛者,變換車道不當,死亡0;受傷2,3,機車,普通重型,男,27,戴非半罩式安全帽,未使用,車的狀態,向前直行中,機車與自行車,左側車身,,,無(車輛駕駛者因素),尚未發現肇事因素,否,121.567415,25.051249
2024,8,20240801,172000,A2,南投縣政府警察局,南投縣國姓鄉港頭巷54號前,晴,無照明,其他,30,單路部分,直路,路段,路肩、路緣,柏油,乾燥,無缺陷,無障礙物,無遮蔽物,良好,無號誌,無號誌,雙向禁止超車線,附標記,未繪設車道線,未繪設快慢車道分隔線,有,車輛本身,撞護欄(樁),其他,其他不當駕車行為,死亡0;受傷1,1,小貨車,自用,男,40,不明,不明,車的狀態,向前直行中,汽車,前車頭,汽車,右側車身,其他,其他不當駕車行為,否,120.865763,23.926469
2024,8,20240801,172000,A2,南投縣政府警察局,南投縣國姓鄉港頭巷54號前,晴,無照明,其他,30,單路部分,直路,路段,路肩、路緣,柏油,乾燥,無缺陷,無障礙物,無遮蔽物,良好,無號誌,無號誌,雙向禁止超車線,附標記,未繪設車道線,未繪設快慢車道分隔線,有,車輛本身,撞護欄(樁),其他,其他不當駕車行為,死亡0;受傷1,2,,,無或物(動物、堆置物),-1,,,,,,,,,無(非車輛駕駛人因素),尚未發現肇事因素,否,120.865763,23.926469
2024,8,20240801,172012,A2,新竹縣政府警察局,新竹縣新埔鎮義民路3段329號附近,晴,有照明未開啟或故障,縣道,40,單路部分,直路,路段,一般車道(未劃分快慢車道),柏油,乾燥,無缺陷,無障礙物,無遮蔽物,良好,無號誌,無號誌,雙向禁止超車線,無標記,禁止變換車道線(無標記),未繪設快慢車道分隔線,有,車與車,追撞,駕駛者,恍神、緊張、心不在焉分心駕駛,死亡0;受傷1,1,小客車(含客、貨兩用),自用,女,43,不明,不明,車的狀態,起步,汽車,右前車頭(身),,,駕駛者,恍神、緊張、心不在焉分心駕駛,否,121.036185,24.843208
2024,8,20240801,172012,A2,新竹縣政府警察局,新竹縣新埔鎮義民路3段329號附近,晴,有照明未開啟或故障,縣道,40,單路部分,直路,路段,一般車道(未劃分快慢車道),柏油,乾燥,無缺陷,無障礙物,無遮蔽物,良好,無號誌,無號誌,雙向禁止超車線,無標記,禁止變換車道線(無標記),未繪設快慢車道分隔線,有,車與車,追撞,駕駛者,恍神、緊張、心不在焉分心駕駛,死亡0;受傷1,2,機車,普通重型,女,37,不明,不明,車的狀態,等待(引擎未熄火),機車與自行車,後車尾,,,無(車輛駕駛者因素),尚未發現肇事因素,否,121.036185,24.843208
2024,8,20240801,172200,A2,臺中市政府警察局,臺中市大雅區雅楓里神林南路 / 臺中市大雅區雅楓里神林南路,晴,無照明,市區道路,50,交岔路,三岔路,交叉路口,交叉路口內,柏油,乾燥,無缺陷,無障礙物,無遮蔽物,良好,無號誌,無號誌,雙向禁止超車線,無標記,未繪設車道線,未繪設快慢車道分隔線,有,車與車,側撞,駕駛者,其他未依規定讓車,死亡0;受傷2,1,機車,普通重型,男,59,戴半罩式安全帽,未使用,車的狀態,左轉彎,機車與自行車,右側車身,,,駕駛者,其他未依規定讓車,否,120.657189,24.224874
2024,8,20240801,172200,A2,臺中市政府警察局,臺中市大雅區雅楓里神林南路 / 臺中市大雅區雅楓里神林南路,晴,無照明,市區道路,50,交岔路,三岔路,交叉路口,交叉路口內,柏油,乾燥,無缺陷,無障礙物,無遮蔽物,良好,無號誌,無號誌,雙向禁止超車線,無標記,未繪設車道線,未繪設快慢車道分隔線,有,車與車,側撞,駕駛者,其他未依規定讓車,死亡0;受傷2,2,機車,普通重型,男,34,戴半罩式安全帽,未使用,車的狀態,向前直行中,機車與自行車,前車頭,,,駕駛者,未依規定減速,否,120.657189,24.224874
2024,8,20240801,172500,A2,臺中市政府警察局,臺中市西屯區福聯里東大路一段121號前0.0公尺,晴,有照明未開啟或故障,市區道路,50,單路部分,直路,路段,一般車道(未劃分快慢車道),柏油,乾燥,無缺陷,無障礙物,無遮蔽物,良好,無號誌,無號誌,中央分向島,窄式無柵欄,車道線(無標記),未繪設快慢車道分隔線,無,車與車,側撞,駕駛者,迴轉未依規定,死亡0;受傷1,1,小客車(含客、貨兩用),自用,女,55,不明,不明,車的狀態,迴轉或橫越道路中,汽車,前車頭,,,駕駛者,迴轉未依規定,否,120.602859,24.184935
2024,8,20240801,172500,A2,臺中市政府警察局,臺中市西屯區福聯里東大路一段121號前0.0公尺,晴,有照明未開啟或故障,市區道路,50,單路部分,直路,路段,一般車道(未劃分快慢車道),柏油,乾燥,無缺陷,無障礙物,無遮蔽物,良好,無號誌,無號誌,中央分向島,窄式無柵欄,車道線(無標記),未繪設快慢車道分隔線,無,車與車,側撞,駕駛者,迴轉未依規定,死亡0;受傷1,2,機車,普通重型,男,31,不明,不明,車的狀態,向前直行中,機車與自行車,左側車身,,,駕駛者,恍神、緊張、心不在焉分心駕駛,否,120.602859,24.184935
2024,8,20240801,172500,A2,臺中市政府警察局,臺中市東區富仁里復興路五段 / 臺中市東區富仁里精武路,晴,有照明未開啟或故障,市區道路,50,交岔路,四岔路,交叉路口,交叉路口內,柏油,乾燥,無缺陷,無障礙物,無遮蔽物,良好,無號誌,無號誌,無,無分向設施,未繪設車道線,未繪設快慢車道分隔線,無,車與車,側撞,駕駛者,無號誌路口，轉彎車未讓直行車先行,死亡0;受傷1,1,小客車(含客、貨兩用),自用,女,43,繫安全帶(使用幼童安全椅),未使用,車的狀態,右轉彎,汽車,右前車頭(身),,,駕駛者,無號誌路口，轉彎車未讓直行車先行,否,120.689502,24.146324
2024,8,20240801,172500,A2,臺中市政府警察局,臺中市東區富仁里復興路五段 / 臺中市東區富仁里精武路,晴,有照明未開啟或故障,市區道路,50,交岔路,四岔路,交叉路口,交叉路口內,柏油,乾燥,無缺陷,無障礙物,無遮蔽物,良好,無號誌,無號誌,無,無分向設施,未繪設車道線,未繪設快慢車道分隔線,無,車與車,側撞,駕駛者,無號誌路口，轉彎車未讓直行車先行,死亡0;受傷1,2,機車,普通重型,女,41,戴非半罩式安全帽,未使用,車的狀態,向前直行中,機車與自行車,左側車身,,,其他,其他不當駕車行為,否,120.689502,24.146324
2024,8,20240801,172500,A2,臺中市政府警察局,臺中市霧峰區萊園里成功路 / 臺中市霧峰區萊園里萊園路,晴,有照明未開啟或故障,市區道路,50,交岔路,四岔路,交叉路口,交叉路口內,柏油,乾燥,無缺陷,無障礙物,無遮蔽物,良好,行車管制號誌,正常,無,無分向設施,未繪設車道線,未繪設快慢車道分隔線,有,車與車,其他,駕駛者,闖紅燈左轉(或迴轉),死亡0;受傷1,1,小客車(含客、貨兩用),自用,男,53,繫安全帶(使用幼童安全椅),未使用,車的狀態,左轉彎,其他,無撞擊,,,駕駛者,闖紅燈左轉(或迴轉),否,120.702925,24.062028
2024,8,20240801,172500,A2,臺中市政府警察局,臺中市霧峰區萊園里成功路 / 臺中市霧峰區萊園里萊園路,晴,有照明未開啟或故障,市區道路,50,交岔路,四岔路,交叉路口,交叉路口內,柏油,乾燥,無缺陷,無障礙物,無遮蔽物,良好,行車管制號誌,正常,無,無分向設施,未繪設車道線,未繪設快慢車道分隔線,有,車與車,其他,駕駛者,闖紅燈左轉(或迴轉),死亡0;受傷1,2,機車,普通重型,男,19,戴非半罩式安全帽,未使用,車的狀態,左轉彎,機車與自行車,左側車身,,,無(車輛駕駛者因素),尚未發現肇事因素,否,120.702925,24.062028
2024,8,20240801,172700,A2,臺中市政府警察局,臺中市豐原區民生里中山路 / 臺中市豐原區民生里中興路,晴,無照明,市區道路,50,交岔路,多岔路,交叉路口,交叉路口內,柏油,乾燥,無缺陷,無障礙物,無遮蔽物,良好,行車管制號誌,正常,雙向禁止超車線,無標記,未繪設車道線,快慢車道分隔線,無,車與車,側撞,駕駛者,有號誌路口，轉彎車未讓直行車先行,死亡0;受傷2,1,大貨車,自用,男,45,不明,不明,車的狀態,左轉彎,汽車,右側車身,,,駕駛者,有號誌路口，轉彎車未讓直行車先行,否,120.715394,24.248234
2024,8,20240801,172700,A2,臺中市政府警察局,臺中市豐原區民生里中山路 / 臺中市豐原區民生里中興路,晴,無照明,市區道路,50,交岔路,多岔路,交叉路口,交叉路口內,柏油,乾燥,無缺陷,無障礙物,無遮蔽物,良好,行車管制號誌,正常,雙向禁止超車線,無標記,未繪設車道線,快慢車道分隔線,無,車與車,側撞,駕駛者,有號誌路口，轉彎車未讓直行車先行,死亡0;受傷2,2,機車,普通重型,女,21,戴半罩式安全帽,不明,車的狀態,向前直行中,機車與自行車,前車頭,,,駕駛者,未依規定減速,否,120.715394,24.248234
2024,8,20240801,172700,A2,臺中市政府警察局,臺中市豐原區民生里中山路 / 臺中市豐原區民生里中興路,晴,無照明,市區道路,50,交岔路,多岔路,交叉路口,交叉路口內,柏油,乾燥,無缺陷,無障礙物,無遮蔽物,良好,行車管制號誌,正常,雙向禁止超車線,無標記,未繪設車道線,快慢車道分隔線,無,車與車,側撞,駕駛者,有號誌路口，轉彎車未讓直行車先行,死亡0;受傷2,3,機車,普通重型,女,22,戴半罩式安全帽,不明,車的狀態,向前直行中,機車與自行車,右側車身,,,無(車輛駕駛者因素),尚未發現肇事因素,否,120.715394,24.248234
2024,8,20240801,172800,A2,臺中市政府警察局,臺中市南屯區惠中里大光街前0.0公尺,晴,有照明未開啟或故障,市區道路,50,交岔路,四岔路,交叉路口,機車停等區,柏油,乾燥,無缺陷,無障礙物,無遮蔽物,良好,無號誌,無號誌,雙向禁止超車線,無標記,未繪設車道線,未繪設快慢車道分隔線,無,車與車,對向擦撞,駕駛者,違反其他標誌(線)禁制,死亡0;受傷1,1,機車,普通重型,男,34,戴半罩式安全帽,未使用,車的狀態,迴轉或橫越道路中,機車與自行車,前車頭,,,駕駛者,違反其他標誌(線)禁制,否,120.647789,24.150775
2024,8,20240801,172800,A2,臺中市政府警察局,臺中市南屯區惠中里大光街前0.0公尺,晴,有照明未開啟或故障,市區道路,50,交岔路,四岔路,交叉路口,機車停等區,柏油,乾燥,無缺陷,無障礙物,無遮蔽物,良好,無號誌,無號誌,雙向禁止超車線,無標記,未繪設車道線,未繪設快慢車道分隔線,無,車與車,對向擦撞,駕駛者,違反其他標誌(線)禁制,死亡0;受傷1,2,機車,普通重型,女,26,戴半罩式安全帽,未使用,車的狀態,向前直行中,機車與自行車,前車頭,,,無(車輛駕駛者因素),尚未發現肇事因素,否,120.647789,24.150775
2024,8,20240801,173000,A2,臺中市政府警察局,臺中市東區旱溪里建成路 / 臺中市東區旱溪里旱溪街,晴,有照明且開啟,市區道路,50,交岔路,四岔路,交叉路口,交叉路口內,柏油,乾燥,無缺陷,無障礙物,無遮蔽物,良好,行車管制號誌,正常,無,無分向設施,未繪設車道線,未繪設快慢車道分隔線,無,車與車,其他,其他,其他不當駕車行為,死亡0;受傷2,1,機車,普通重型,男,46,戴半罩式安全帽,未使用,車的狀態,向前直行中,機車與自行車,前車頭,,,其他,其他不當駕車行為,否,120.696196,24.140548
2024,8,20240801,173000,A2,臺中市政府警察局,臺中市東區旱溪里建成路 / 臺中市東區旱溪里旱溪街,晴,有照明且開啟,市區道路,50,交岔路,四岔路,交叉路口,交叉路口內,柏油,乾燥,無缺陷,無障礙物,無遮蔽物,良好,行車管制號誌,正常,無,無分向設施,未繪設車道線,未繪設快慢車道分隔線,無,車與車,其他,其他,其他不當駕車行為,死亡0;受傷2,2,機車,普通輕型,男,27,戴半罩式安全帽,未使用,車的狀態,等待(引擎未熄火),機車與自行車,後車尾,,,無(車輛駕駛者因素),尚未發現肇事因素,否,120.696196,24.140548