發生年度,發生月份,發生日期,發生時間,事故類別名稱,處理單位名稱警局層,發生地點,天候名稱,光線名稱,道路類別-第1當事者-名稱,速限-第1當事者,道路型態大類別名稱,道路型態子類別名稱,事故位置大類別名稱,事故位置子類別名稱,路面狀況-路面鋪裝名稱,路面狀況-路面狀態名稱,路面狀況-路面缺陷名稱,道路障礙-障礙物名稱,道路障礙-視距品質名稱,道路障礙-視距名稱,號誌-號誌種類名稱,號誌-號誌動作名稱,車道劃分設施-分向設施大類別名稱,車道劃分設施-分向設施子類別名稱,車道劃分設施-分道設施-快車道或一般車道間名稱,車道劃分設施-分道設施-快慢車道間名稱,車道劃分設施-分道設施-路面邊線名稱,事故類型及型態大類別名稱,事故類型及型態子類別名稱,肇因研判大類別名稱-主要,肇因研判子類別名稱-主要,死亡受傷人數,當事者順位,當事者區分-類別-大類別名稱-車種,當事者區分-類別-子類別名稱-車種,當事者屬-性-別名稱,當事者事故發生時年齡,保護裝備名稱,行動電話或電腦或其他相類功能裝置名稱,當事者行動狀態大類別名稱,當事者行動狀態子類別名稱,車輛撞擊部位大類別名稱-最初,車輛撞擊部位子類別名稱-最初,車輛撞擊部位大類別名稱-其他,車輛撞擊部位子類別名稱-其他,肇因研判大類別名稱-個別,肇因研判子類別名稱-個別,肇事逃逸類別名稱-是否肇逃,經度,緯度
2024,8,20240801,173100,A2,臺中市政府警察局,臺中市南區積善里學府路 / 臺中市南區積善里永東街,晴,無照明,市區道路,50,交岔路,四岔路,交叉路口,交叉路口內,柏油,乾燥,無缺陷,無障礙物,無遮蔽物,良好,行車管制號誌(附設行人專用號誌),正常,雙向禁止超車線,無標記,車道線(無標記),快慢車道分隔線,無,車與車,同向擦撞,駕駛者,其他未依規定讓車,死亡0;受傷1,1,小客車(含客、貨兩用),自用,男,41,繫安全帶(使用幼童安全椅),未使用,車的狀態,左轉彎,汽車,右側車身,,,駕駛者,其他未依規定讓車,否,120.675184,24.124492
2024,8,20240801,173100,A2,臺中市政府警察局,臺中市南區積善里學府路 / 臺中市南區積善里永東街,晴,無照明,市區道路,50,交岔路,四岔路,交叉路口,交叉路口內,柏油,乾燥,無缺陷,無障礙物,無遮蔽物,良好,行車管制號誌(附設行人專用號誌),正常,雙向禁止超車線,無標記,車道線(無標記),快慢車道分隔線,無,車與車,同向擦撞,駕駛者,其他未依規定讓車,死亡0;受傷1,2,機車,普通重型,男,51,戴非半罩式安全帽,未使用,車的狀態,向前直行中,機車與自行車,前車頭,,,其他,其他不當駕車行為,否,120.675184,24.124492
2024,8,20240801,173400,A2,臺中市政府警察局,臺中市潭子區潭秀里中山路二段 / 臺中市潭子區潭秀里潭子街三段,晴,有照明未開啟或故障,市區道路,50,交岔路,四岔路,交叉路口,交叉路口內,柏油,乾燥,無缺陷,無障礙物,無遮蔽物,良好,行車管制號誌(附設行人專用號誌),正常,無,無分向設施,未繪設車道線,未繪設快慢車道分隔線,無,車與車,側撞,駕駛者,右轉彎未依規定,死亡0;受傷1,1,小客車(含客、貨兩用),自用,男,28,繫安全帶(使用幼童安全椅),未使用,車的狀態,右轉彎,汽車,右前車頭(身),,,駕駛者,右轉彎未依規定,否,120.705150,24.215575
2024,8,20240801,173400,A2,臺中市政府警察局,臺中市潭子區潭秀里中山路二段 / 臺中市潭子區潭秀里潭子街三段,晴,有照明未開啟或故障,市區道路,50,交岔路,四岔路,交叉路口,交叉路口內,柏油,乾燥,無缺陷,無障礙物,無遮蔽物,良好,行車管制號誌(附設行人專用號誌),正常,無,無分向設施,未繪設車道線,未繪設快慢車道分隔線,無,車與車,側撞,駕駛者,右轉彎未依規定,死亡0;受傷1,2,機車,普通重型,男,70,戴非半罩式安全帽,未使用,車的狀態,向前直行中,機車與自行車,左側車身,其他,不明,無(車輛駕駛者因素),尚未發現肇事因素,否,120.705150,24.215575
2024,8,20240801,173500,A2,臺中市政府警察局,臺中市西屯區廣福里廣福路398號前0.0公尺,晴,有照明未開啟或故障,市區道路,50,單路部分,直路,路段,一般車道(未劃分快慢車道),柏油,乾燥,無缺陷,無障礙物,無遮蔽物,良好,無號誌,無號誌,雙向禁止超車線,無標記,未繪設車道線,快慢車道分隔線,有,車與車,其他,駕駛者,起步時未注意安全,死亡0;受傷1,1,小客車(含客、貨兩用),自用,男,63,繫安全帶(使用幼童安全椅),未使用,車的狀態,起步,汽車,左前車頭(身),,,駕駛者,起步時未注意安全,否,120.644638,24.203259
2024,8,20240801,173500,A2,臺中市政府警察局,臺中市西屯區廣福里廣福路398號前0.0公尺,晴,有照明未開啟或故障,市區道路,50,單路部分,直路,路段,一般車道(未劃分快慢車道),柏油,乾燥,無缺陷,無障礙物,無遮蔽物,良好,無號誌,無號誌,雙向禁止超車線,無標記,未繪設車道線,快慢車道分隔線,有,車與車,其他,駕駛者,起步時未注意安全,死亡0;受傷1,2,機車,普通重型,男,26,戴半罩式安全帽,未使用,車的狀態,向前直行中,機車與自行車,右側車身,,,無(車輛駕駛者因素),尚未發現肇事因素,否,120.644638,24.203259
2024,8,20240801,173500,A2,臺北市政府警察局,臺北市中山區內湖路1段 / 臺北市中山區植福路,陰,有照明且開啟,市區道路,50,交岔路,三岔路,交叉路口,交叉路口內,柏油,乾燥,無缺陷,無障礙物,無遮蔽物,良好,無號誌,無號誌,雙向禁止超車線,無標記,未繪設車道線,未繪設快慢車道分隔線,無,車與車,其他,無(車輛駕駛者因素),尚未發現肇事因素,死亡0;受傷1,1,小客車(含客、貨兩用),自用,男,50,不明,不明,車的狀態,左轉彎,汽車,前車頭,,,無(車輛駕駛者因素),尚未發現肇事因素,否,121.559477,25.084161
2024,8,20240801,173500,A2,臺北市政府警察局,臺北市中山區內湖路1段 / 臺北市中山區植福路,陰,有照明且開啟,市區道路,50,交岔路,三岔路,交叉路口,交叉路口內,柏油,乾燥,無缺陷,無障礙物,無遮蔽物,良好,無號誌,無號誌,雙向禁止超車線,無標記,未繪設車道線,未繪設快慢車道分隔線,無,車與車,其他,無(車輛駕駛者因素),尚未發現肇事因素,死亡0;受傷1,2,機車,普通重型,女,46,不明,不明,車的狀態,向前直行中,機車與自行車,右側車身,,,無(車輛駕駛者因素),尚未發現肇事因素,否,121.559477,25.084161
2024,8,20240801,173538,A2,嘉義縣警察局,嘉義縣民雄鄉興中村江厝店54號之33前,晴,有照明未開啟或故障,村里道路,40,單路部分,直路,路段,一般車道(未劃分快慢車道),柏油,乾燥,無缺陷,無障礙物,無遮蔽物,良好,無號誌,無號誌,無,無分向設施,未繪設車道線,未繪設快慢車道分隔線,無,車與車,追撞,駕駛者,未保持行車安全距離,死亡0;受傷1,1,機車,普通重型,男,48,不明,不明,車的狀態,向前直行中,機車與自行車,前車頭,機車與自行車,前車頭,駕駛者,未保持行車安全距離,否,120.421766,23.521600
2024,8,20240801,173538,A2,嘉義縣警察局,嘉義縣民雄鄉興中村江厝店54號之33前,晴,有照明未開啟或故障,村里道路,40,單路部分,直路,路段,一般車道(未劃分快慢車道),柏油,乾燥,無缺陷,無障礙物,無遮蔽物,良好,無號誌,無號誌,無,無分向設施,未繪設車道線,未繪設快慢車道分隔線,無,車與車,追撞,駕駛者,未保持行車安全距離,死亡0;受傷1,2,小客車(含客、貨兩用),自用,女,30,不明,不明,車的狀態,急減速或急停止,汽車,後車尾,汽車,後車尾,無(車輛駕駛者因素),尚未發現肇事因素,否,120.421766,23.521600
2024,8,20240801,173700,A2,澎湖縣政府警察局,澎湖縣馬公市新店路口 / 澎湖縣馬公市文安路口,晴,有照明未開啟或故障,市區道路,50,交岔路,三岔路,交叉路口,交叉路口內,柏油,乾燥,無缺陷,路上有停車,無遮蔽物,良好,無號誌,無號誌,無,無分向設施,未繪設車道線,未繪設快慢車道分隔線,無,人與車,穿越道路中,駕駛者,恍神、緊張、心不在焉分心駕駛,死亡0;受傷3,1,機車,普通重型,女,53,戴半罩式安全帽,未使用,車的狀態,向前直行中,機車與自行車,前車頭,,,駕駛者,恍神、緊張、心不在焉分心駕駛,否,119.581038,23.563194
2024,8,20240801,173700,A2,澎湖縣政府警察局,澎湖縣馬公市新店路口 / 澎湖縣馬公市文安路口,晴,有照明未開啟或故障,市區道路,50,交岔路,三岔路,交叉路口,交叉路口內,柏油,乾燥,無缺陷,路上有停車,無遮蔽物,良好,無號誌,無號誌,無,無分向設施,未繪設車道線,未繪設快慢車道分隔線,無,人與車,穿越道路中,駕駛者,恍神、緊張、心不在焉分心駕駛,死亡0;受傷3,2,人,行人,男,51,其他(無需使用保護裝備之人),非駕駛人,人的狀態,步行,其他,非汽、機及自行車,,,非駕駛者,未依標誌或標線穿越道路,否,119.581038,23.563194
2024,8,20240801,173700,A2,澎湖縣政府警察局,澎湖縣馬公市新店路口 / 澎湖縣馬公市文安路口,晴,有照明未開啟或故障,市區道路,50,交岔路,三岔路,交叉路口,交叉路口內,柏油,乾燥,無缺陷,路上有停車,無遮蔽物,良好,無號誌,無號誌,無,無分向設施,未繪設車道線,未繪設快慢車道分隔線,無,人與車,穿越道路中,駕駛者,恍神、緊張、心不在焉分心駕駛,死亡0;受傷3,3,人,行人,女,46,其他(無需使用保護裝備之人),非駕駛人,人的狀態,步行,其他,非汽、機及自行車,,,非駕駛者,未依標誌或標線穿越道路,否,119.581038,23.563194
2024,8,20240801,174000,A2,臺北市政府警察局,臺北市大安區基隆路3段 / 臺北市大安區基隆路3段,晴,有照明未開啟或故障,市區道路,50,交岔路,三岔路,交叉路口,交叉路口內,柏油,乾燥,無缺陷,無障礙物,無遮蔽物,良好,無號誌,無號誌,無,無分向設施,未繪設車道線,未繪設快慢車道分隔線,無,車與車,側撞,駕駛者,其他未依規定讓車,死亡0;受傷2,1,機車,普通重型,男,41,戴非半罩式安全帽,不明,車的狀態,右轉彎,機車與自行車,右側車身,,,駕駛者,其他未依規定讓車,否,121.547163,25.019798
2024,8,20240801,174000,A2,臺北市政府警察局,臺北市大安區基隆路3段 / 臺北市大安區基隆路3段,晴,有照明未開啟或故障,市區道路,50,交岔路,三岔路,交叉路口,交叉路口內,柏油,乾燥,無缺陷,無障礙物,無遮蔽物,良好,無號誌,無號誌,無,無分向設施,未繪設車道線,未繪設快慢車道分隔線,無,車與車,側撞,駕駛者,其他未依規定讓車,死亡0;受傷2,2,機車,普通重型,男,31,戴非半罩式安全帽,不明,車的狀態,向前直行中,機車與自行車,左側車身,,,無(車輛駕駛者因素),尚未發現肇事因素,否,121.547163,25.019798
2024,8,20240801,174300,A2,臺中市政府警察局,臺中市西屯區福林里臺灣大道四段 / 臺中市西屯區福林里福林路,晴,有照明未開啟或故障,市區道路,40,交岔路,三岔路,交叉路口,交叉路口內,柏油,乾燥,無缺陷,無障礙物,無遮蔽物,良好,行車管制號誌(附設行人專用號誌),正常,無,無分向設施,未繪設車道線,未繪設快慢車道分隔線,無,車與車,追撞,駕駛者,未保持行車安全距離,死亡0;受傷2,1,機車,普通重型,女,21,不明,不明,車的狀態,向前直行中,機車與自行車,前車頭,,,駕駛者,未保持行車安全距離,否,120.614123,24.183851
2024,8,20240801,174300,A2,臺中市政府警察局,臺中市西屯區福林里臺灣大道四段 / 臺中市西屯區福林里福林路,晴,有照明未開啟或故障,市區道路,40,交岔路,三岔路,交叉路口,交叉路口內,柏油,乾燥,無缺陷,無障礙物,無遮蔽物,良好,行車管制號誌(附設行人專用號誌),正常,無,無分向設施,未繪設車道線,未繪設快慢車道分隔線,無,車與車,追撞,駕駛者,未保持行車安全距離,死亡0;受傷2,2,機車,普通重型,男,35,不明,不明,車的狀態,向前直行中,機車與自行車,後車尾,,,無(車輛駕駛者因素),尚未發現肇事因素,否,120.614123,24.183851
2024,8,20240801,174400,A2,臺中市政府警察局,臺中市南屯區惠中里大英街前0.0公尺,晴,無照明,市區道路,50,交岔路,四岔路,交叉路口,交叉路口內,柏油,乾燥,無缺陷,無障礙物,無遮蔽物,良好,行車管制號誌(附設行人專用號誌),正常,無,無分向設施,未繪設車道線,未繪設快慢車道分隔線,無,車與車,同向擦撞,駕駛者,方向不定(不包括危險駕車),死亡0;受傷1,1,機車,普通重型,男,18,戴非半罩式安全帽,未使用,車的狀態,右轉彎,機車與自行車,右側車身,,,駕駛者,方向不定(不包括危險駕車),否,120.648729,24.149941
2024,8,20240801,174400,A2,臺中市政府警察局,臺中市南屯區惠中里大英街前0.0公尺,晴,無照明,市區道路,50,交岔路,四岔路,交叉路口,交叉路口內,柏油,乾燥,無缺陷,無障礙物,無遮蔽物,良好,行車管制號誌(附設行人專用號誌),正常,無,無分向設施,未繪設車道線,未繪設快慢車道分隔線,無,車與車,同向擦撞,駕駛者,方向不定(不包括危險駕車),死亡0;受傷1,2,機車,普通重型,男,19,戴非半罩式安全帽,未使用,車的狀態,向前直行中,機車與自行車,左側車身,,,無(車輛駕駛者因素),尚未發現肇事因素,否,120.648729,24.149941
2024,8,20240801,174435,A2,南投縣政府警察局,南投縣草屯鎮碧峰里碧山路812號前,晴,有照明未開啟或故障,村里道路,50,單路部分,直路,路段,一般車道(未劃分快慢車道),柏油,乾燥,無缺陷,無障礙物,無遮蔽物,良好,無號誌,無號誌,行車分向線,無標記,未繪設車道線,未繪設快慢車道分隔線,有,車輛本身,路上翻車、摔倒,其他,車輛或機械操作不當(慎),死亡0;受傷1,1,機車,普通重型,男,40,戴非半罩式安全帽,未使用,車的狀態,向前直行中,其他,無撞擊,,,其他,車輛或機械操作不當(慎),否,120.666192,23.975776
2024,8,20240801,174435,A2,南投縣政府警察局,南投縣草屯鎮碧峰里碧山路812號前,晴,有照明未開啟或故障,村里道路,50,單路部分,直路,路段,一般車道(未劃分快慢車道),柏油,乾燥,無缺陷,無障礙物,無遮蔽物,良好,無號誌,無號誌,行車分向線,無標記,未繪設車道線,未繪設快慢車道分隔線,有,車輛本身,路上翻車、摔倒,其他,車輛或機械操作不當(慎),死亡0;受傷1,2,,,無或物(動物、堆置物),-1,,,,,,,,,無(物或動物),動物竄出,否,120.666192,23.975776
2024,8,20240801,174500,A2,彰化縣警察局,彰化縣彰化市陽明里三民路430號前,晴,無照明,市區道路,50,單路部分,直路,路段,一般車道(未劃分快慢車道),柏油,乾燥,無缺陷,無障礙物,無遮蔽物,良好,無號誌,無號誌,雙向禁止超車線,無標記,未繪設車道線,未繪設快慢車道分隔線,無,車與車,同向擦撞,駕駛者,未保持行車安全間隔,死亡0;受傷1,1,大客車,民營客運,男,59,繫安全帶(使用幼童安全椅),未使用,車的狀態,向前直行中,汽車,右側車身,,,駕駛者,未保持行車安全間隔,否,120.549334,24.086642
2024,8,20240801,174500,A2,彰化縣警察局,彰化縣彰化市陽明里三民路430號前,晴,無照明,市區道路,50,單路部分,直路,路段,一般車道(未劃分快慢車道),柏油,乾燥,無缺陷,無障礙物,無遮蔽物,良好,無號誌,無號誌,雙向禁止超車線,無標記,未繪設車道線,未繪設快慢車道分隔線,無,車與車,同向擦撞,駕駛者,未保持行車安全間隔,死亡0;受傷1,2,機車,普通重型,男,37,戴非半罩式安全帽,未使用,車的狀態,向前直行中,機車與自行車,左側車身,,,駕駛者,未保持行車安全間隔,否,120.549334,24.086642
2024,8,20240801,174500,A2,臺中市政府警察局,臺中市北屯區舊社里松竹路一段1336號前0.0公尺,晴,無照明,市區道路,50,單路部分,直路,路段,一般車道(未劃分快慢車道),柏油,乾燥,無缺陷,無障礙物,無遮蔽物,良好,無號誌,無號誌,中央分向島,窄式無柵欄,車道線(無標記),未繪設快慢車道分隔線,無,車與車,其他,駕駛者,未保持行車安全距離,死亡0;受傷1,1,機車,普通重型,女,46,戴半罩式安全帽,未使用,車的狀態,向前直行中,機車與自行車,前車頭,,,駕駛者,未保持行車安全距離,否,120.705941,24.182446
2024,8,20240801,174500,A2,臺中市政府警察局,臺中市北屯區舊社里松竹路一段1336號前0.0公尺,晴,無照明,市區道路,50,單路部分,直路,路段,一般車道(未劃分快慢車道),柏油,乾燥,無缺陷,無障礙物,無遮蔽物,良好,無號誌,無號誌,中央分向島,窄式無柵欄,車道線(無標記),未繪設快慢車道分隔線,無,車與車,其他,駕駛者,未保持行車安全距離,死亡0;受傷1,2,機車,普通重型,男,59,戴半罩式安全帽,未使用,車的狀態,急減速或急停止,機車與自行車,後車尾,,,無(車輛駕駛者因素),尚未發現肇事因素,否,120.705941,24.182446
2024,8,20240801,174600,A2,臺中市政府警察局,臺中市南屯區寶山里五權西路三段10巷85號前0.0公尺,晴,有照明未開啟或故障,市區道路,50,單路部分,直路,路段,一般車道(未劃分快慢車道),柏油,乾燥,無缺陷,無障礙物,無遮蔽物,良好,無號誌,無號誌,無,無分向設施,未繪設車道線,未繪設快慢車道分隔線,無,車與車,其他,駕駛者,恍神、緊張、心不在焉分心駕駛,死亡0;受傷1,1,機車,普通重型,男,40,戴非半罩式安全帽,未使用,車的狀態,向前直行中,機車與自行車,前車頭,,,駕駛者,恍神、緊張、心不在焉分心駕駛,否,120.619528,24.156894
2024,8,20240801,174600,A2,臺中市政府警察局,臺中市南屯區寶山里五權西路三段10巷85號前0.0公尺,晴,有照明未開啟或故障,市區道路,50,單路部分,直路,路段,一般車道(未劃分快慢車道),柏油,乾燥,無缺陷,無障礙物,無遮蔽物,良好,無號誌,無號誌,無,無分向設施,未繪設車道線,未繪設快慢車道分隔線,無,車與車,其他,駕駛者,恍神、緊張、心不在焉分心駕駛,死亡0;受傷1,2,機車,普通重型,女,36,戴非半罩式安全帽,未使用,車的狀態,向前直行中,機車與自行車,前車頭,,,駕駛者,恍神、緊張、心不在焉分心駕駛,否,120.619528,24.156894
2024,8,20240801,174600,A2,臺中市政府警察局,臺中市龍井區新東里新興路22巷17號前0.0公尺,晴,有照明未開啟或故障,市區道路,30,交岔路,三岔路,交叉路口,交叉路口內,柏油,乾燥,無缺陷,無障礙物,無遮蔽物,良好,無號誌,無號誌,無,無分向設施,未繪設車道線,未繪設快慢車道分隔線,無,車與車,側撞,駕駛者,未依規定減速,死亡0;受傷1,1,機車,普通重型,男,23,戴半罩式安全帽,未使用,車的狀態,向前直行中,機車與自行車,左側車身,,,駕駛者,未依規定減速,否,120.589893,24.181815
2024,8,20240801,174600,A2,臺中市政府警察局,臺中市龍井區新東里新興路22巷17號前0.0公尺,晴,有照明未開啟或故障,市區道路,30,交岔路,三岔路,交叉路口,交叉路口內,柏油,乾燥,無缺陷,無障礙物,無遮蔽物,良好,無號誌,無號誌,無,無分向設施,未繪設車道線,未繪設快慢車道分隔線,無,車與車,側撞,駕駛者,未依規定減速,死亡0;受傷1,2,機車,普通重型,女,21,戴半罩式安全帽,未使用,車的狀態,左轉彎,機車與自行車,前車頭,,,駕駛者,無號誌路口，轉彎車未讓直行車先行,否,120.589893,24.181815
2024,8,20240801,175000,A2,臺北市政府警察局,臺北市中正區懷寧街 / 臺北市中正區開封街1段,晴,有照明未開啟或故障,市區道路,50,交岔路,四岔路,交叉路口,交叉口附近,柏油,乾燥,無缺陷,無障礙物,無遮蔽物,良好,閃光號誌,正常,無,無分向設施,未繪設車道線,未繪設快慢車道分隔線,無,人與車,穿越道路中,其他,肇事逃逸未查獲，無法查明肇因,死亡0;受傷2,1,,,肇事逃逸尚未查獲,0,,,,,,,,,,肇事逃逸未查獲，無法查明肇因,是,121.514118,25.045995
2024,8,20240801,175000,A2,臺北市政府警察局,臺北市中正區懷寧街 / 臺北市中正區開封街1段,晴,有照明未開啟或故障,市區道路,50,交岔路,四岔路,交叉路口,交叉口附近,柏油,乾燥,無缺陷,無障礙物,無遮蔽物,良好,閃光號誌,正常,無,無分向設施,未繪設車道線,未繪設快慢車道分隔線,無,人與車,穿越道路中,其他,肇事逃逸未查獲，無法查明肇因,死亡0;受傷2,2,人,行人,女,16,其他(無需使用保護裝備之人),非駕駛人,人的狀態,步行,其他,非汽、機及自行車,,,無(非車輛駕駛人因素),尚未發現肇事因素,否,121.514118,25.045995
2024,8,20240801,175000,A2,臺北市政府警察局,臺北市中正區懷寧街 / 臺北市中正區開封街1段,晴,有照明未開啟或故障,市區道路,50,交岔路,四岔路,交叉路口,交叉口附近,柏油,乾燥,無缺陷,無障礙物,無遮蔽物,良好,閃光號誌,正常,無,無分向設施,未繪設車道線,未繪設快慢車道分隔線,無,人與車,穿越道路中,其他,肇事逃逸未查獲，無法查明肇因,死亡0;受傷2,3,人,行人,女,17,其他(無需使用保護裝備之人),非駕駛人,人的狀態,步行,其他,非汽、機及自行車,,,無(非車輛駕駛人因素),尚未發現肇事因素,否,121.514118,25.045995
2024,8,20240801,175500,A2,臺北市政府警察局,臺北市萬華區環河南路1段 / 臺北市萬華區長沙街2段,晴,有照明且開啟,市區道路,50,交岔路,三岔路,交叉路口,交叉口附近,柏油,乾燥,無缺陷,無障礙物,無遮蔽物,良好,行車管制號誌,正常,行車分向線,無標記,未繪設車道線,未繪設快慢車道分隔線,無,車與車,其他,無(車輛駕駛者因素),尚未發現肇事因素,死亡0;受傷2,1,機車,普通重型,男,26,戴半罩式安全帽,未使用,車的狀態,迴轉或橫越道路中,機車與自行車,前車頭,,,無(車輛駕駛者因素),尚未發現肇事因素,否,121.499741,25.041542
2024,8,20240801,175500,A2,臺北市政府警察局,臺北市萬華區環河南路1段 / 臺北市萬華區長沙街2段,晴,有照明且開啟,市區道路,50,交岔路,三岔路,交叉路口,交叉口附近,柏油,乾燥,無缺陷,無障礙物,無遮蔽物,良好,行車管制號誌,正常,行車分向線,無標記,未繪設車道線,未繪設快慢車道分隔線,無,車與車,其他,無(車輛駕駛者因素),尚未發現肇事因素,死亡0;受傷2,2,機車,普通重型,女,18,戴半罩式安全帽,未使用,車的狀態,向前直行中,機車與自行車,左側車身,,,無(車輛駕駛者因素),尚未發現肇事因素,否,121.499741,25.041542
2024,8,20240801,175500,A2,臺北市政府警察局,臺北市萬華區環河南路1段 / 臺北市萬華區長沙街2段,晴,有照明且開啟,市區道路,50,交岔路,三岔路,交叉路口,交叉口附近,柏油,乾燥,無缺陷,無障礙物,無遮蔽物,良好,行車管制號誌,正常,行車分向線,無標記,未繪設車道線,未繪設快慢車道分隔線,無,車與車,其他,無(車輛駕駛者因素),尚未發現肇事因素,死亡0;受傷2,3,人,乘客,女,34,戴半罩式安全帽,非駕駛人,人的狀態,靜立(止),其他,非汽、機及自行車,,,無(非車輛駕駛人因素),尚未發現肇事因素,否,121.499741,25.041542
2024,8,20240801,180000,A2,臺中市政府警察局,臺中市南屯區新生里向上路三段前0.0公尺,晴,無照明,市區道路,50,交岔路,四岔路,交叉路口,交叉口附近,柏油,乾燥,無缺陷,無障礙物,無遮蔽物,良好,行車管制號誌(附設行人專用號誌),正常,中央分向島,窄式無柵欄,車道線(無標記),未繪設快慢車道分隔線,無,車與車,追撞,駕駛者,未保持行車安全距離,死亡0;受傷1,1,機車,普通重型,男,35,戴非半罩式安全帽,未使用,車的狀態,向前直行中,機車與自行車,前車頭,,,駕駛者,未保持行車安全距離,否,120.622854,24.145036
2024,8,20240801,180000,A2,臺中市政府警察局,臺中市南屯區新生里向上路三段前0.0公尺,晴,無照明,市區道路,50,交岔路,四岔路,交叉路口,交叉口附近,柏油,乾燥,無缺陷,無障礙物,無遮蔽物,良好,行車管制號誌(附設行人專用號誌),正常,中央分向島,窄式無柵欄,車道線(無標記),未繪設快慢車道分隔線,無,車與車,追撞,駕駛者,未保持行車安全距離,死亡0;受傷1,2,機車,普通重型,男,31,戴非半罩式安全帽,未使用,車的狀態,急減速或急停止,機車與自行車,後車尾,,,無(車輛駕駛者因素),尚未發現肇事因素,否,120.622854,24.145036
2024,8,20240801,180000,A2,臺中市政府警察局,臺中市南屯區新生里向上路三段前0.0公尺,晴,無照明,市區道路,50,交岔路,四岔路,交叉路口,交叉口附近,柏油,乾燥,無缺陷,無障礙物,無遮蔽物,良好,行車管制號誌(附設行人專用號誌),正常,中央分向島,窄式無柵欄,車道線(無標記),未繪設快慢車道分隔線,無,車與車,追撞,駕駛者,未保持行車安全距離,死亡0;受傷1,3,機車,普通重型,男,43,戴非半罩式安全帽,未使用,車的狀態,向前直行中,機車與自行車,前車頭,,,駕駛者,未保持行車安全距離,否,120.622854,24.145036
2024,8,20240801,180000,A2,基隆市警察局,基隆市中正區義二路 / 基隆市中正區信五路,晴,有照明且開啟,市區道路,50,交岔路,三岔路,交叉路口,交叉路口內,柏油,乾燥,無缺陷,無障礙物,無遮蔽物,良好,無號誌,無號誌,行車分向線,附標記,車道線(附標記),未繪設快慢車道分隔線,有,車與車,其他,駕駛者,其他未依規定讓車,死亡0;受傷1,1,機車,普通重型,男,55,戴半罩式安全帽,未使用,車的狀態,向前直行中,機車與自行車,左側車身,,,駕駛者,其他未依規定讓車,否,121.747464,25.134110
2024,8,20240801,180000,A2,基隆市警察局,基隆市中正區義二路 / 基隆市中正區信五路,晴,有照明且開啟,市區道路,50,交岔路,三岔路,交叉路口,交叉路口內,柏油,乾燥,無缺陷,無障礙物,無遮蔽物,良好,無號誌,無號誌,行車分向線,附標記,車道線(附標記),未繪設快慢車道分隔線,有,車與車,其他,駕駛者,其他未依規定讓車,死亡0;受傷1,2,機車,普通重型,女,45,戴半罩式安全帽,未使用,車的狀態,向前直行中,機車與自行車,前車頭,,,駕駛者,未依規定減速,否,121.747464,25.134110
2024,8,20240801,180700,A2,彰化縣警察局,彰化縣和美鎮和東里彰美路5段東側 / 彰化縣和美鎮和東里孝德路北側,晴,有照明未開啟或故障,村里道路,50,交岔路,四岔路,交叉路口,交叉路口內,柏油,乾燥,無缺陷,無障礙物,無遮蔽物,良好,行車管制號誌,正常,中央分向島,寬式(50公分以上),車道線(無標記),未繪設快慢車道分隔線,有,車與車,其他,其他,違規(臨時)停車,死亡0;受傷1,1,大貨車,營業用,男,26,繫安全帶(使用幼童安全椅),未使用,車的狀態,等待(引擎未熄火),汽車,左後車尾(身),,,其他,違規(臨時)停車,否,120.504368,24.105977
2024,8,20240801,180700,A2,彰化縣警察局,彰化縣和美鎮和東里彰美路5段東側 / 彰化縣和美鎮和東里孝德路北側,晴,有照明未開啟或故障,村里道路,50,交岔路,四岔路,交叉路口,交叉路口內,柏油,乾燥,無缺陷,無障礙物,無遮蔽物,良好,行車管制號誌,正常,中央分向島,寬式(50公分以上),車道線(無標記),未繪設快慢車道分隔線,有,車與車,其他,其他,違規(臨時)停車,死亡0;受傷1,2,機車,普通重型,男,40,戴半罩式安全帽,未使用,車的狀態,向前直行中,機車與自行車,前車頭,,,駕駛者,恍神、緊張、心不在焉分心駕駛,否,120.504368,24.105977
2024,8,20240801,180700,A2,臺中市政府警察局,臺中市西屯區潮洋里臺灣大道二段 / 臺中市西屯區潮洋里黎明路三段,晴,有照明且開啟,市區道路,50,交岔路,四岔路,交叉路口,交叉路口內,柏油,乾燥,無缺陷,無障礙物,無遮蔽物,良好,行車管制號誌(附設行人專用號誌),正常,無,無分向設施,未繪設車道線,未繪設快慢車道分隔線,無,車與車,追撞,駕駛者,未保持行車安全距離,死亡0;受傷1,1,機車,普通重型,女,25,不明,不明,車的狀態,向前直行中,機車與自行車,前車頭,,,駕駛者,未保持行車安全距離,否,120.636528,24.170784
2024,8,20240801,180700,A2,臺中市政府警察局,臺中市西屯區潮洋里臺灣大道二段 / 臺中市西屯區潮洋里黎明路三段,晴,有照明且開啟,市區道路,50,交岔路,四岔路,交叉路口,交叉路口內,柏油,乾燥,無缺陷,無障礙物,無遮蔽物,良好,行車管制號誌(附設行人專用號誌),正常,無,無分向設施,未繪設車道線,未繪設快慢車道分隔線,無,車與車,追撞,駕駛者,未保持行車安全距離,死亡0;受傷1,2,機車,普通重型,女,24,不明,不明,車的狀態,向前直行中,機車與自行車,後車尾,,,無(車輛駕駛者因素),尚未發現肇事因素,否,120.636528,24.170784