發生年度,發生月份,發生日期,發生時間,事故類別名稱,處理單位名稱警局層,發生地點,天候名稱,光線名稱,道路類別-第1當事者-名稱,速限-第1當事者,道路型態大類別名稱,道路型態子類別名稱,事故位置大類別名稱,事故位置子類別名稱,路面狀況-路面鋪裝名稱,路面狀況-路面狀態名稱,路面狀況-路面缺陷名稱,道路障礙-障礙物名稱,道路障礙-視距品質名稱,道路障礙-視距名稱,號誌-號誌種類名稱,號誌-號誌動作名稱,車道劃分設施-分向設施大類別名稱,車道劃分設施-分向設施子類別名稱,車道劃分設施-分道設施-快車道或一般車道間名稱,車道劃分設施-分道設施-快慢車道間名稱,車道劃分設施-分道設施-路面邊線名稱,事故類型及型態大類別名稱,事故類型及型態子類別名稱,肇因研判大類別名稱-主要,肇因研判子類別名稱-主要,死亡受傷人數,當事者順位,當事者區分-類別-大類別名稱-車種,當事者區分-類別-子類別名稱-車種,當事者屬-性-別名稱,當事者事故發生時年齡,保護裝備名稱,行動電話或電腦或其他相類功能裝置名稱,當事者行動狀態大類別名稱,當事者行動狀態子類別名稱,車輛撞擊部位大類別名稱-最初,車輛撞擊部位子類別名稱-最初,車輛撞擊部位大類別名稱-其他,車輛撞擊部位子類別名稱-其他,肇因研判大類別名稱-個別,肇因研判子類別名稱-個別,肇事逃逸類別名稱-是否肇逃,經度,緯度
2024,8,20240801,180729,A2,新竹縣政府警察局,新竹縣竹北市台科路附近 / 新竹縣竹北市科大一路附近,晴,有照明未開啟或故障,市區道路,50,交岔路,四岔路,交叉路口,交叉口附近,柏油,乾燥,無缺陷,無障礙物,無遮蔽物,良好,無號誌,無號誌,雙向禁止超車線,無標記,未繪設車道線,未繪設快慢車道分隔線,無,人與車,穿越道路中,駕駛者,恍神、緊張、心不在焉分心駕駛,死亡0;受傷1,1,機車,普通重型,男,77,戴非半罩式安全帽,未使用,車的狀態,向前直行中,機車與自行車,右側車身,,,駕駛者,恍神、緊張、心不在焉分心駕駛,否,121.009845,24.821104
2024,8,20240801,180729,A2,新竹縣政府警察局,新竹縣竹北市台科路附近 / 新竹縣竹北市科大一路附近,晴,有照明未開啟或故障,市區道路,50,交岔路,四岔路,交叉路口,交叉口附近,柏油,乾燥,無缺陷,無障礙物,無遮蔽物,良好,無號誌,無號誌,雙向禁止超車線,無標記,未繪設車道線,未繪設快慢車道分隔線,無,人與車,穿越道路中,駕駛者,恍神、緊張、心不在焉分心駕駛,死亡0;受傷1,2,人,行人,女,80,其他(無需使用保護裝備之人),非駕駛人,人的狀態,步行,其他,非汽、機及自行車,,,非駕駛者,穿越道路未注意左右來車,否,121.009845,24.821104
2024,8,20240801,182000,A2,臺北市政府警察局,臺北市大同區忠孝西路2段 / 臺北市大同區塔城街,陰,有照明且開啟,市區道路,50,交岔路,四岔路,交叉路口,交叉口附近,柏油,乾燥,無缺陷,無障礙物,無遮蔽物,良好,行車管制號誌,正常,中央分向島,寬式(50公分以上),車道線(無標記),未繪設快慢車道分隔線,無,車與車,其他,其他,其他不當駕車行為,死亡0;受傷1,1,機車,普通重型,男,25,戴半罩式安全帽,未使用,車的狀態,向前直行中,機車與自行車,右側車身,,,其他,其他不當駕車行為,否,121.510048,25.048227
2024,8,20240801,182000,A2,臺北市政府警察局,臺北市大同區忠孝西路2段 / 臺北市大同區塔城街,陰,有照明且開啟,市區道路,50,交岔路,四岔路,交叉路口,交叉口附近,柏油,乾燥,無缺陷,無障礙物,無遮蔽物,良好,行車管制號誌,正常,中央分向島,寬式(50公分以上),車道線(無標記),未繪設快慢車道分隔線,無,車與車,其他,其他,其他不當駕車行為,死亡0;受傷1,2,機車,普通重型,男,30,戴半罩式安全帽,未使用,車的狀態,向前直行中,機車與自行車,前車頭,,,無(車輛駕駛者因素),尚未發現肇事因素,否,121.510048,25.048227
2024,8,20240801,182600,A2,臺中市政府警察局,臺中市北屯區新平里中清路二段 / 臺中市北屯區新平里中清路二段,晴,無照明,市區道路,50,交岔路,三岔路,交叉路口,交叉路口內,柏油,乾燥,無缺陷,無障礙物,無遮蔽物,良好,無號誌,無號誌,無,無分向設施,未繪設車道線,未繪設快慢車道分隔線,無,車與車,其他,駕駛者,無號誌路口，轉彎車未讓直行車先行,死亡0;受傷1,1,小客車(含客、貨兩用),自用,男,26,繫安全帶(使用幼童安全椅),未使用,車的狀態,右轉彎,汽車,右前車頭(身),,,駕駛者,無號誌路口，轉彎車未讓直行車先行,否,120.667056,24.180179
2024,8,20240801,182600,A2,臺中市政府警察局,臺中市北屯區新平里中清路二段 / 臺中市北屯區新平里中清路二段,晴,無照明,市區道路,50,交岔路,三岔路,交叉路口,交叉路口內,柏油,乾燥,無缺陷,無障礙物,無遮蔽物,良好,無號誌,無號誌,無,無分向設施,未繪設車道線,未繪設快慢車道分隔線,無,車與車,其他,駕駛者,無號誌路口，轉彎車未讓直行車先行,死亡0;受傷1,2,機車,普通重型,男,49,戴半罩式安全帽,未使用,車的狀態,向前直行中,機車與自行車,左側車身,,,其他,其他不當駕車行為,否,120.667056,24.180179
2024,8,20240801,183000,A2,臺中市政府警察局,臺中市南區崇倫里建國南路一段 / 臺中市南區崇倫里建國南路一段,晴,有照明未開啟或故障,市區道路,50,交岔路,三岔路,交叉路口,交叉口附近,柏油,乾燥,無缺陷,無障礙物,無遮蔽物,良好,無號誌,無號誌,雙向禁止超車線,無標記,未繪設車道線,快慢車道分隔線,無,車與車,追撞,駕駛者,未保持行車安全距離,死亡0;受傷1,1,小貨車,自用,男,49,繫安全帶(使用幼童安全椅),未使用,車的狀態,向前直行中,汽車,左前車頭(身),,,駕駛者,未保持行車安全距離,否,120.659070,24.125426
2024,8,20240801,183000,A2,臺中市政府警察局,臺中市南區崇倫里建國南路一段 / 臺中市南區崇倫里建國南路一段,晴,有照明未開啟或故障,市區道路,50,交岔路,三岔路,交叉路口,交叉口附近,柏油,乾燥,無缺陷,無障礙物,無遮蔽物,良好,無號誌,無號誌,雙向禁止超車線,無標記,未繪設車道線,快慢車道分隔線,無,車與車,追撞,駕駛者,未保持行車安全距離,死亡0;受傷1,2,機車,普通重型,女,35,戴半罩式安全帽,未使用,車的狀態,等待(引擎未熄火),機車與自行車,後車尾,,,無(車輛駕駛者因素),尚未發現肇事因素,否,120.659070,24.125426
2024,8,20240801,183227,A2,新竹縣政府警察局,新竹縣湖口鄉榮光路與國強街口,晴,有照明且開啟,村里道路,50,單路部分,直路,路段,一般車道(未劃分快慢車道),柏油,乾燥,無缺陷,無障礙物,無遮蔽物,良好,行車管制號誌,正常,雙向禁止超車線,無標記,禁止變換車道線(無標記),未繪設快慢車道分隔線,有,車與車,追撞,駕駛者,未依規定減速,死亡0;受傷1,1,小客車(含客、貨兩用),自用,男,33,不明,不明,車的狀態,向前直行中,汽車,前車頭,,,駕駛者,未依規定減速,否,121.007847,24.860495
2024,8,20240801,183227,A2,新竹縣政府警察局,新竹縣湖口鄉榮光路與國強街口,晴,有照明且開啟,村里道路,50,單路部分,直路,路段,一般車道(未劃分快慢車道),柏油,乾燥,無缺陷,無障礙物,無遮蔽物,良好,行車管制號誌,正常,雙向禁止超車線,無標記,禁止變換車道線(無標記),未繪設快慢車道分隔線,有,車與車,追撞,駕駛者,未依規定減速,死亡0;受傷1,2,機車,普通重型,女,31,戴半罩式安全帽,不明,車的狀態,急減速或急停止,機車與自行車,後車尾,,,無(車輛駕駛者因素),尚未發現肇事因素,否,121.007847,24.860495
2024,8,20240801,183500,A2,臺北市政府警察局,臺北市大同區大稻埕堤外便道 / 臺北市大同區大稻埕堤外便道,晴,有照明且開啟,市區道路,40,交岔路,多岔路,交叉路口,交叉路口內,柏油,乾燥,無缺陷,無障礙物,無遮蔽物,良好,行車管制號誌(附設行人專用號誌),正常,行車分向線,附標記,車道線(附標記),未繪設快慢車道分隔線,有,車與車,側撞,其他,其他不當駕車行為,死亡0;受傷1,1,機車,普通重型,男,26,戴非半罩式安全帽,不明,車的狀態,向前直行中,機車與自行車,前車頭,,,其他,其他不當駕車行為,否,121.506415,25.050894
2024,8,20240801,183500,A2,臺北市政府警察局,臺北市大同區大稻埕堤外便道 / 臺北市大同區大稻埕堤外便道,晴,有照明且開啟,市區道路,40,交岔路,多岔路,交叉路口,交叉路口內,柏油,乾燥,無缺陷,無障礙物,無遮蔽物,良好,行車管制號誌(附設行人專用號誌),正常,行車分向線,附標記,車道線(附標記),未繪設快慢車道分隔線,有,車與車,側撞,其他,其他不當駕車行為,死亡0;受傷1,2,機車,普通重型,女,44,戴非半罩式安全帽,不明,車的狀態,右轉彎,機車與自行車,右側車身,,,無(車輛駕駛者因素),尚未發現肇事因素,否,121.506415,25.050894
2024,8,20240801,184500,A2,臺北市政府警察局,臺北市中正區忠孝西路1段 / 臺北市中正區重慶北路1段,晴,有照明且開啟,市區道路,50,交岔路,多岔路,交叉路口,交叉路口內,柏油,乾燥,無缺陷,無障礙物,無遮蔽物,良好,行車管制號誌,正常,無,無分向設施,未繪設車道線,未繪設快慢車道分隔線,無,車與車,其他,駕駛者,闖紅燈左轉(或迴轉),死亡0;受傷4,1,小客車(含客、貨兩用),自用,女,51,繫安全帶(使用幼童安全椅),未使用,車的狀態,左轉彎,其他,無撞擊,,,駕駛者,闖紅燈左轉(或迴轉),否,121.513435,25.047400
2024,8,20240801,184500,A2,臺北市政府警察局,臺北市中正區忠孝西路1段 / 臺北市中正區重慶北路1段,晴,有照明且開啟,市區道路,50,交岔路,多岔路,交叉路口,交叉路口內,柏油,乾燥,無缺陷,無障礙物,無遮蔽物,良好,行車管制號誌,正常,無,無分向設施,未繪設車道線,未繪設快慢車道分隔線,無,車與車,其他,駕駛者,闖紅燈左轉(或迴轉),死亡0;受傷4,2,大客車,民營公車,男,42,繫安全帶(使用幼童安全椅),未使用,車的狀態,急減速或急停止,其他,無撞擊,,,駕駛者,闖紅燈直行,否,121.513435,25.047400
2024,8,20240801,184500,A2,臺北市政府警察局,臺北市中正區忠孝西路1段 / 臺北市中正區重慶北路1段,晴,有照明且開啟,市區道路,50,交岔路,多岔路,交叉路口,交叉路口內,柏油,乾燥,無缺陷,無障礙物,無遮蔽物,良好,行車管制號誌,正常,無,無分向設施,未繪設車道線,未繪設快慢車道分隔線,無,車與車,其他,駕駛者,闖紅燈左轉(或迴轉),死亡0;受傷4,3,人,乘客,女,34,繫安全帶(使用幼童安全椅),非駕駛人,人的狀態,其他,其他,非汽、機及自行車,,,無(非車輛駕駛人因素),尚未發現肇事因素,否,121.513435,25.047400
2024,8,20240801,184500,A2,臺北市政府警察局,臺北市中正區忠孝西路1段 / 臺北市中正區重慶北路1段,晴,有照明且開啟,市區道路,50,交岔路,多岔路,交叉路口,交叉路口內,柏油,乾燥,無缺陷,無障礙物,無遮蔽物,良好,行車管制號誌,正常,無,無分向設施,未繪設車道線,未繪設快慢車道分隔線,無,車與車,其他,駕駛者,闖紅燈左轉(或迴轉),死亡0;受傷4,4,人,乘客,女,23,繫安全帶(使用幼童安全椅),非駕駛人,人的狀態,其他,其他,非汽、機及自行車,,,無(非車輛駕駛人因素),尚未發現肇事因素,否,121.513435,25.047400
2024,8,20240801,184500,A2,臺北市政府警察局,臺北市中正區忠孝西路1段 / 臺北市中正區重慶北路1段,晴,有照明且開啟,市區道路,50,交岔路,多岔路,交叉路口,交叉路口內,柏油,乾燥,無缺陷,無障礙物,無遮蔽物,良好,行車管制號誌,正常,無,無分向設施,未繪設車道線,未繪設快慢車道分隔線,無,車與車,其他,駕駛者,闖紅燈左轉(或迴轉),死亡0;受傷4,5,人,乘客,女,63,繫安全帶(使用幼童安全椅),非駕駛人,人的狀態,其他,其他,非汽、機及自行車,,,無(非車輛駕駛人因素),尚未發現肇事因素,否,121.513435,25.047400
2024,8,20240801,184500,A2,臺北市政府警察局,臺北市中正區忠孝西路1段 / 臺北市中正區重慶北路1段,晴,有照明且開啟,市區道路,50,交岔路,多岔路,交叉路口,交叉路口內,柏油,乾燥,無缺陷,無障礙物,無遮蔽物,良好,行車管制號誌,正常,無,無分向設施,未繪設車道線,未繪設快慢車道分隔線,無,車與車,其他,駕駛者,闖紅燈左轉(或迴轉),死亡0;受傷4,6,人,乘客,女,46,繫安全帶(使用幼童安全椅),非駕駛人,人的狀態,其他,其他,非汽、機及自行車,,,無(非車輛駕駛人因素),尚未發現肇事因素,否,121.513435,25.047400
2024,8,20240801,184600,A2,臺中市政府警察局,臺中市豐原區中陽里向陽路160號前0.0公尺,晴,有照明且開啟,市區道路,40,交岔路,多岔路,交叉路口,交叉路口內,柏油,乾燥,無缺陷,無障礙物,無遮蔽物,良好,行車管制號誌,正常,雙向禁止超車線,無標記,未繪設車道線,快慢車道分隔線,有,車與車,其他,駕駛者,迴轉未依規定,死亡0;受傷1,1,小客車(含客、貨兩用),自用,男,43,不明,不明,車的狀態,迴轉或橫越道路中,汽車,右前車頭(身),,,駕駛者,迴轉未依規定,否,120.725243,24.252149
2024,8,20240801,184600,A2,臺中市政府警察局,臺中市豐原區中陽里向陽路160號前0.0公尺,晴,有照明且開啟,市區道路,40,交岔路,多岔路,交叉路口,交叉路口內,柏油,乾燥,無缺陷,無障礙物,無遮蔽物,良好,行車管制號誌,正常,雙向禁止超車線,無標記,未繪設車道線,快慢車道分隔線,有,車與車,其他,駕駛者,迴轉未依規定,死亡0;受傷1,2,機車,普通重型,男,23,不明,不明,車的狀態,向前直行中,機車與自行車,右側車身,,,無(車輛駕駛者因素),尚未發現肇事因素,否,120.725243,24.252149
2024,8,20240801,184800,A2,臺北市政府警察局,臺北市內湖區康寧路3段 / 臺北市內湖區東湖路,晴,有照明未開啟或故障,市區道路,30,交岔路,三岔路,交叉路口,交叉口附近,柏油,乾燥,無缺陷,無障礙物,無遮蔽物,良好,行車管制號誌(附設行人專用號誌),正常,中央分向島,寬式(50公分以上),車道線(無標記),快慢車道分隔線,無,車與車,其他,駕駛者,變換車道不當,死亡0;受傷2,1,機車,普通重型,男,26,戴非半罩式安全帽,未使用,車的狀態,向左變換車道,機車與自行車,左側車身,,,駕駛者,變換車道不當,否,121.612019,25.068988
2024,8,20240801,184800,A2,臺北市政府警察局,臺北市內湖區康寧路3段 / 臺北市內湖區東湖路,晴,有照明未開啟或故障,市區道路,30,交岔路,三岔路,交叉路口,交叉口附近,柏油,乾燥,無缺陷,無障礙物,無遮蔽物,良好,行車管制號誌(附設行人專用號誌),正常,中央分向島,寬式(50公分以上),車道線(無標記),快慢車道分隔線,無,車與車,其他,駕駛者,變換車道不當,死亡0;受傷2,2,機車,普通重型,女,18,戴非半罩式安全帽,未使用,車的狀態,向前直行中,機車與自行車,右側車身,,,無(車輛駕駛者因素),尚未發現肇事因素,否,121.612019,25.068988
2024,8,20240801,185000,A2,臺北市政府警察局,臺北市中正區南海路58號前0.0公尺,陰,有照明且開啟,市區道路,30,單路部分,直路,路段,一般車道(未劃分快慢車道),柏油,乾燥,無缺陷,無障礙物,無遮蔽物,良好,行車管制號誌,正常,無,無分向設施,車道線(無標記),未繪設快慢車道分隔線,無,車與車,追撞,駕駛者,觀看其他事故、活動、道路環境或車外資訊分心駕駛,死亡0;受傷1,1,小客車(含客、貨兩用),自用,男,36,繫安全帶(使用幼童安全椅),未使用,車的狀態,向前直行中,汽車,右前車頭(身),,,駕駛者,觀看其他事故、活動、道路環境或車外資訊分心駕駛,否,121.511422,25.031111
2024,8,20240801,185000,A2,臺北市政府警察局,臺北市中正區南海路58號前0.0公尺,陰,有照明且開啟,市區道路,30,單路部分,直路,路段,一般車道(未劃分快慢車道),柏油,乾燥,無缺陷,無障礙物,無遮蔽物,良好,行車管制號誌,正常,無,無分向設施,車道線(無標記),未繪設快慢車道分隔線,無,車與車,追撞,駕駛者,觀看其他事故、活動、道路環境或車外資訊分心駕駛,死亡0;受傷1,2,機車,普通重型,男,59,戴半罩式安全帽,未使用,車的狀態,等待(引擎未熄火),機車與自行車,後車尾,,,無(車輛駕駛者因素),尚未發現肇事因素,否,121.511422,25.031111
2024,8,20240801,185400,A2,新北市政府警察局,新北市新莊區昌平街 / 新北市新莊區富貴路,晴,有照明且開啟,市區道路,50,交岔路,四岔路,交叉路口,交叉路口內,柏油,乾燥,無缺陷,無障礙物,無遮蔽物,良好,行車管制號誌(附設行人專用號誌),正常,雙向禁止超車線,無標記,未繪設車道線,未繪設快慢車道分隔線,無,車與車,側撞,駕駛者,有號誌路口，轉彎車未讓直行車先行,死亡0;受傷2,1,機車,普通重型,男,46,戴半罩式安全帽,不明,車的狀態,左轉彎,機車與自行車,右側車身,,,駕駛者,有號誌路口，轉彎車未讓直行車先行,否,121.454787,25.053498
2024,8,20240801,185400,A2,新北市政府警察局,新北市新莊區昌平街 / 新北市新莊區富貴路,晴,有照明且開啟,市區道路,50,交岔路,四岔路,交叉路口,交叉路口內,柏油,乾燥,無缺陷,無障礙物,無遮蔽物,良好,行車管制號誌(附設行人專用號誌),正常,雙向禁止超車線,無標記,未繪設車道線,未繪設快慢車道分隔線,無,車與車,側撞,駕駛者,有號誌路口，轉彎車未讓直行車先行,死亡0;受傷2,2,機車,普通重型,男,18,戴非半罩式安全帽,不明,車的狀態,向前直行中,機車與自行車,前車頭,,,駕駛者,超速駕駛,否,121.454787,25.053498
2024,8,20240801,185700,A2,臺中市政府警察局,臺中市霧峰區六股里六股路41-1號前0.0公尺,晴,有照明且開啟,市區道路,30,交岔路,三岔路,交叉路口,交叉路口內,柏油,乾燥,無缺陷,無障礙物,有遮蔽物,彎道,無號誌,無號誌,無,無分向設施,未繪設車道線,未繪設快慢車道分隔線,無,車與車,其他,駕駛者,無號誌路口，轉彎車未讓直行車先行,死亡0;受傷1,1,小客車(含客、貨兩用),自用,男,65,繫安全帶(使用幼童安全椅),未使用,車的狀態,左轉彎,汽車,左後車尾(身),,,駕駛者,無號誌路口，轉彎車未讓直行車先行,否,120.690433,24.037796
2024,8,20240801,185700,A2,臺中市政府警察局,臺中市霧峰區六股里六股路41-1號前0.0公尺,晴,有照明且開啟,市區道路,30,交岔路,三岔路,交叉路口,交叉路口內,柏油,乾燥,無缺陷,無障礙物,有遮蔽物,彎道,無號誌,無號誌,無,無分向設施,未繪設車道線,未繪設快慢車道分隔線,無,車與車,其他,駕駛者,無號誌路口，轉彎車未讓直行車先行,死亡0;受傷1,2,機車,普通重型,男,20,戴非半罩式安全帽,未使用,車的狀態,向前直行中,機車與自行車,前車頭,,,駕駛者,未依規定減速,否,120.690433,24.037796
2024,8,20240801,190700,A2,臺北市政府警察局,臺北市萬華區環河南路2段 / 臺北市萬華區環河南路2段,晴,有照明且開啟,市區道路,50,交岔路,三岔路,交叉路口,交叉路口內,柏油,乾燥,無缺陷,無障礙物,無遮蔽物,良好,行車管制號誌,正常,中央分向島,寬式(50公分以上),車道線(附標記),未繪設快慢車道分隔線,無,車與車,同向擦撞,無(車輛駕駛者因素),尚未發現肇事因素,死亡0;受傷1,1,小客車(含客、貨兩用),自用,男,36,繫安全帶(使用幼童安全椅),未使用,車的狀態,向前直行中,汽車,前車頭,,,無(車輛駕駛者因素),尚未發現肇事因素,否,121.493044,25.033933
2024,8,20240801,190700,A2,臺北市政府警察局,臺北市萬華區環河南路2段 / 臺北市萬華區環河南路2段,晴,有照明且開啟,市區道路,50,交岔路,三岔路,交叉路口,交叉路口內,柏油,乾燥,無缺陷,無障礙物,無遮蔽物,良好,行車管制號誌,正常,中央分向島,寬式(50公分以上),車道線(附標記),未繪設快慢車道分隔線,無,車與車,同向擦撞,無(車輛駕駛者因素),尚未發現肇事因素,死亡0;受傷1,2,機車,普通重型,女,36,戴非半罩式安全帽,未使用,車的狀態,其他,機車與自行車,後車尾,,,無(車輛駕駛者因素),尚未發現肇事因素,否,121.493044,25.033933
2024,8,20240801,190800,A2,臺中市政府警察局,臺中市西屯區何安里青海路一段68號前0.0公尺,晴,有照明且開啟,市區道路,50,單路部分,直路,路段,一般車道(未劃分快慢車道),柏油,乾燥,無缺陷,無障礙物,無遮蔽物,良好,無號誌,無號誌,雙向禁止超車線,無標記,車道線(無標記),未繪設快慢車道分隔線,無,人與車,同向通行中,駕駛者,變換車道不當,死亡0;受傷1,1,小客車(含客、貨兩用),自用,男,27,不明,不明,車的狀態,向右變換車道,汽車,右前車頭(身),,,駕駛者,變換車道不當,否,120.655867,24.164216
2024,8,20240801,190800,A2,臺中市政府警察局,臺中市西屯區何安里青海路一段68號前0.0公尺,晴,有照明且開啟,市區道路,50,單路部分,直路,路段,一般車道(未劃分快慢車道),柏油,乾燥,無缺陷,無障礙物,無遮蔽物,良好,無號誌,無號誌,雙向禁止超車線,無標記,車道線(無標記),未繪設快慢車道分隔線,無,人與車,同向通行中,駕駛者,變換車道不當,死亡0;受傷1,2,人,行人,女,23,其他(無需使用保護裝備之人),非駕駛人,人的狀態,步行,其他,非汽、機及自行車,,,無(非車輛駕駛人因素),尚未發現肇事因素,否,120.655867,24.164216
2024,8,20240801,191100,A2,南投縣政府警察局,南投縣草屯鎮上林里富林路三段117號,晴,有照明且開啟,市區道路,50,單路部分,直路,路段,一般車道(未劃分快慢車道),柏油,乾燥,無缺陷,無障礙物,無遮蔽物,良好,無號誌,無號誌,行車分向線,無標記,未繪設車道線,未繪設快慢車道分隔線,有,車與車,對撞,駕駛者,逆向行駛,死亡0;受傷1,1,機車,普通重型,男,37,戴半罩式安全帽,未使用,車的狀態,向前直行中,機車與自行車,前車頭,,,駕駛者,逆向行駛,否,120.679159,23.968486
2024,8,20240801,191100,A2,南投縣政府警察局,南投縣草屯鎮上林里富林路三段117號,晴,有照明且開啟,市區道路,50,單路部分,直路,路段,一般車道(未劃分快慢車道),柏油,乾燥,無缺陷,無障礙物,無遮蔽物,良好,無號誌,無號誌,行車分向線,無標記,未繪設車道線,未繪設快慢車道分隔線,有,車與車,對撞,駕駛者,逆向行駛,死亡0;受傷1,2,慢車,微型電動二輪車,男,14,戴半罩式安全帽,未使用,車的狀態,向前直行中,機車與自行車,右側車身,,,無(車輛駕駛者因素),尚未發現肇事因素,否,120.679159,23.968486
2024,8,20240801,191100,A2,南投縣政府警察局,南投縣草屯鎮上林里富林路三段117號,晴,有照明且開啟,市區道路,50,單路部分,直路,路段,一般車道(未劃分快慢車道),柏油,乾燥,無缺陷,無障礙物,無遮蔽物,良好,無號誌,無號誌,行車分向線,無標記,未繪設車道線,未繪設快慢車道分隔線,有,車與車,對撞,駕駛者,逆向行駛,死亡0;受傷1,3,人,乘客,男,32,戴半罩式安全帽,非駕駛人,人的狀態,其他,其他,無撞擊,,,無(非車輛駕駛人因素),尚未發現肇事因素,否,120.679159,23.968486
2024,8,20240801,191240,A2,南投縣政府警察局,南投縣草屯鎮中山里草溪路747巷口,晴,有照明且開啟,省道,60,交岔路,三岔路,交叉路口,交叉口附近,柏油,乾燥,無缺陷,無障礙物,無遮蔽物,良好,行車管制號誌,正常,中央分向島,寬式(50公分以上),車道線(無標記),未繪設快慢車道分隔線,有,車與車,追撞,駕駛者,酒醉(後)駕駛,死亡0;受傷1,1,機車,普通重型,男,37,戴非半罩式安全帽,未使用,車的狀態,向前直行中,機車與自行車,前車頭,,,駕駛者,酒醉(後)駕駛,否,120.678896,23.971597
2024,8,20240801,191240,A2,南投縣政府警察局,南投縣草屯鎮中山里草溪路747巷口,晴,有照明且開啟,省道,60,交岔路,三岔路,交叉路口,交叉口附近,柏油,乾燥,無缺陷,無障礙物,無遮蔽物,良好,行車管制號誌,正常,中央分向島,寬式(50公分以上),車道線(無標記),未繪設快慢車道分隔線,有,車與車,追撞,駕駛者,酒醉(後)駕駛,死亡0;受傷1,2,機車,普通重型,男,44,戴非半罩式安全帽,未使用,車的狀態,等待(引擎未熄火),機車與自行車,後車尾,機車與自行車,前車頭,無(車輛駕駛者因素),尚未發現肇事因素,否,120.678896,23.971597
2024,8,20240801,191240,A2,南投縣政府警察局,南投縣草屯鎮中山里草溪路747巷口,晴,有照明且開啟,省道,60,交岔路,三岔路,交叉路口,交叉口附近,柏油,乾燥,無缺陷,無障礙物,無遮蔽物,良好,行車管制號誌,正常,中央分向島,寬式(50公分以上),車道線(無標記),未繪設快慢車道分隔線,有,車與車,追撞,駕駛者,酒醉(後)駕駛,死亡0;受傷1,3,機車,普通重型,女,23,戴非半罩式安全帽,未使用,車的狀態,等待(引擎未熄火),機車與自行車,後車尾,,,無(車輛駕駛者因素),尚未發現肇事因素,否,120.678896,23.971597
2024,8,20240801,191240,A2,南投縣政府警察局,南投縣草屯鎮中山里草溪路747巷口,晴,有照明且開啟,省道,60,交岔路,三岔路,交叉路口,交叉口附近,柏油,乾燥,無缺陷,無障礙物,無遮蔽物,良好,行車管制號誌,正常,中央分向島,寬式(50公分以上),車道線(無標記),未繪設快慢車道分隔線,有,車與車,追撞,駕駛者,酒醉(後)駕駛,死亡0;受傷1,4,小貨車,自用,男,46,繫安全帶(使用幼童安全椅),未使用,車的狀態,等待(引擎未熄火),汽車,右側車身,,,無(車輛駕駛者因素),尚未發現肇事因素,否,120.678896,23.971597
2024,8,20240801,191600,A2,南投縣政府警察局,南投縣埔里鎮中山路一段321號前,陰,無照明,省道,50,單路部分,直路,路段,一般車道(未劃分快慢車道),柏油,乾燥,無缺陷,無障礙物,無遮蔽物,良好,無號誌,無號誌,雙向禁止超車線,無標記,車道線(無標記),未繪設快慢車道分隔線,有,車與車,側撞,其他,其他不當駕車行為,死亡0;受傷1,1,機車,普通重型,男,85,戴半罩式安全帽,未使用,車的狀態,向右變換車道,機車與自行車,右側車身,,,其他,其他不當駕車行為,否,120.986075,23.976340
2024,8,20240801,191600,A2,南投縣政府警察局,南投縣埔里鎮中山路一段321號前,陰,無照明,省道,50,單路部分,直路,路段,一般車道(未劃分快慢車道),柏油,乾燥,無缺陷,無障礙物,無遮蔽物,良好,無號誌,無號誌,雙向禁止超車線,無標記,車道線(無標記),未繪設快慢車道分隔線,有,車與車,側撞,其他,其他不當駕車行為,死亡0;受傷1,2,小客車(含客、貨兩用),自用,女,40,繫安全帶(使用幼童安全椅),未使用,車的狀態,靜止(引擎熄火),汽車,左側車身,,,無(車輛駕駛者因素),尚未發現肇事因素,否,120.986075,23.976340
2024,8,20240801,192400,A2,臺北市政府警察局,臺北市內湖區新明路22號前0.0公尺,晴,有照明且開啟,市區道路,30,單路部分,直路,路段,一般車道(未劃分快慢車道),柏油,乾燥,無缺陷,無障礙物,無遮蔽物,良好,閃光號誌,正常,雙向禁止超車線,無標記,車道線(無標記),未繪設快慢車道分隔線,無,車與車,追撞,駕駛者,未保持行車安全距離,死亡0;受傷1,1,機車,大型重型1(550C.C.以上),男,32,戴半罩式安全帽,未使用,車的狀態,向前直行中,機車與自行車,前車頭,,,駕駛者,未保持行車安全距離,否,121.590669,25.060226
2024,8,20240801,192400,A2,臺北市政府警察局,臺北市內湖區新明路22號前0.0公尺,晴,有照明且開啟,市區道路,30,單路部分,直路,路段,一般車道(未劃分快慢車道),柏油,乾燥,無缺陷,無障礙物,無遮蔽物,良好,閃光號誌,正常,雙向禁止超車線,無標記,車道線(無標記),未繪設快慢車道分隔線,無,車與車,追撞,駕駛者,未保持行車安全距離,死亡0;受傷1,2,小客車(含客、貨兩用),自用,男,44,繫安全帶(使用幼童安全椅),未使用,車的狀態,向前直行中,汽車,後車尾,,,駕駛者,超速駕駛,否,121.590669,25.060226
2024,8,20240801,193000,A2,新北市政府警察局,新北市三重區忠孝橋機車道路前0.0公尺,晴,有照明且開啟,專用道路,40,單路部分,橋樑,路段,機車專用道,柏油,乾燥,無缺陷,無障礙物,無遮蔽物,良好,無號誌,無號誌,中央分向島,寬式(50公分以上),車道線(無標記),未繪設快慢車道分隔線,無,車與車,追撞,無(車輛駕駛者因素),尚未發現肇事因素,死亡0;受傷2,1,機車,普通重型,男,18,戴半罩式安全帽,未使用,車的狀態,急減速或急停止,機車與自行車,後車尾,,,無(車輛駕駛者因素),尚未發現肇事因素,否,121.498531,25.071757