發生年度,發生月份,發生日期,發生時間,事故類別名稱,處理單位名稱警局層,發生地點,天候名稱,光線名稱,道路類別-第1當事者-名稱,速限-第1當事者,道路型態大類別名稱,道路型態子類別名稱,事故位置大類別名稱,事故位置子類別名稱,路面狀況-路面鋪裝名稱,路面狀況-路面狀態名稱,路面狀況-路面缺陷名稱,道路障礙-障礙物名稱,道路障礙-視距品質名稱,道路障礙-視距名稱,號誌-號誌種類名稱,號誌-號誌動作名稱,車道劃分設施-分向設施大類別名稱,車道劃分設施-分向設施子類別名稱,車道劃分設施-分道設施-快車道或一般車道間名稱,車道劃分設施-分道設施-快慢車道間名稱,車道劃分設施-分道設施-路面邊線名稱,事故類型及型態大類別名稱,事故類型及型態子類別名稱,肇因研判大類別名稱-主要,肇因研判子類別名稱-主要,死亡受傷人數,當事者順位,當事者區分-類別-大類別名稱-車種,當事者區分-類別-子類別名稱-車種,當事者屬-性-別名稱,當事者事故發生時年齡,保護裝備名稱,行動電話或電腦或其他相類功能裝置名稱,當事者行動狀態大類別名稱,當事者行動狀態子類別名稱,車輛撞擊部位大類別名稱-最初,車輛撞擊部位子類別名稱-最初,車輛撞擊部位大類別名稱-其他,車輛撞擊部位子類別名稱-其他,肇因研判大類別名稱-個別,肇因研判子類別名稱-個別,肇事逃逸類別名稱-是否肇逃,經度,緯度
2024,8,20240801,221000,A2,臺中市政府警察局,臺中市東區東門里振興路 / 臺中市東區東門里旱溪西路一段,晴,有照明且開啟,市區道路,50,交岔路,四岔路,交叉路口,交叉路口內,柏油,乾燥,無缺陷,無障礙物,無遮蔽物,良好,行車管制號誌,正常,無,無分向設施,未繪設車道線,未繪設快慢車道分隔線,無,車與車,其他,駕駛者,右轉彎未依規定,死亡0;受傷1,1,機車,普通重型,男,19,戴半罩式安全帽,未使用,車的狀態,右轉彎,機車與自行車,右側車身,機車與自行車,後車尾,駕駛者,右轉彎未依規定,否,120.698678,24.132794
2024,8,20240801,221000,A2,臺中市政府警察局,臺中市東區東門里振興路 / 臺中市東區東門里旱溪西路一段,晴,有照明且開啟,市區道路,50,交岔路,四岔路,交叉路口,交叉路口內,柏油,乾燥,無缺陷,無障礙物,無遮蔽物,良好,行車管制號誌,正常,無,無分向設施,未繪設車道線,未繪設快慢車道分隔線,無,車與車,其他,駕駛者,右轉彎未依規定,死亡0;受傷1,2,小客車(含客、貨兩用),自用,男,63,繫安全帶(使用幼童安全椅),未使用,車的狀態,向前直行中,汽車,左前車頭(身),汽車,前車頭,無(車輛駕駛者因素),尚未發現肇事因素,否,120.698678,24.132794
2024,8,20240801,221800,A2,臺北市政府警察局,臺北市中山區堤頂大道2段 / 臺北市中山區堤頂大道2段,晴,有照明且開啟,市區道路,50,交岔路,三岔路,交叉路口,交叉路口內,柏油,乾燥,無缺陷,無障礙物,無遮蔽物,良好,無號誌,無號誌,中央分向島,寬式(50公分以上),未繪設車道線,快慢車道分隔線,無,車與車,側撞,駕駛者,右轉彎未依規定,死亡0;受傷1,1,小客車(含客、貨兩用),計程車,男,37,不明,不明,車的狀態,右轉彎,汽車,右側車身,,,駕駛者,右轉彎未依規定,否,121.566440,25.077706
2024,8,20240801,221800,A2,臺北市政府警察局,臺北市中山區堤頂大道2段 / 臺北市中山區堤頂大道2段,晴,有照明且開啟,市區道路,50,交岔路,三岔路,交叉路口,交叉路口內,柏油,乾燥,無缺陷,無障礙物,無遮蔽物,良好,無號誌,無號誌,中央分向島,寬式(50公分以上),未繪設車道線,快慢車道分隔線,無,車與車,側撞,駕駛者,右轉彎未依規定,死亡0;受傷1,2,機車,普通重型,男,49,戴半罩式安全帽,不明,車的狀態,向前直行中,機車與自行車,左側車身,,,駕駛者,恍神、緊張、心不在焉分心駕駛,否,121.566440,25.077706
2024,8,20240801,222100,A2,新竹縣政府警察局,新竹縣竹北市光明六街附近 / 新竹縣竹北市縣政十一街附近,晴,有照明且開啟,市區道路,50,交岔路,四岔路,交叉路口,交叉口附近,柏油,乾燥,無缺陷,無障礙物,無遮蔽物,良好,閃光號誌,正常,雙向禁止超車線,附標記,禁止變換車道線(附標記),快慢車道分隔線,有,車與車,其他,駕駛者,無號誌路口，支線道未讓幹線道先行,死亡0;受傷1,1,小客車(含客、貨兩用),自用,男,33,繫安全帶(使用幼童安全椅),未使用,車的狀態,向前直行中,汽車,前車頭,,,駕駛者,無號誌路口，支線道未讓幹線道先行,否,121.007867,24.828096
2024,8,20240801,222100,A2,新竹縣政府警察局,新竹縣竹北市光明六街附近 / 新竹縣竹北市縣政十一街附近,晴,有照明且開啟,市區道路,50,交岔路,四岔路,交叉路口,交叉口附近,柏油,乾燥,無缺陷,無障礙物,無遮蔽物,良好,閃光號誌,正常,雙向禁止超車線,附標記,禁止變換車道線(附標記),快慢車道分隔線,有,車與車,其他,駕駛者,無號誌路口，支線道未讓幹線道先行,死亡0;受傷1,2,機車,普通重型,女,30,戴非半罩式安全帽,未使用,車的狀態,向前直行中,其他,不明,,,無(車輛駕駛者因素),尚未發現肇事因素,否,121.007867,24.828096
2024,8,20240801,222500,A2,臺北市政府警察局,臺北市信義區永吉路 / 臺北市信義區永吉路,晴,有照明且開啟,市區道路,30,交岔路,四岔路,交叉路口,交叉口附近,柏油,乾燥,無缺陷,無障礙物,無遮蔽物,良好,無號誌,無號誌,行車分向線,無標記,車道線(無標記),未繪設快慢車道分隔線,無,車與車,倒車撞,駕駛者,倒車未依規定,死亡0;受傷1,1,小客車(含客、貨兩用),自用,男,46,繫安全帶(使用幼童安全椅),未使用,車的狀態,倒車,汽車,後車尾,,,駕駛者,倒車未依規定,否,121.570260,25.043105
2024,8,20240801,222500,A2,臺北市政府警察局,臺北市信義區永吉路 / 臺北市信義區永吉路,晴,有照明且開啟,市區道路,30,交岔路,四岔路,交叉路口,交叉口附近,柏油,乾燥,無缺陷,無障礙物,無遮蔽物,良好,無號誌,無號誌,行車分向線,無標記,車道線(無標記),未繪設快慢車道分隔線,無,車與車,倒車撞,駕駛者,倒車未依規定,死亡0;受傷1,2,慢車,其他慢車,男,29,其他(無需使用保護裝備之人),未使用,車的狀態,向前直行中,機車與自行車,前車頭,,,駕駛者,未保持行車安全距離,否,121.570260,25.043105
2024,8,20240801,223600,A2,臺中市政府警察局,臺中市沙鹿區竹林里都會園路2233巷200號前0.0公尺,晴,無照明,市區道路,30,單路部分,彎曲路及附近,路段,一般車道(未劃分快慢車道),柏油,乾燥,無缺陷,無障礙物,無遮蔽物,良好,無號誌,無號誌,無,無分向設施,未繪設車道線,未繪設快慢車道分隔線,無,車輛本身,路上翻車、摔倒,其他,其他不當駕車行為,死亡0;受傷2,1,機車,普通重型,女,20,戴非半罩式安全帽,未使用,車的狀態,向前直行中,機車與自行車,左側車身,,,其他,其他不當駕車行為,否,120.595724,24.228240
2024,8,20240801,223600,A2,臺中市政府警察局,臺中市沙鹿區竹林里都會園路2233巷200號前0.0公尺,晴,無照明,市區道路,30,單路部分,彎曲路及附近,路段,一般車道(未劃分快慢車道),柏油,乾燥,無缺陷,無障礙物,無遮蔽物,良好,無號誌,無號誌,無,無分向設施,未繪設車道線,未繪設快慢車道分隔線,無,車輛本身,路上翻車、摔倒,其他,其他不當駕車行為,死亡0;受傷2,2,,,無或物(動物、堆置物),0,,,,,,,,,無(非車輛駕駛人因素),尚未發現肇事因素,否,120.595724,24.228240
2024,8,20240801,223600,A2,臺中市政府警察局,臺中市沙鹿區竹林里都會園路2233巷200號前0.0公尺,晴,無照明,市區道路,30,單路部分,彎曲路及附近,路段,一般車道(未劃分快慢車道),柏油,乾燥,無缺陷,無障礙物,無遮蔽物,良好,無號誌,無號誌,無,無分向設施,未繪設車道線,未繪設快慢車道分隔線,無,車輛本身,路上翻車、摔倒,其他,其他不當駕車行為,死亡0;受傷2,3,人,乘客,男,20,戴非半罩式安全帽,非駕駛人,人的狀態,其他,其他,非汽、機及自行車,,,無(非車輛駕駛人因素),尚未發現肇事因素,否,120.595724,24.228240
2024,8,20240801,224550,A2,新竹縣政府警察局,新竹縣新豐鄉新興路口 / 新竹縣新豐鄉忠信街口,晴,有照明且開啟,村里道路,50,交岔路,三岔路,交叉路口,交叉路口內,柏油,乾燥,無缺陷,無障礙物,無遮蔽物,良好,行車管制號誌,正常,中央分向島,寬式(50公分以上),未繪設車道線,未繪設快慢車道分隔線,有,車與車,其他,駕駛者,恍神、緊張、心不在焉分心駕駛,死亡0;受傷2,1,機車,普通重型,男,62,戴半罩式安全帽,未使用,車的狀態,右轉彎,機車與自行車,後車尾,機車與自行車,後車尾,駕駛者,恍神、緊張、心不在焉分心駕駛,否,121.005867,24.878337
2024,8,20240801,224550,A2,新竹縣政府警察局,新竹縣新豐鄉新興路口 / 新竹縣新豐鄉忠信街口,晴,有照明且開啟,村里道路,50,交岔路,三岔路,交叉路口,交叉路口內,柏油,乾燥,無缺陷,無障礙物,無遮蔽物,良好,行車管制號誌,正常,中央分向島,寬式(50公分以上),未繪設車道線,未繪設快慢車道分隔線,有,車與車,其他,駕駛者,恍神、緊張、心不在焉分心駕駛,死亡0;受傷2,2,機車,普通重型,女,18,戴半罩式安全帽,未使用,車的狀態,向前直行中,機車與自行車,前車頭,機車與自行車,前車頭,駕駛者,恍神、緊張、心不在焉分心駕駛,否,121.005867,24.878337
2024,8,20240801,230122,A2,彰化縣警察局,彰化縣社頭鄉東興村社石路719號前0.0公尺附近,晴,有照明且開啟,其他,50,單路部分,直路,路段,一般車道(未劃分快慢車道),柏油,乾燥,無缺陷,無障礙物,無遮蔽物,良好,閃光號誌,正常,雙向禁止超車線,無標記,未繪設車道線,未繪設快慢車道分隔線,有,車與車,其他,機件,車輛零件脫落,死亡0;受傷1,1,慢車,微型電動二輪車,男,15,戴非半罩式安全帽,不明,車的狀態,向前直行中,機車與自行車,前車頭,,,機件,車輛零件脫落,否,120.597095,23.902919
2024,8,20240801,230122,A2,彰化縣警察局,彰化縣社頭鄉東興村社石路719號前0.0公尺附近,晴,有照明且開啟,其他,50,單路部分,直路,路段,一般車道(未劃分快慢車道),柏油,乾燥,無缺陷,無障礙物,無遮蔽物,良好,閃光號誌,正常,雙向禁止超車線,無標記,未繪設車道線,未繪設快慢車道分隔線,有,車與車,其他,機件,車輛零件脫落,死亡0;受傷1,2,小客車(含客、貨兩用),自用,女,66,不明,不明,車的狀態,靜止(引擎熄火),汽車,左後車尾(身),,,無(車輛駕駛者因素),尚未發現肇事因素,否,120.597095,23.902919
2024,8,20240801,230400,A2,屏東縣政府警察局,屏東縣崁頂鄉屏68與產業道路口,晴,無照明,村里道路,30,交岔路,四岔路,交叉路口,交叉路口內,柏油,乾燥,無缺陷,無障礙物,無遮蔽物,良好,無號誌,無號誌,雙向禁止超車線,無標記,未繪設車道線,未繪設快慢車道分隔線,有,車與車,路口交岔撞,駕駛者,其他未依規定讓車,死亡0;受傷1,1,機車,普通重型,女,30,戴半罩式安全帽,未使用,車的狀態,向前直行中,機車與自行車,前車頭,,,駕駛者,其他未依規定讓車,否,120.507077,22.500695
2024,8,20240801,230400,A2,屏東縣政府警察局,屏東縣崁頂鄉屏68與產業道路口,晴,無照明,村里道路,30,交岔路,四岔路,交叉路口,交叉路口內,柏油,乾燥,無缺陷,無障礙物,無遮蔽物,良好,無號誌,無號誌,雙向禁止超車線,無標記,未繪設車道線,未繪設快慢車道分隔線,有,車與車,路口交岔撞,駕駛者,其他未依規定讓車,死亡0;受傷1,2,小客車(含客、貨兩用),自用,男,44,繫安全帶(使用幼童安全椅),未使用,車的狀態,向前直行中,汽車,左前車頭(身),,,駕駛者,未依規定減速,否,120.507077,22.500695
2024,8,20240801,232400,A2,宜蘭縣政府警察局,宜蘭縣羅東鎮中山路3段口 / 宜蘭縣羅東鎮中正街口,晴,有照明且開啟,省道,50,交岔路,四岔路,交叉路口,交叉路口內,柏油,乾燥,無缺陷,無障礙物,無遮蔽物,良好,無號誌,無號誌,無,無分向設施,未繪設車道線,未繪設快慢車道分隔線,無,車與車,路口交岔撞,駕駛者,無號誌路口，支線道未讓幹線道先行,死亡0;受傷2,1,機車,普通重型,男,16,戴非半罩式安全帽,未使用,車的狀態,向前直行中,機車與自行車,前車頭,,,駕駛者,無號誌路口，支線道未讓幹線道先行,否,121.770509,24.674826
2024,8,20240801,232400,A2,宜蘭縣政府警察局,宜蘭縣羅東鎮中山路3段口 / 宜蘭縣羅東鎮中正街口,晴,有照明且開啟,省道,50,交岔路,四岔路,交叉路口,交叉路口內,柏油,乾燥,無缺陷,無障礙物,無遮蔽物,良好,無號誌,無號誌,無,無分向設施,未繪設車道線,未繪設快慢車道分隔線,無,車與車,路口交岔撞,駕駛者,無號誌路口，支線道未讓幹線道先行,死亡0;受傷2,2,小客車(含客、貨兩用),自用,男,29,繫安全帶(使用幼童安全椅),未使用,車的狀態,向前直行中,汽車,右前車頭(身),,,駕駛者,未依規定減速,否,121.770509,24.674826
2024,8,20240801,232400,A2,宜蘭縣政府警察局,宜蘭縣羅東鎮中山路3段口 / 宜蘭縣羅東鎮中正街口,晴,有照明且開啟,省道,50,交岔路,四岔路,交叉路口,交叉路口內,柏油,乾燥,無缺陷,無障礙物,無遮蔽物,良好,無號誌,無號誌,無,無分向設施,未繪設車道線,未繪設快慢車道分隔線,無,車與車,路口交岔撞,駕駛者,無號誌路口，支線道未讓幹線道先行,死亡0;受傷2,3,人,乘客,女,18,戴非半罩式安全帽,非駕駛人,人的狀態,其他,其他,非汽、機及自行車,,,無(非車輛駕駛人因素),尚未發現肇事因素,否,121.770509,24.674826
2024,8,20240801,232400,A2,臺中市政府警察局,臺中市西區公民里民生路 / 臺中市西區公民里五廊街,晴,有照明且開啟,市區道路,50,交岔路,三岔路,交叉路口,交叉路口內,柏油,乾燥,無缺陷,無障礙物,無遮蔽物,良好,閃光號誌,正常,無,無分向設施,未繪設車道線,未繪設快慢車道分隔線,無,車與車,側撞,駕駛者,迴轉未依規定,死亡0;受傷1,1,小客車(含客、貨兩用),計程車,男,38,繫安全帶(使用幼童安全椅),未使用,車的狀態,迴轉或橫越道路中,汽車,右前車頭(身),,,駕駛者,迴轉未依規定,否,120.671247,24.142610
2024,8,20240801,232400,A2,臺中市政府警察局,臺中市西區公民里民生路 / 臺中市西區公民里五廊街,晴,有照明且開啟,市區道路,50,交岔路,三岔路,交叉路口,交叉路口內,柏油,乾燥,無缺陷,無障礙物,無遮蔽物,良好,閃光號誌,正常,無,無分向設施,未繪設車道線,未繪設快慢車道分隔線,無,車與車,側撞,駕駛者,迴轉未依規定,死亡0;受傷1,2,機車,普通重型,男,31,戴半罩式安全帽,未使用,車的狀態,向前直行中,機車與自行車,左側車身,,,駕駛者,未依規定減速,否,120.671247,24.142610
2024,8,20240802,001000,A2,臺中市政府警察局,臺中市大雅區四德里中山路 / 臺中市大雅區四德里中山八路,晴,無照明,市區道路,50,交岔路,四岔路,交叉路口,交叉路口內,柏油,乾燥,無缺陷,無障礙物,無遮蔽物,良好,行車管制號誌,正常,雙向禁止超車線,無標記,車道線(無標記),快慢車道分隔線,有,車與車,側撞,駕駛者,未保持行車安全距離,死亡0;受傷1,1,小客車(含客、貨兩用),自用,男,31,繫安全帶(使用幼童安全椅),未使用,車的狀態,向前直行中,汽車,前車頭,,,駕駛者,未保持行車安全距離,否,120.644329,24.209355
2024,8,20240802,001000,A2,臺中市政府警察局,臺中市大雅區四德里中山路 / 臺中市大雅區四德里中山八路,晴,無照明,市區道路,50,交岔路,四岔路,交叉路口,交叉路口內,柏油,乾燥,無缺陷,無障礙物,無遮蔽物,良好,行車管制號誌,正常,雙向禁止超車線,無標記,車道線(無標記),快慢車道分隔線,有,車與車,側撞,駕駛者,未保持行車安全距離,死亡0;受傷1,2,機車,普通重型,男,22,戴半罩式安全帽,未使用,車的狀態,左轉彎,機車與自行車,左側車身,,,無(車輛駕駛者因素),尚未發現肇事因素,否,120.644329,24.209355
2024,8,20240802,003700,A2,臺中市政府警察局,臺中市北屯區和平里環中東路二段 / 臺中市北屯區和平里軍福十六路,晴,有照明且開啟,市區道路,40,交岔路,四岔路,交叉路口,交叉路口內,柏油,乾燥,無缺陷,無障礙物,無遮蔽物,良好,行車管制號誌(附設行人專用號誌),正常,無,無分向設施,未繪設車道線,未繪設快慢車道分隔線,無,車與車,其他,駕駛者,闖紅燈右轉,死亡0;受傷1,1,小客車(含客、貨兩用),自用,男,38,不明,不明,車的狀態,右轉彎,汽車,右側車身,,,駕駛者,闖紅燈右轉,否,120.720736,24.174976
2024,8,20240802,003700,A2,臺中市政府警察局,臺中市北屯區和平里環中東路二段 / 臺中市北屯區和平里軍福十六路,晴,有照明且開啟,市區道路,40,交岔路,四岔路,交叉路口,交叉路口內,柏油,乾燥,無缺陷,無障礙物,無遮蔽物,良好,行車管制號誌(附設行人專用號誌),正常,無,無分向設施,未繪設車道線,未繪設快慢車道分隔線,無,車與車,其他,駕駛者,闖紅燈右轉,死亡0;受傷1,2,機車,普通重型,女,20,不明,不明,車的狀態,向前直行中,機車與自行車,前車頭,,,無(車輛駕駛者因素),尚未發現肇事因素,否,120.720736,24.174976
2024,8,20240802,011100,A2,臺中市政府警察局,臺中市豐原區東湳里豐科路777號前0.0公尺,晴,有照明且開啟,市區道路,50,單路部分,直路,路段,快車道,柏油,乾燥,無缺陷,無障礙物,無遮蔽物,良好,無號誌,無號誌,中央分向島,寬式(50公分以上),車道線(無標記),快慢車道分隔線,無,車輛本身,撞交通島,駕駛者,酒醉(後)駕駛,死亡0;受傷1,1,機車,普通重型,男,23,戴半罩式安全帽,不明,車的狀態,向前直行中,機車與自行車,左側車身,,,駕駛者,酒醉(後)駕駛,否,120.724483,24.272771
2024,8,20240802,011100,A2,臺中市政府警察局,臺中市豐原區東湳里豐科路777號前0.0公尺,晴,有照明且開啟,市區道路,50,單路部分,直路,路段,快車道,柏油,乾燥,無缺陷,無障礙物,無遮蔽物,良好,無號誌,無號誌,中央分向島,寬式(50公分以上),車道線(無標記),快慢車道分隔線,無,車輛本身,撞交通島,駕駛者,酒醉(後)駕駛,死亡0;受傷1,2,,,無或物(動物、堆置物),0,,,,,,,,,無(非車輛駕駛人因素),尚未發現肇事因素,否,120.724483,24.272771
2024,8,20240802,012000,A2,臺中市政府警察局,臺中市潭子區東寶里雅潭路二段232號前0.0公尺,晴,有照明且開啟,市區道路,50,單路部分,直路,路段,一般車道(未劃分快慢車道),柏油,乾燥,無缺陷,無障礙物,無遮蔽物,良好,無號誌,無號誌,中央分向島,寬式(50公分以上),車道線(無標記),快慢車道分隔線,有,車輛本身,撞動物,駕駛者,未依規定減速,死亡0;受傷1,1,機車,普通重型,女,62,戴非半罩式安全帽,未使用,車的狀態,向前直行中,機車與自行車,前車頭,,,駕駛者,未依規定減速,否,120.691947,24.216135
2024,8,20240802,012000,A2,臺中市政府警察局,臺中市潭子區東寶里雅潭路二段232號前0.0公尺,晴,有照明且開啟,市區道路,50,單路部分,直路,路段,一般車道(未劃分快慢車道),柏油,乾燥,無缺陷,無障礙物,無遮蔽物,良好,無號誌,無號誌,中央分向島,寬式(50公分以上),車道線(無標記),快慢車道分隔線,有,車輛本身,撞動物,駕駛者,未依規定減速,死亡0;受傷1,2,,,無或物(動物、堆置物),0,,,,,,,,,無(非車輛駕駛人因素),動物竄出,否,120.691947,24.216135
2024,8,20240802,015600,A2,新竹市警察局,新竹市北區中央路與大同路口,晴,有照明且開啟,市區道路,50,交岔路,四岔路,交叉路口,交叉路口內,柏油,乾燥,無缺陷,無障礙物,無遮蔽物,良好,無號誌,無號誌,無,無分向設施,未繪設車道線,未繪設快慢車道分隔線,無,車與車,路口交岔撞,駕駛者,無號誌路口，左方車未讓右方車先行,死亡0;受傷2,1,機車,普通重型,男,19,不明,不明,車的狀態,向前直行中,機車與自行車,右側車身,,,駕駛者,無號誌路口，左方車未讓右方車先行,否,120.968180,24.805307
2024,8,20240802,015600,A2,新竹市警察局,新竹市北區中央路與大同路口,晴,有照明且開啟,市區道路,50,交岔路,四岔路,交叉路口,交叉路口內,柏油,乾燥,無缺陷,無障礙物,無遮蔽物,良好,無號誌,無號誌,無,無分向設施,未繪設車道線,未繪設快慢車道分隔線,無,車與車,路口交岔撞,駕駛者,無號誌路口，左方車未讓右方車先行,死亡0;受傷2,2,機車,普通重型,男,26,不明,不明,車的狀態,向前直行中,機車與自行車,前車頭,,,駕駛者,未依規定減速,否,120.968180,24.805307
2024,8,20240802,015600,A2,新竹市警察局,新竹市北區中央路與大同路口,晴,有照明且開啟,市區道路,50,交岔路,四岔路,交叉路口,交叉路口內,柏油,乾燥,無缺陷,無障礙物,無遮蔽物,良好,無號誌,無號誌,無,無分向設施,未繪設車道線,未繪設快慢車道分隔線,無,車與車,路口交岔撞,駕駛者,無號誌路口，左方車未讓右方車先行,死亡0;受傷2,3,人,乘客,女,67,不明,非駕駛人,人的狀態,其他,其他,非汽、機及自行車,,,無(非車輛駕駛人因素),尚未發現肇事因素,否,120.968180,24.805307
2024,8,20240802,020100,A2,臺中市政府警察局,臺中市龍井區三德里西濱路二段 / 臺中市龍井區三德里中央路二段,晴,有照明且開啟,市區道路,50,交岔路,四岔路,交叉路口,交叉路口內,柏油,乾燥,無缺陷,無障礙物,無遮蔽物,良好,閃光號誌,正常,無,無分向設施,未繪設車道線,未繪設快慢車道分隔線,無,車與車,路口交岔撞,駕駛者,違反閃光號誌,死亡0;受傷1,1,機車,普通重型,男,18,戴半罩式安全帽,未使用,車的狀態,向前直行中,機車與自行車,右側車身,,,駕駛者,違反閃光號誌,否,120.523782,24.208285
2024,8,20240802,020100,A2,臺中市政府警察局,臺中市龍井區三德里西濱路二段 / 臺中市龍井區三德里中央路二段,晴,有照明且開啟,市區道路,50,交岔路,四岔路,交叉路口,交叉路口內,柏油,乾燥,無缺陷,無障礙物,無遮蔽物,良好,閃光號誌,正常,無,無分向設施,未繪設車道線,未繪設快慢車道分隔線,無,車與車,路口交岔撞,駕駛者,違反閃光號誌,死亡0;受傷1,2,小貨車,營業用,男,25,繫安全帶(使用幼童安全椅),未使用,車的狀態,向前直行中,汽車,前車頭,,,駕駛者,未依規定減速,否,120.523782,24.208285
2024,8,20240802,032000,A2,臺中市政府警察局,臺中市北區崇德里進化北路 / 臺中市北區崇德里榮華街,晴,有照明且開啟,市區道路,50,交岔路,四岔路,路段,慢車道,柏油,乾燥,無缺陷,無障礙物,無遮蔽物,良好,行車管制號誌,正常,中央分向島,窄式附柵欄,車道線(無標記),快慢車道分隔線,無,車與車,其他,其他,其他不當駕車行為,死亡0;受傷2,1,小客車(含客、貨兩用),自用,男,20,繫安全帶(使用幼童安全椅),未使用,車的狀態,向前直行中,汽車,右前車頭(身),,,其他,其他不當駕車行為,否,120.686636,24.163100
2024,8,20240802,032000,A2,臺中市政府警察局,臺中市北區崇德里進化北路 / 臺中市北區崇德里榮華街,晴,有照明且開啟,市區道路,50,交岔路,四岔路,路段,慢車道,柏油,乾燥,無缺陷,無障礙物,無遮蔽物,良好,行車管制號誌,正常,中央分向島,窄式附柵欄,車道線(無標記),快慢車道分隔線,無,車與車,其他,其他,其他不當駕車行為,死亡0;受傷2,2,小客車(含客、貨兩用),自用,男,45,不明,不明,車的狀態,靜止(引擎熄火),汽車,左後車尾(身),,,其他,違規(臨時)停車,否,120.686636,24.163100
2024,8,20240802,032000,A2,臺中市政府警察局,臺中市北區崇德里進化北路 / 臺中市北區崇德里榮華街,晴,有照明且開啟,市區道路,50,交岔路,四岔路,路段,慢車道,柏油,乾燥,無缺陷,無障礙物,無遮蔽物,良好,行車管制號誌,正常,中央分向島,窄式附柵欄,車道線(無標記),快慢車道分隔線,無,車與車,其他,其他,其他不當駕車行為,死亡0;受傷2,3,小客車(含客、貨兩用),自用,男,26,繫安全帶(使用幼童安全椅),未使用,車的狀態,迴轉或橫越道路中,其他,無撞擊,,,駕駛者,迴轉未依規定,否,120.686636,24.163100
2024,8,20240802,032000,A2,臺中市政府警察局,臺中市北區崇德里進化北路 / 臺中市北區崇德里榮華街,晴,有照明且開啟,市區道路,50,交岔路,四岔路,路段,慢車道,柏油,乾燥,無缺陷,無障礙物,無遮蔽物,良好,行車管制號誌,正常,中央分向島,窄式附柵欄,車道線(無標記),快慢車道分隔線,無,車與車,其他,其他,其他不當駕車行為,死亡0;受傷2,4,人,乘客,男,19,繫安全帶(使用幼童安全椅),非駕駛人,人的狀態,其他,其他,非汽、機及自行車,,,無(非車輛駕駛人因素),尚未發現肇事因素,否,120.686636,24.163100
2024,8,20240802,043900,A2,臺中市政府警察局,臺中市西屯區惠來里臺灣大道三段前0.0公尺,晴,有照明且開啟,市區道路,40,單路部分,直路,路段,慢車道,柏油,乾燥,無缺陷,無障礙物,無遮蔽物,良好,無號誌,無號誌,中央分向島,寬式(50公分以上),車道線(附標記),寬式快慢車道分隔島(50公分以上),有,車輛本身,路上翻車、摔倒,其他,相關跡證不足且無具體影像紀錄，當事人各執一詞，經分析後無法釐清肇事原因,死亡0;受傷1,1,機車,普通重型,女,41,不明,不明,車的狀態,向前直行中,機車與自行車,右側車身,,,其他,相關跡證不足且無具體影像紀錄，當事人各執一詞，經分析後無法釐清肇事原因,否,120.647702,24.163422
2024,8,20240802,043900,A2,臺中市政府警察局,臺中市西屯區惠來里臺灣大道三段前0.0公尺,晴,有照明且開啟,市區道路,40,單路部分,直路,路段,慢車道,柏油,乾燥,無缺陷,無障礙物,無遮蔽物,良好,無號誌,無號誌,中央分向島,寬式(50公分以上),車道線(附標記),寬式快慢車道分隔島(50公分以上),有,車輛本身,路上翻車、摔倒,其他,相關跡證不足且無具體影像紀錄，當事人各執一詞，經分析後無法釐清肇事原因,死亡0;受傷1,2,,,無或物(動物、堆置物),0,,,,,,,,,無(非車輛駕駛人因素),尚未發現肇事因素,否,120.647702,24.163422
2024,8,20240802,050310,A2,屏東縣政府警察局,屏東縣里港鄉鐵店村鐵店路與永豐路3段口往南約100公尺處(屏15線路段),陰,有照明且開啟,村里道路,40,單路部分,直路,路段,一般車道(未劃分快慢車道),柏油,乾燥,無缺陷,無障礙物,無遮蔽物,良好,無號誌,無號誌,無,無分向設施,未繪設車道線,未繪設快慢車道分隔線,有,車輛本身,撞號誌、標誌桿,駕駛者,酒醉(後)駕駛,死亡0;受傷1,1,小客車(含客、貨兩用),自用,男,44,繫安全帶(使用幼童安全椅),未使用,車的狀態,向前直行中,汽車,右側車身,,,駕駛者,酒醉(後)駕駛,否,120.502433,22.775936
2024,8,20240802,050310,A2,屏東縣政府警察局,屏東縣里港鄉鐵店村鐵店路與永豐路3段口往南約100公尺處(屏15線路段),陰,有照明且開啟,村里道路,40,單路部分,直路,路段,一般車道(未劃分快慢車道),柏油,乾燥,無缺陷,無障礙物,無遮蔽物,良好,無號誌,無號誌,無,無分向設施,未繪設車道線,未繪設快慢車道分隔線,有,車輛本身,撞號誌、標誌桿,駕駛者,酒醉(後)駕駛,死亡0;受傷1,2,,,無或物(動物、堆置物),-1,,,,,,,,,無(非車輛駕駛人因素),尚未發現肇事因素,否,120.502433,22.775936
2024,8,20240802,050310,A2,屏東縣政府警察局,屏東縣里港鄉鐵店村鐵店路與永豐路3段口往南約100公尺處(屏15線路段),陰,有照明且開啟,村里道路,40,單路部分,直路,路段,一般車道(未劃分快慢車道),柏油,乾燥,無缺陷,無障礙物,無遮蔽物,良好,無號誌,無號誌,無,無分向設施,未繪設車道線,未繪設快慢車道分隔線,有,車輛本身,撞號誌、標誌桿,駕駛者,酒醉(後)駕駛,死亡0;受傷1,3,,,無或物(動物、堆置物),-1,,,,,,,,,無(非車輛駕駛人因素),尚未發現肇事因素,否,120.502433,22.775936
2024,8,20240802,051300,A2,彰化縣警察局,彰化縣田中鎮山腳路三段與文武路口,晴,有照明未開啟或故障,村里道路,40,交岔路,四岔路,交叉路口,交叉路口內,柏油,乾燥,無缺陷,無障礙物,無遮蔽物,良好,無號誌,無號誌,無,無分向設施,未繪設車道線,未繪設快慢車道分隔線,無,車與車,側撞,駕駛者,起步時未注意安全,死亡0;受傷1,1,機車,普通重型,男,84,不明,不明,車的狀態,起步,機車與自行車,左側車身,機車與自行車,左側車身,駕駛者,起步時未注意安全,否,120.603461,23.861605