發生年度,發生月份,發生日期,發生時間,事故類別名稱,處理單位名稱警局層,發生地點,天候名稱,光線名稱,道路類別-第1當事者-名稱,速限-第1當事者,道路型態大類別名稱,道路型態子類別名稱,事故位置大類別名稱,事故位置子類別名稱,路面狀況-路面鋪裝名稱,路面狀況-路面狀態名稱,路面狀況-路面缺陷名稱,道路障礙-障礙物名稱,道路障礙-視距品質名稱,道路障礙-視距名稱,號誌-號誌種類名稱,號誌-號誌動作名稱,車道劃分設施-分向設施大類別名稱,車道劃分設施-分向設施子類別名稱,車道劃分設施-分道設施-快車道或一般車道間名稱,車道劃分設施-分道設施-快慢車道間名稱,車道劃分設施-分道設施-路面邊線名稱,事故類型及型態大類別名稱,事故類型及型態子類別名稱,肇因研判大類別名稱-主要,肇因研判子類別名稱-主要,死亡受傷人數,當事者順位,當事者區分-類別-大類別名稱-車種,當事者區分-類別-子類別名稱-車種,當事者屬-性-別名稱,當事者事故發生時年齡,保護裝備名稱,行動電話或電腦或其他相類功能裝置名稱,當事者行動狀態大類別名稱,當事者行動狀態子類別名稱,車輛撞擊部位大類別名稱-最初,車輛撞擊部位子類別名稱-最初,車輛撞擊部位大類別名稱-其他,車輛撞擊部位子類別名稱-其他,肇因研判大類別名稱-個別,肇因研判子類別名稱-個別,肇事逃逸類別名稱-是否肇逃,經度,緯度
2024,8,20240802,051300,A2,彰化縣警察局,彰化縣田中鎮山腳路三段與文武路口,晴,有照明未開啟或故障,村里道路,40,交岔路,四岔路,交叉路口,交叉路口內,柏油,乾燥,無缺陷,無障礙物,無遮蔽物,良好,無號誌,無號誌,無,無分向設施,未繪設車道線,未繪設快慢車道分隔線,無,車與車,側撞,駕駛者,起步時未注意安全,死亡0;受傷1,2,小客車(含客、貨兩用),自用,男,25,不明,不明,車的狀態,向前直行中,汽車,前車頭,汽車,前車頭,駕駛者,未依規定減速,否,120.603461,23.861605
2024,8,20240802,051800,A2,臺中市政府警察局,臺中市西屯區大鵬里中清西二街112號前0.0公尺,晴,無照明,市區道路,50,單路部分,直路,路段,一般車道(未劃分快慢車道),柏油,乾燥,無缺陷,無障礙物,無遮蔽物,良好,無號誌,無號誌,雙向禁止超車線,無標記,未繪設車道線,未繪設快慢車道分隔線,無,車與車,追撞,駕駛者,未保持行車安全距離,死亡0;受傷1,1,機車,普通重型,男,73,戴非半罩式安全帽,未使用,車的狀態,向前直行中,機車與自行車,前車頭,,,駕駛者,未保持行車安全距離,否,120.665276,24.176026
2024,8,20240802,051800,A2,臺中市政府警察局,臺中市西屯區大鵬里中清西二街112號前0.0公尺,晴,無照明,市區道路,50,單路部分,直路,路段,一般車道(未劃分快慢車道),柏油,乾燥,無缺陷,無障礙物,無遮蔽物,良好,無號誌,無號誌,雙向禁止超車線,無標記,未繪設車道線,未繪設快慢車道分隔線,無,車與車,追撞,駕駛者,未保持行車安全距離,死亡0;受傷1,2,機車,普通重型,男,21,戴非半罩式安全帽,未使用,車的狀態,迴轉或橫越道路中,機車與自行車,後車尾,,,無(車輛駕駛者因素),尚未發現肇事因素,否,120.665276,24.176026
2024,8,20240802,062400,A2,新北市政府警察局,新北市新莊區重新堤外道路 / 新北市新莊區無名路,晴,有照明未開啟或故障,其他,50,交岔路,四岔路,交叉路口,交叉路口內,柏油,乾燥,無缺陷,無障礙物,無遮蔽物,良好,閃光號誌,正常,無,無分向設施,未繪設車道線,快慢車道分隔線,有,車與車,其他,駕駛者,違反其他標誌(線)禁制,死亡0;受傷3,1,小客車(含客、貨兩用),自用,女,68,繫安全帶(使用幼童安全椅),未使用,車的狀態,右轉彎,汽車,右側車身,,,駕駛者,違反其他標誌(線)禁制,否,121.453971,25.033547
2024,8,20240802,062400,A2,新北市政府警察局,新北市新莊區重新堤外道路 / 新北市新莊區無名路,晴,有照明未開啟或故障,其他,50,交岔路,四岔路,交叉路口,交叉路口內,柏油,乾燥,無缺陷,無障礙物,無遮蔽物,良好,閃光號誌,正常,無,無分向設施,未繪設車道線,快慢車道分隔線,有,車與車,其他,駕駛者,違反其他標誌(線)禁制,死亡0;受傷3,2,機車,普通重型,男,31,戴半罩式安全帽,未使用,車的狀態,向前直行中,機車與自行車,左側車身,,,駕駛者,未依規定減速,否,121.453971,25.033547
2024,8,20240802,062400,A2,新北市政府警察局,新北市新莊區重新堤外道路 / 新北市新莊區無名路,晴,有照明未開啟或故障,其他,50,交岔路,四岔路,交叉路口,交叉路口內,柏油,乾燥,無缺陷,無障礙物,無遮蔽物,良好,閃光號誌,正常,無,無分向設施,未繪設車道線,快慢車道分隔線,有,車與車,其他,駕駛者,違反其他標誌(線)禁制,死亡0;受傷3,3,機車,普通重型,男,52,戴半罩式安全帽,未使用,車的狀態,向前直行中,機車與自行車,前車頭,,,駕駛者,未依規定減速,否,121.453971,25.033547
2024,8,20240802,062400,A2,新北市政府警察局,新北市新莊區重新堤外道路 / 新北市新莊區無名路,晴,有照明未開啟或故障,其他,50,交岔路,四岔路,交叉路口,交叉路口內,柏油,乾燥,無缺陷,無障礙物,無遮蔽物,良好,閃光號誌,正常,無,無分向設施,未繪設車道線,快慢車道分隔線,有,車與車,其他,駕駛者,違反其他標誌(線)禁制,死亡0;受傷3,4,機車,普通重型,男,38,戴半罩式安全帽,未使用,車的狀態,右轉彎,機車與自行車,左側車身,,,無(車輛駕駛者因素),尚未發現肇事因素,否,121.453971,25.033547
2024,8,20240802,062707,A2,新竹縣政府警察局,新竹縣新埔鎮中正路651號前0.0公尺,晴,有照明未開啟或故障,市區道路,50,交岔路,三岔路,路段,一般車道(未劃分快慢車道),柏油,乾燥,無缺陷,無障礙物,無遮蔽物,良好,閃光號誌,正常,雙向禁止超車線,無標記,車道線(無標記),未繪設快慢車道分隔線,有,車與車,側撞,駕駛者,有號誌路口，轉彎車未讓直行車先行,死亡0;受傷1,1,機車,普通重型,女,40,戴非半罩式安全帽,未使用,車的狀態,左轉彎,機車與自行車,右側車身,,,駕駛者,有號誌路口，轉彎車未讓直行車先行,否,121.070077,24.827754
2024,8,20240802,062707,A2,新竹縣政府警察局,新竹縣新埔鎮中正路651號前0.0公尺,晴,有照明未開啟或故障,市區道路,50,交岔路,三岔路,路段,一般車道(未劃分快慢車道),柏油,乾燥,無缺陷,無障礙物,無遮蔽物,良好,閃光號誌,正常,雙向禁止超車線,無標記,車道線(無標記),未繪設快慢車道分隔線,有,車與車,側撞,駕駛者,有號誌路口，轉彎車未讓直行車先行,死亡0;受傷1,2,小客車(含客、貨兩用),自用,男,52,繫安全帶(使用幼童安全椅),未使用,車的狀態,向前直行中,汽車,左前車頭(身),,,無(車輛駕駛者因素),尚未發現肇事因素,否,121.070077,24.827754
2024,8,20240802,062707,A2,新竹縣政府警察局,新竹縣新埔鎮中正路651號前0.0公尺,晴,有照明未開啟或故障,市區道路,50,交岔路,三岔路,路段,一般車道(未劃分快慢車道),柏油,乾燥,無缺陷,無障礙物,無遮蔽物,良好,閃光號誌,正常,雙向禁止超車線,無標記,車道線(無標記),未繪設快慢車道分隔線,有,車與車,側撞,駕駛者,有號誌路口，轉彎車未讓直行車先行,死亡0;受傷1,3,小客車(含客、貨兩用),自用,男,40,繫安全帶(使用幼童安全椅),未使用,車的狀態,向前直行中,汽車,左後車尾(身),,,無(車輛駕駛者因素),尚未發現肇事因素,否,121.070077,24.827754
2024,8,20240802,062909,A2,彰化縣警察局,彰化縣大城鄉西平路口 / 彰化縣大城鄉南平路口,晴,有照明未開啟或故障,村里道路,50,交岔路,三岔路,交叉路口,交叉路口內,柏油,乾燥,無缺陷,無障礙物,無遮蔽物,良好,行車管制號誌,正常,無,無分向設施,未繪設車道線,未繪設快慢車道分隔線,無,車與車,側撞,駕駛者,起步時未注意安全,死亡0;受傷2,1,機車,普通重型,女,67,未戴安全帽或未繫安全帶(未使用幼童安全椅),未使用,車的狀態,起步,機車與自行車,左側車身,,,駕駛者,起步時未注意安全,否,120.320202,23.853474
2024,8,20240802,062909,A2,彰化縣警察局,彰化縣大城鄉西平路口 / 彰化縣大城鄉南平路口,晴,有照明未開啟或故障,村里道路,50,交岔路,三岔路,交叉路口,交叉路口內,柏油,乾燥,無缺陷,無障礙物,無遮蔽物,良好,行車管制號誌,正常,無,無分向設施,未繪設車道線,未繪設快慢車道分隔線,無,車與車,側撞,駕駛者,起步時未注意安全,死亡0;受傷2,2,大貨車,自用,男,34,繫安全帶(使用幼童安全椅),未使用,車的狀態,向前直行中,汽車,右側車身,,,無(車輛駕駛者因素),尚未發現肇事因素,否,120.320202,23.853474
2024,8,20240802,063100,A2,臺中市政府警察局,臺中市大里區仁化里仁化路 / 臺中市大里區仁化里鳳凰路,晴,有照明且開啟,市區道路,50,交岔路,四岔路,交叉路口,交叉路口內,柏油,乾燥,無缺陷,無障礙物,無遮蔽物,良好,行車管制號誌(附設行人專用號誌),正常,雙向禁止超車線,無標記,車道線(無標記),快慢車道分隔線,有,車與車,對向擦撞,駕駛者,有號誌路口，轉彎車未讓直行車先行,死亡0;受傷1,1,小客車(含客、貨兩用),計程車,男,45,繫安全帶(使用幼童安全椅),未使用,車的狀態,左轉彎,汽車,左前車頭(身),,,駕駛者,有號誌路口，轉彎車未讓直行車先行,否,120.718580,24.096812
2024,8,20240802,063100,A2,臺中市政府警察局,臺中市大里區仁化里仁化路 / 臺中市大里區仁化里鳳凰路,晴,有照明且開啟,市區道路,50,交岔路,四岔路,交叉路口,交叉路口內,柏油,乾燥,無缺陷,無障礙物,無遮蔽物,良好,行車管制號誌(附設行人專用號誌),正常,雙向禁止超車線,無標記,車道線(無標記),快慢車道分隔線,有,車與車,對向擦撞,駕駛者,有號誌路口，轉彎車未讓直行車先行,死亡0;受傷1,2,機車,普通重型,男,71,戴半罩式安全帽,未使用,車的狀態,向前直行中,機車與自行車,左側車身,,,其他,其他不當駕車行為,否,120.718580,24.096812
2024,8,20240802,064906,A2,彰化縣警察局,彰化縣北斗鎮中和里斗中路南側 / 彰化縣北斗鎮中和里中新路口,晴,無照明,村里道路,50,交岔路,三岔路,交叉路口,交叉路口內,柏油,乾燥,無缺陷,無障礙物,無遮蔽物,良好,行車管制號誌,正常,中央分向島,寬式(50公分以上),未繪設車道線,未繪設快慢車道分隔線,有,車與車,側撞,駕駛者,有號誌路口，轉彎車未讓直行車先行,死亡0;受傷1,1,小貨車,自用,男,44,繫安全帶(使用幼童安全椅),未使用,車的狀態,左轉彎,汽車,右前車頭(身),,,駕駛者,有號誌路口，轉彎車未讓直行車先行,否,120.544421,23.870577
2024,8,20240802,064906,A2,彰化縣警察局,彰化縣北斗鎮中和里斗中路南側 / 彰化縣北斗鎮中和里中新路口,晴,無照明,村里道路,50,交岔路,三岔路,交叉路口,交叉路口內,柏油,乾燥,無缺陷,無障礙物,無遮蔽物,良好,行車管制號誌,正常,中央分向島,寬式(50公分以上),未繪設車道線,未繪設快慢車道分隔線,有,車與車,側撞,駕駛者,有號誌路口，轉彎車未讓直行車先行,死亡0;受傷1,2,機車,普通重型,男,46,戴半罩式安全帽,未使用,車的狀態,向前直行中,機車與自行車,前車頭,,,駕駛者,未依規定減速,否,120.544421,23.870577
2024,8,20240802,065725,A2,彰化縣警察局,彰化縣社頭鄉泰安村山腳路三段口 / 彰化縣社頭鄉泰安村山腳路三段口,晴,有照明未開啟或故障,村里道路,40,交岔路,多岔路,交叉路口,交叉路口內,柏油,乾燥,無缺陷,無障礙物,無遮蔽物,良好,無號誌,無號誌,雙向禁止超車線,無標記,未繪設車道線,未繪設快慢車道分隔線,有,車與車,路口交岔撞,其他,其他不當駕車行為,死亡0;受傷1,1,小客車(含客、貨兩用),自用,女,32,不明,不明,車的狀態,起步,汽車,左側車身,,,其他,其他不當駕車行為,否,120.607264,23.916553
2024,8,20240802,065725,A2,彰化縣警察局,彰化縣社頭鄉泰安村山腳路三段口 / 彰化縣社頭鄉泰安村山腳路三段口,晴,有照明未開啟或故障,村里道路,40,交岔路,多岔路,交叉路口,交叉路口內,柏油,乾燥,無缺陷,無障礙物,無遮蔽物,良好,無號誌,無號誌,雙向禁止超車線,無標記,未繪設車道線,未繪設快慢車道分隔線,有,車與車,路口交岔撞,其他,其他不當駕車行為,死亡0;受傷1,2,機車,普通重型,男,28,不明,不明,車的狀態,向前直行中,機車與自行車,前車頭,,,其他,其他不當駕車行為,否,120.607264,23.916553
2024,8,20240802,070300,A2,臺北市政府警察局,臺北市松山區敦化北路 / 臺北市松山區敦化北路,晴,有照明且開啟,市區道路,30,交岔路,四岔路,交叉路口,交叉路口內,柏油,乾燥,無缺陷,無障礙物,無遮蔽物,良好,無號誌,無號誌,行車分向線,附標記,車道線(附標記),未繪設快慢車道分隔線,有,車與車,路口交岔撞,駕駛者,無號誌路口，支線道未讓幹線道先行,死亡0;受傷1,1,機車,普通重型,男,26,不明,未使用,車的狀態,向前直行中,機車與自行車,前車頭,,,駕駛者,無號誌路口，支線道未讓幹線道先行,否,121.549084,25.059978
2024,8,20240802,070300,A2,臺北市政府警察局,臺北市松山區敦化北路 / 臺北市松山區敦化北路,晴,有照明且開啟,市區道路,30,交岔路,四岔路,交叉路口,交叉路口內,柏油,乾燥,無缺陷,無障礙物,無遮蔽物,良好,無號誌,無號誌,行車分向線,附標記,車道線(附標記),未繪設快慢車道分隔線,有,車與車,路口交岔撞,駕駛者,無號誌路口，支線道未讓幹線道先行,死亡0;受傷1,2,大貨車,自用,男,51,不明,未使用,車的狀態,向前直行中,汽車,右後車尾(身),,,無(車輛駕駛者因素),尚未發現肇事因素,否,121.549084,25.059978
2024,8,20240802,070700,A2,臺中市政府警察局,臺中市西屯區何安里西屯路二段 / 臺中市西屯區何安里何厝街,晴,無照明,市區道路,50,交岔路,四岔路,交叉路口,交叉路口內,柏油,乾燥,無缺陷,無障礙物,無遮蔽物,良好,無號誌,無號誌,無,無分向設施,未繪設車道線,未繪設快慢車道分隔線,無,車與車,追撞,駕駛者,未保持行車安全距離,死亡0;受傷2,1,機車,普通重型,男,49,戴半罩式安全帽,未使用,車的狀態,向前直行中,機車與自行車,前車頭,,,駕駛者,未保持行車安全距離,否,120.657446,24.165077
2024,8,20240802,070700,A2,臺中市政府警察局,臺中市西屯區何安里西屯路二段 / 臺中市西屯區何安里何厝街,晴,無照明,市區道路,50,交岔路,四岔路,交叉路口,交叉路口內,柏油,乾燥,無缺陷,無障礙物,無遮蔽物,良好,無號誌,無號誌,無,無分向設施,未繪設車道線,未繪設快慢車道分隔線,無,車與車,追撞,駕駛者,未保持行車安全距離,死亡0;受傷2,2,機車,普通重型,男,20,戴半罩式安全帽,未使用,車的狀態,向前直行中,機車與自行車,後車尾,,,無(車輛駕駛者因素),尚未發現肇事因素,否,120.657446,24.165077
2024,8,20240802,070700,A2,基隆市警察局,基隆市暖暖區東碇路302號前0.0公尺,晴,有照明且開啟,市區道路,50,單路部分,直路,路段,一般車道(未劃分快慢車道),柏油,乾燥,無缺陷,無障礙物,無遮蔽物,良好,無號誌,無號誌,單向禁止超車線,附標記,車道線(附標記),未繪設快慢車道分隔線,有,車與車,側撞,駕駛者,左轉彎未依規定,死亡0;受傷1,1,大貨車,營業用,男,29,繫安全帶(使用幼童安全椅),未使用,車的狀態,左轉彎,汽車,左前車頭(身),,,駕駛者,左轉彎未依規定,否,121.748927,25.095131
2024,8,20240802,070700,A2,基隆市警察局,基隆市暖暖區東碇路302號前0.0公尺,晴,有照明且開啟,市區道路,50,單路部分,直路,路段,一般車道(未劃分快慢車道),柏油,乾燥,無缺陷,無障礙物,無遮蔽物,良好,無號誌,無號誌,單向禁止超車線,附標記,車道線(附標記),未繪設快慢車道分隔線,有,車與車,側撞,駕駛者,左轉彎未依規定,死亡0;受傷1,2,機車,普通重型,女,20,戴半罩式安全帽,未使用,車的狀態,向前直行中,機車與自行車,前車頭,,,無(車輛駕駛者因素),尚未發現肇事因素,否,121.748927,25.095131
2024,8,20240802,070900,A2,臺中市政府警察局,臺中市沙鹿區公明里忠貞路117號前0.0公尺,晴,有照明未開啟或故障,市區道路,50,交岔路,三岔路,交叉路口,交叉路口內,柏油,乾燥,無缺陷,無障礙物,無遮蔽物,良好,無號誌,無號誌,無,無分向設施,未繪設車道線,未繪設快慢車道分隔線,無,車與車,側撞,駕駛者,無號誌路口，轉彎車未讓直行車先行,死亡0;受傷3,1,機車,普通重型,男,35,戴半罩式安全帽,未使用,車的狀態,左轉彎,機車與自行車,左側車身,,,駕駛者,無號誌路口，轉彎車未讓直行車先行,否,120.605205,24.244523
2024,8,20240802,070900,A2,臺中市政府警察局,臺中市沙鹿區公明里忠貞路117號前0.0公尺,晴,有照明未開啟或故障,市區道路,50,交岔路,三岔路,交叉路口,交叉路口內,柏油,乾燥,無缺陷,無障礙物,無遮蔽物,良好,無號誌,無號誌,無,無分向設施,未繪設車道線,未繪設快慢車道分隔線,無,車與車,側撞,駕駛者,無號誌路口，轉彎車未讓直行車先行,死亡0;受傷3,2,機車,普通重型,女,55,戴非半罩式安全帽,未使用,車的狀態,向前直行中,機車與自行車,右側車身,,,駕駛者,恍神、緊張、心不在焉分心駕駛,否,120.605205,24.244523
2024,8,20240802,070900,A2,臺中市政府警察局,臺中市沙鹿區公明里忠貞路117號前0.0公尺,晴,有照明未開啟或故障,市區道路,50,交岔路,三岔路,交叉路口,交叉路口內,柏油,乾燥,無缺陷,無障礙物,無遮蔽物,良好,無號誌,無號誌,無,無分向設施,未繪設車道線,未繪設快慢車道分隔線,無,車與車,側撞,駕駛者,無號誌路口，轉彎車未讓直行車先行,死亡0;受傷3,3,人,乘客,女,1,未戴安全帽或未繫安全帶(未使用幼童安全椅),非駕駛人,人的狀態,其他,其他,非汽、機及自行車,,,無(非車輛駕駛人因素),尚未發現肇事因素,否,120.605205,24.244523
2024,8,20240802,071100,A2,臺中市政府警察局,臺中市烏日區溪埧里溪南路一段722號前0.0公尺,晴,有照明未開啟或故障,市區道路,50,交岔路,三岔路,交叉路口,交叉路口內,柏油,乾燥,無缺陷,無障礙物,無遮蔽物,良好,無號誌,無號誌,無,無分向設施,未繪設車道線,未繪設快慢車道分隔線,無,車與車,其他,其他,其他不當駕車行為,死亡0;受傷2,1,機車,普通重型,女,81,不明,不明,車的狀態,左轉彎,機車與自行車,左側車身,,,其他,其他不當駕車行為,否,120.642819,24.075059
2024,8,20240802,071100,A2,臺中市政府警察局,臺中市烏日區溪埧里溪南路一段722號前0.0公尺,晴,有照明未開啟或故障,市區道路,50,交岔路,三岔路,交叉路口,交叉路口內,柏油,乾燥,無缺陷,無障礙物,無遮蔽物,良好,無號誌,無號誌,無,無分向設施,未繪設車道線,未繪設快慢車道分隔線,無,車與車,其他,其他,其他不當駕車行為,死亡0;受傷2,2,機車,普通重型,男,22,不明,不明,車的狀態,向前直行中,機車與自行車,前車頭,,,駕駛者,未依規定減速,否,120.642819,24.075059
2024,8,20240802,071200,A2,臺中市政府警察局,臺中市豐原區東湳里三豐路一段 / 臺中市豐原區東湳里三環路,晴,有照明未開啟或故障,市區道路,50,交岔路,四岔路,交叉路口,交叉路口內,柏油,乾燥,無缺陷,無障礙物,無遮蔽物,良好,行車管制號誌(附設行人專用號誌),正常,中央分向島,寬式(50公分以上),禁止變換車道線(無標記),未繪設快慢車道分隔線,有,車與車,對向擦撞,駕駛者,有號誌路口，轉彎車未讓直行車先行,死亡0;受傷1,1,機車,普通重型,男,40,戴非半罩式安全帽,未使用,車的狀態,左轉彎,機車與自行車,前車頭,,,駕駛者,有號誌路口，轉彎車未讓直行車先行,否,120.720445,24.262409
2024,8,20240802,071200,A2,臺中市政府警察局,臺中市豐原區東湳里三豐路一段 / 臺中市豐原區東湳里三環路,晴,有照明未開啟或故障,市區道路,50,交岔路,四岔路,交叉路口,交叉路口內,柏油,乾燥,無缺陷,無障礙物,無遮蔽物,良好,行車管制號誌(附設行人專用號誌),正常,中央分向島,寬式(50公分以上),禁止變換車道線(無標記),未繪設快慢車道分隔線,有,車與車,對向擦撞,駕駛者,有號誌路口，轉彎車未讓直行車先行,死亡0;受傷1,2,機車,普通重型,男,48,戴非半罩式安全帽,未使用,車的狀態,向前直行中,機車與自行車,前車頭,,,駕駛者,未依規定減速,否,120.720445,24.262409
2024,8,20240802,071300,A2,臺中市政府警察局,臺中市豐原區三村里西勢路前0.0公尺,晴,有照明未開啟或故障,市區道路,60,交岔路,四岔路,交叉路口,交叉路口內,柏油,乾燥,無缺陷,無障礙物,無遮蔽物,良好,行車管制號誌,正常,中央分向島,寬式(50公分以上),車道線(無標記),快慢車道分隔線,有,車與車,其他,駕駛者,闖紅燈直行,死亡0;受傷2,1,機車,普通重型,男,18,戴非半罩式安全帽,不明,車的狀態,向前直行中,機車與自行車,前車頭,,,駕駛者,闖紅燈直行,否,120.700015,24.236761
2024,8,20240802,071300,A2,臺中市政府警察局,臺中市豐原區三村里西勢路前0.0公尺,晴,有照明未開啟或故障,市區道路,60,交岔路,四岔路,交叉路口,交叉路口內,柏油,乾燥,無缺陷,無障礙物,無遮蔽物,良好,行車管制號誌,正常,中央分向島,寬式(50公分以上),車道線(無標記),快慢車道分隔線,有,車與車,其他,駕駛者,闖紅燈直行,死亡0;受傷2,2,機車,普通重型,男,40,戴非半罩式安全帽,未使用,車的狀態,左轉彎,機車與自行車,右側車身,,,駕駛者,違反二段式左(右)轉標誌(線),否,120.700015,24.236761
2024,8,20240802,071416,A2,嘉義縣警察局,嘉義縣民雄鄉福權村下寮23號,晴,無照明,其他,40,單路部分,直路,路段,一般車道(未劃分快慢車道),柏油,乾燥,無缺陷,無障礙物,無遮蔽物,良好,無號誌,無號誌,行車分向線,無標記,車道線(無標記),未繪設快慢車道分隔線,有,車輛本身,其他,無(物或動物),道路設施(備)、植栽或其他裝置，倒塌或掉(斷)落,死亡0;受傷1,1,,,無或物(動物、堆置物),-1,,,,,,,,,無(物或動物),道路設施(備)、植栽或其他裝置，倒塌或掉(斷)落,否,120.421264,23.571446
2024,8,20240802,071416,A2,嘉義縣警察局,嘉義縣民雄鄉福權村下寮23號,晴,無照明,其他,40,單路部分,直路,路段,一般車道(未劃分快慢車道),柏油,乾燥,無缺陷,無障礙物,無遮蔽物,良好,無號誌,無號誌,行車分向線,無標記,車道線(無標記),未繪設快慢車道分隔線,有,車輛本身,其他,無(物或動物),道路設施(備)、植栽或其他裝置，倒塌或掉(斷)落,死亡0;受傷1,2,機車,普通重型,女,29,戴非半罩式安全帽,未使用,車的狀態,向前直行中,機車與自行車,前車頭,機車與自行車,前車頭,無(車輛駕駛者因素),尚未發現肇事因素,否,120.421264,23.571446
2024,8,20240802,071700,A2,臺中市政府警察局,臺中市西區民生里建國路 / 臺中市西區民生里民權路,晴,有照明未開啟或故障,市區道路,50,交岔路,四岔路,交叉路口,交叉路口內,柏油,乾燥,無缺陷,無障礙物,無遮蔽物,良好,行車管制號誌,正常,無,無分向設施,未繪設車道線,未繪設快慢車道分隔線,無,車與車,路口交岔撞,駕駛者,闖紅燈直行,死亡0;受傷3,1,機車,普通重型,男,25,戴半罩式安全帽,未使用,車的狀態,向前直行中,機車與自行車,前車頭,機車與自行車,右側車身,駕駛者,闖紅燈直行,否,120.682212,24.135899
2024,8,20240802,071700,A2,臺中市政府警察局,臺中市西區民生里建國路 / 臺中市西區民生里民權路,晴,有照明未開啟或故障,市區道路,50,交岔路,四岔路,交叉路口,交叉路口內,柏油,乾燥,無缺陷,無障礙物,無遮蔽物,良好,行車管制號誌,正常,無,無分向設施,未繪設車道線,未繪設快慢車道分隔線,無,車與車,路口交岔撞,駕駛者,闖紅燈直行,死亡0;受傷3,2,機車,普通重型,男,17,戴半罩式安全帽,未使用,車的狀態,起步,機車與自行車,前車頭,機車與自行車,右側車身,無(車輛駕駛者因素),尚未發現肇事因素,否,120.682212,24.135899
2024,8,20240802,071700,A2,臺中市政府警察局,臺中市西區民生里建國路 / 臺中市西區民生里民權路,晴,有照明未開啟或故障,市區道路,50,交岔路,四岔路,交叉路口,交叉路口內,柏油,乾燥,無缺陷,無障礙物,無遮蔽物,良好,行車管制號誌,正常,無,無分向設施,未繪設車道線,未繪設快慢車道分隔線,無,車與車,路口交岔撞,駕駛者,闖紅燈直行,死亡0;受傷3,3,機車,普通輕型,女,40,戴半罩式安全帽,未使用,車的狀態,起步,機車與自行車,前車頭,機車與自行車,左側車身,無(車輛駕駛者因素),尚未發現肇事因素,否,120.682212,24.135899
2024,8,20240802,072000,A2,臺中市政府警察局,臺中市龍井區忠和里中央路三段206之1號前0.0公尺,晴,無照明,市區道路,50,交岔路,三岔路,交叉路口,交叉口附近,柏油,乾燥,無缺陷,無障礙物,無遮蔽物,良好,行車管制號誌,正常,雙向禁止超車線,無標記,未繪設車道線,未繪設快慢車道分隔線,有,車與車,其他,駕駛者,起步時未注意安全,死亡0;受傷1,1,機車,普通重型,女,78,戴半罩式安全帽,未使用,車的狀態,起步,機車與自行車,左側車身,,,駕駛者,起步時未注意安全,否,120.526583,24.217077
2024,8,20240802,072000,A2,臺中市政府警察局,臺中市龍井區忠和里中央路三段206之1號前0.0公尺,晴,無照明,市區道路,50,交岔路,三岔路,交叉路口,交叉口附近,柏油,乾燥,無缺陷,無障礙物,無遮蔽物,良好,行車管制號誌,正常,雙向禁止超車線,無標記,未繪設車道線,未繪設快慢車道分隔線,有,車與車,其他,駕駛者,起步時未注意安全,死亡0;受傷1,2,機車,普通重型,男,65,戴半罩式安全帽,未使用,車的狀態,向前直行中,機車與自行車,右側車身,,,無(車輛駕駛者因素),尚未發現肇事因素,否,120.526583,24.217077
2024,8,20240802,072200,A2,臺北市政府警察局,臺北市大同區民生西路 / 臺北市大同區承德路2段,晴,有照明未開啟或故障,市區道路,50,交岔路,四岔路,交叉路口,交叉路口內,柏油,乾燥,無缺陷,無障礙物,無遮蔽物,良好,行車管制號誌(附設行人專用號誌),正常,中央分向島,寬式(50公分以上),車道線(無標記),未繪設快慢車道分隔線,無,車與車,其他,駕駛者,方向不定(不包括危險駕車),死亡0;受傷3,1,機車,普通重型,男,27,戴半罩式安全帽,不明,車的狀態,向前直行中,機車與自行車,右側車身,,,駕駛者,方向不定(不包括危險駕車),否,121.517436,25.056950
2024,8,20240802,072200,A2,臺北市政府警察局,臺北市大同區民生西路 / 臺北市大同區承德路2段,晴,有照明未開啟或故障,市區道路,50,交岔路,四岔路,交叉路口,交叉路口內,柏油,乾燥,無缺陷,無障礙物,無遮蔽物,良好,行車管制號誌(附設行人專用號誌),正常,中央分向島,寬式(50公分以上),車道線(無標記),未繪設快慢車道分隔線,無,車與車,其他,駕駛者,方向不定(不包括危險駕車),死亡0;受傷3,2,機車,普通重型,男,24,戴半罩式安全帽,不明,車的狀態,向前直行中,機車與自行車,左側車身,,,無(車輛駕駛者因素),尚未發現肇事因素,否,121.517436,25.056950
2024,8,20240802,072200,A2,臺北市政府警察局,臺北市大同區民生西路 / 臺北市大同區承德路2段,晴,有照明未開啟或故障,市區道路,50,交岔路,四岔路,交叉路口,交叉路口內,柏油,乾燥,無缺陷,無障礙物,無遮蔽物,良好,行車管制號誌(附設行人專用號誌),正常,中央分向島,寬式(50公分以上),車道線(無標記),未繪設快慢車道分隔線,無,車與車,其他,駕駛者,方向不定(不包括危險駕車),死亡0;受傷3,3,人,乘客,女,20,戴半罩式安全帽,非駕駛人,人的狀態,其他,其他,非汽、機及自行車,,,無(非車輛駕駛人因素),尚未發現肇事因素,否,121.517436,25.056950