發生年度,發生月份,發生日期,發生時間,事故類別名稱,處理單位名稱警局層,發生地點,天候名稱,光線名稱,道路類別-第1當事者-名稱,速限-第1當事者,道路型態大類別名稱,道路型態子類別名稱,事故位置大類別名稱,事故位置子類別名稱,路面狀況-路面鋪裝名稱,路面狀況-路面狀態名稱,路面狀況-路面缺陷名稱,道路障礙-障礙物名稱,道路障礙-視距品質名稱,道路障礙-視距名稱,號誌-號誌種類名稱,號誌-號誌動作名稱,車道劃分設施-分向設施大類別名稱,車道劃分設施-分向設施子類別名稱,車道劃分設施-分道設施-快車道或一般車道間名稱,車道劃分設施-分道設施-快慢車道間名稱,車道劃分設施-分道設施-路面邊線名稱,事故類型及型態大類別名稱,事故類型及型態子類別名稱,肇因研判大類別名稱-主要,肇因研判子類別名稱-主要,死亡受傷人數,當事者順位,當事者區分-類別-大類別名稱-車種,當事者區分-類別-子類別名稱-車種,當事者屬-性-別名稱,當事者事故發生時年齡,保護裝備名稱,行動電話或電腦或其他相類功能裝置名稱,當事者行動狀態大類別名稱,當事者行動狀態子類別名稱,車輛撞擊部位大類別名稱-最初,車輛撞擊部位子類別名稱-最初,車輛撞擊部位大類別名稱-其他,車輛撞擊部位子類別名稱-其他,肇因研判大類別名稱-個別,肇因研判子類別名稱-個別,肇事逃逸類別名稱-是否肇逃,經度,緯度
2024,8,20240802,072229,A2,保安警察第二總隊,臺南市善化區北園一路停14停車場出入口前,晴,無照明,市區道路,40,交岔路,三岔路,交叉路口,交叉路口內,柏油,乾燥,無缺陷,無障礙物,無遮蔽物,良好,無號誌,無號誌,中央分向島,寬式(50公分以上),未繪設車道線,未繪設快慢車道分隔線,無,車與車,同向擦撞,駕駛者,違規超車,死亡0;受傷1,1,機車,普通重型,女,44,戴非半罩式安全帽,未使用,車的狀態,向前直行中,機車與自行車,左側車身,,,駕駛者,違規超車,否,120.266769,23.123293
2024,8,20240802,072229,A2,保安警察第二總隊,臺南市善化區北園一路停14停車場出入口前,晴,無照明,市區道路,40,交岔路,三岔路,交叉路口,交叉路口內,柏油,乾燥,無缺陷,無障礙物,無遮蔽物,良好,無號誌,無號誌,中央分向島,寬式(50公分以上),未繪設車道線,未繪設快慢車道分隔線,無,車與車,同向擦撞,駕駛者,違規超車,死亡0;受傷1,2,小貨車,自用,男,46,未戴安全帽或未繫安全帶(未使用幼童安全椅),未使用,車的狀態,右轉彎,汽車,右側車身,,,無(車輛駕駛者因素),尚未發現肇事因素,否,120.266769,23.123293
2024,8,20240802,072700,A2,臺中市政府警察局,臺中市潭子區潭秀里潭子街三段136號前0.0公尺,晴,無照明,市區道路,50,單路部分,直路,路段,一般車道(未劃分快慢車道),柏油,乾燥,無缺陷,無障礙物,無遮蔽物,良好,無號誌,無號誌,雙向禁止超車線,無標記,車道線(無標記),未繪設快慢車道分隔線,無,車與車,追撞,駕駛者,未保持行車安全距離,死亡0;受傷1,1,機車,普通重型,男,37,戴非半罩式安全帽,未使用,車的狀態,向前直行中,機車與自行車,左側車身,,,駕駛者,未保持行車安全距離,否,120.705531,24.215632
2024,8,20240802,072700,A2,臺中市政府警察局,臺中市潭子區潭秀里潭子街三段136號前0.0公尺,晴,無照明,市區道路,50,單路部分,直路,路段,一般車道(未劃分快慢車道),柏油,乾燥,無缺陷,無障礙物,無遮蔽物,良好,無號誌,無號誌,雙向禁止超車線,無標記,車道線(無標記),未繪設快慢車道分隔線,無,車與車,追撞,駕駛者,未保持行車安全距離,死亡0;受傷1,2,小客車(含客、貨兩用),自用,男,46,繫安全帶(使用幼童安全椅),未使用,車的狀態,急減速或急停止,汽車,右後車尾(身),,,無(車輛駕駛者因素),尚未發現肇事因素,否,120.705531,24.215632
2024,8,20240802,072700,A2,臺中市政府警察局,臺中市北區健行里梅亭街 / 臺中市北區健行里華富街,晴,有照明未開啟或故障,市區道路,50,交岔路,四岔路,交叉路口,交叉路口內,柏油,乾燥,無缺陷,無障礙物,無遮蔽物,良好,無號誌,無號誌,雙向禁止超車線,無標記,未繪設車道線,未繪設快慢車道分隔線,無,車與車,路口交岔撞,駕駛者,無號誌路口，左方車未讓右方車先行,死亡0;受傷3,1,機車,普通重型,女,75,戴半罩式安全帽,不明,車的狀態,向前直行中,其他,不明,,,駕駛者,無號誌路口，左方車未讓右方車先行,否,120.666755,24.160421
2024,8,20240802,072700,A2,臺中市政府警察局,臺中市北區健行里梅亭街 / 臺中市北區健行里華富街,晴,有照明未開啟或故障,市區道路,50,交岔路,四岔路,交叉路口,交叉路口內,柏油,乾燥,無缺陷,無障礙物,無遮蔽物,良好,無號誌,無號誌,雙向禁止超車線,無標記,未繪設車道線,未繪設快慢車道分隔線,無,車與車,路口交岔撞,駕駛者,無號誌路口，左方車未讓右方車先行,死亡0;受傷3,2,機車,普通重型,男,41,戴半罩式安全帽,不明,車的狀態,向前直行中,其他,不明,,,駕駛者,未依規定減速,否,120.666755,24.160421
2024,8,20240802,072700,A2,臺中市政府警察局,臺中市北區健行里梅亭街 / 臺中市北區健行里華富街,晴,有照明未開啟或故障,市區道路,50,交岔路,四岔路,交叉路口,交叉路口內,柏油,乾燥,無缺陷,無障礙物,無遮蔽物,良好,無號誌,無號誌,雙向禁止超車線,無標記,未繪設車道線,未繪設快慢車道分隔線,無,車與車,路口交岔撞,駕駛者,無號誌路口，左方車未讓右方車先行,死亡0;受傷3,3,人,乘客,男,14,戴半罩式安全帽,非駕駛人,人的狀態,其他,其他,非汽、機及自行車,,,無(非車輛駕駛人因素),尚未發現肇事因素,否,120.666755,24.160421
2024,8,20240802,072800,A2,臺北市政府警察局,臺北市文山區老泉街 / 臺北市文山區老泉街,晴,有照明未開啟或故障,市區道路,50,交岔路,三岔路,交叉路口,交叉路口內,柏油,乾燥,無缺陷,無障礙物,無遮蔽物,良好,閃光號誌,正常,無,無分向設施,未繪設車道線,未繪設快慢車道分隔線,無,車與車,側撞,駕駛者,左轉彎未依規定,死亡0;受傷2,1,機車,普通重型,男,47,戴非半罩式安全帽,未使用,車的狀態,左轉彎,機車與自行車,前車頭,機車與自行車,左側車身,駕駛者,左轉彎未依規定,否,121.557552,24.976239
2024,8,20240802,072800,A2,臺北市政府警察局,臺北市文山區老泉街 / 臺北市文山區老泉街,晴,有照明未開啟或故障,市區道路,50,交岔路,三岔路,交叉路口,交叉路口內,柏油,乾燥,無缺陷,無障礙物,無遮蔽物,良好,閃光號誌,正常,無,無分向設施,未繪設車道線,未繪設快慢車道分隔線,無,車與車,側撞,駕駛者,左轉彎未依規定,死亡0;受傷2,2,機車,普通重型,男,37,戴非半罩式安全帽,未使用,車的狀態,向前直行中,機車與自行車,前車頭,機車與自行車,後車尾,無(車輛駕駛者因素),尚未發現肇事因素,否,121.557552,24.976239
2024,8,20240802,073000,A2,臺中市政府警察局,臺中市清水區海濱里港埠路四段 / 臺中市清水區海濱里無名路,晴,無照明,市區道路,60,交岔路,三岔路,交叉路口,交叉路口內,柏油,乾燥,無缺陷,無障礙物,無遮蔽物,良好,無號誌,無號誌,中央分向島,寬式(50公分以上),未繪設車道線,未繪設快慢車道分隔線,有,車與車,側撞,駕駛者,無號誌路口，轉彎車未讓直行車先行,死亡0;受傷1,1,小客車(含客、貨兩用),自用,男,27,繫安全帶(使用幼童安全椅),未使用,車的狀態,右轉彎,汽車,右前車頭(身),,,駕駛者,無號誌路口，轉彎車未讓直行車先行,否,120.549662,24.283439
2024,8,20240802,073000,A2,臺中市政府警察局,臺中市清水區海濱里港埠路四段 / 臺中市清水區海濱里無名路,晴,無照明,市區道路,60,交岔路,三岔路,交叉路口,交叉路口內,柏油,乾燥,無缺陷,無障礙物,無遮蔽物,良好,無號誌,無號誌,中央分向島,寬式(50公分以上),未繪設車道線,未繪設快慢車道分隔線,有,車與車,側撞,駕駛者,無號誌路口，轉彎車未讓直行車先行,死亡0;受傷1,2,機車,普通重型,男,48,戴半罩式安全帽,未使用,車的狀態,向前直行中,機車與自行車,左側車身,,,駕駛者,觀看其他事故、活動、道路環境或車外資訊分心駕駛,否,120.549662,24.283439
2024,8,20240802,073100,A2,國道公路警察局,桃園市蘆竹區國道1號 54公里500.0公尺處北側向輔助,晴,有照明未開啟或故障,國道,100,單路部分,直路,路段,快車道,柏油,乾燥,無缺陷,無障礙物,無遮蔽物,良好,無號誌,無號誌,中央分向島,寬式(50公分以上),車道線(附標記),未繪設快慢車道分隔線,有,車與車,追撞,駕駛者,觀看其他事故、活動、道路環境或車外資訊分心駕駛,死亡0;受傷1,1,小客車(含客、貨兩用),自用,女,62,繫安全帶(使用幼童安全椅),未使用,車的狀態,向前直行中,汽車,前車頭,,,駕駛者,觀看其他事故、活動、道路環境或車外資訊分心駕駛,否,121.261435,25.009325
2024,8,20240802,073100,A2,國道公路警察局,桃園市蘆竹區國道1號 54公里500.0公尺處北側向輔助,晴,有照明未開啟或故障,國道,100,單路部分,直路,路段,快車道,柏油,乾燥,無缺陷,無障礙物,無遮蔽物,良好,無號誌,無號誌,中央分向島,寬式(50公分以上),車道線(附標記),未繪設快慢車道分隔線,有,車與車,追撞,駕駛者,觀看其他事故、活動、道路環境或車外資訊分心駕駛,死亡0;受傷1,2,小客車(含客、貨兩用),租賃車,女,31,繫安全帶(使用幼童安全椅),未使用,車的狀態,向前直行中,汽車,後車尾,汽車,前車頭,無(車輛駕駛者因素),尚未發現肇事因素,否,121.261435,25.009325
2024,8,20240802,073100,A2,國道公路警察局,桃園市蘆竹區國道1號 54公里500.0公尺處北側向輔助,晴,有照明未開啟或故障,國道,100,單路部分,直路,路段,快車道,柏油,乾燥,無缺陷,無障礙物,無遮蔽物,良好,無號誌,無號誌,中央分向島,寬式(50公分以上),車道線(附標記),未繪設快慢車道分隔線,有,車與車,追撞,駕駛者,觀看其他事故、活動、道路環境或車外資訊分心駕駛,死亡0;受傷1,3,小客車(含客、貨兩用),自用,女,37,繫安全帶(使用幼童安全椅),未使用,車的狀態,向前直行中,汽車,後車尾,,,無(車輛駕駛者因素),尚未發現肇事因素,否,121.261435,25.009325
2024,8,20240802,073400,A2,彰化縣警察局,彰化縣彰化市阿夷里金馬路1段411號,晴,無照明,市區道路,70,單路部分,直路,路段,路肩、路緣,柏油,乾燥,無缺陷,無障礙物,無遮蔽物,良好,無號誌,無號誌,中央分向島,寬式(50公分以上),車道線(無標記),快慢車道分隔線,有,車與車,倒車撞,駕駛者,倒車未依規定,死亡0;受傷1,1,小客車(含客、貨兩用),自用,女,48,繫安全帶(使用幼童安全椅),未使用,車的狀態,倒車,汽車,右後車尾(身),,,駕駛者,倒車未依規定,否,120.550425,24.096917
2024,8,20240802,073400,A2,彰化縣警察局,彰化縣彰化市阿夷里金馬路1段411號,晴,無照明,市區道路,70,單路部分,直路,路段,路肩、路緣,柏油,乾燥,無缺陷,無障礙物,無遮蔽物,良好,無號誌,無號誌,中央分向島,寬式(50公分以上),車道線(無標記),快慢車道分隔線,有,車與車,倒車撞,駕駛者,倒車未依規定,死亡0;受傷1,2,慢車,微型電動二輪車,男,-1,戴非半罩式安全帽,未使用,車的狀態,向前直行中,機車與自行車,前車頭,,,其他,其他不當駕車行為,否,120.550425,24.096917
2024,8,20240802,073700,A2,臺中市政府警察局,臺中市南區福順里忠明南路 / 臺中市南區福順里忠明南路,晴,有照明未開啟或故障,市區道路,50,交岔路,三岔路,交叉路口,交叉路口內,柏油,乾燥,無缺陷,無障礙物,無遮蔽物,良好,行車管制號誌,正常,無,無分向設施,未繪設車道線,未繪設快慢車道分隔線,無,車與車,其他,駕駛者,未保持行車安全距離,死亡0;受傷1,1,機車,普通重型,女,35,不明,不明,車的狀態,向前直行中,機車與自行車,前車頭,,,駕駛者,未保持行車安全距離,否,120.659680,24.125707
2024,8,20240802,073700,A2,臺中市政府警察局,臺中市南區福順里忠明南路 / 臺中市南區福順里忠明南路,晴,有照明未開啟或故障,市區道路,50,交岔路,三岔路,交叉路口,交叉路口內,柏油,乾燥,無缺陷,無障礙物,無遮蔽物,良好,行車管制號誌,正常,無,無分向設施,未繪設車道線,未繪設快慢車道分隔線,無,車與車,其他,駕駛者,未保持行車安全距離,死亡0;受傷1,2,機車,普通重型,女,22,不明,不明,車的狀態,向前直行中,機車與自行車,後車尾,,,無(車輛駕駛者因素),尚未發現肇事因素,否,120.659680,24.125707
2024,8,20240802,073900,A2,臺北市政府警察局,臺北市中山區吉林路 / 臺北市中山區南京東路2段,陰,有照明且開啟,市區道路,50,交岔路,四岔路,交叉路口,交叉口附近,柏油,乾燥,無缺陷,其他障礙物,無遮蔽物,良好,行車管制號誌(附設行人專用號誌),正常,雙向禁止超車線,無標記,車道線(無標記),快慢車道分隔線,無,車與車,其他,其他,其他不當駕車行為,死亡0;受傷2,1,機車,普通重型,男,28,不明,不明,車的狀態,向前直行中,機車與自行車,左側車身,,,其他,其他不當駕車行為,否,121.530026,25.052325
2024,8,20240802,073900,A2,臺北市政府警察局,臺北市中山區吉林路 / 臺北市中山區南京東路2段,陰,有照明且開啟,市區道路,50,交岔路,四岔路,交叉路口,交叉口附近,柏油,乾燥,無缺陷,其他障礙物,無遮蔽物,良好,行車管制號誌(附設行人專用號誌),正常,雙向禁止超車線,無標記,車道線(無標記),快慢車道分隔線,無,車與車,其他,其他,其他不當駕車行為,死亡0;受傷2,2,機車,普通重型,女,28,不明,不明,車的狀態,右轉彎,機車與自行車,前車頭,,,無(車輛駕駛者因素),尚未發現肇事因素,否,121.530026,25.052325
2024,8,20240802,074000,A2,臺北市政府警察局,臺北市文山區指南路3段 / 臺北市文山區指南路3段,晴,無照明,市區道路,30,交岔路,三岔路,交叉路口,交叉路口內,柏油,乾燥,無缺陷,無障礙物,無遮蔽物,良好,無號誌,無號誌,無,無分向設施,未繪設車道線,未繪設快慢車道分隔線,無,車與車,其他,其他,其他不當駕車行為,死亡0;受傷2,1,機車,普通重型,男,27,戴半罩式安全帽,未使用,車的狀態,向前直行中,機車與自行車,前車頭,,,其他,其他不當駕車行為,否,121.582511,24.979398
2024,8,20240802,074000,A2,臺北市政府警察局,臺北市文山區指南路3段 / 臺北市文山區指南路3段,晴,無照明,市區道路,30,交岔路,三岔路,交叉路口,交叉路口內,柏油,乾燥,無缺陷,無障礙物,無遮蔽物,良好,無號誌,無號誌,無,無分向設施,未繪設車道線,未繪設快慢車道分隔線,無,車與車,其他,其他,其他不當駕車行為,死亡0;受傷2,2,機車,大型重型2(250-550C.C.),男,36,戴半罩式安全帽,未使用,車的狀態,向前直行中,機車與自行車,前車頭,,,其他,其他不當駕車行為,否,121.582511,24.979398
2024,8,20240802,074000,A2,臺北市政府警察局,臺北市文山區指南路3段 / 臺北市文山區指南路3段,晴,無照明,市區道路,30,交岔路,三岔路,交叉路口,交叉路口內,柏油,乾燥,無缺陷,無障礙物,無遮蔽物,良好,無號誌,無號誌,無,無分向設施,未繪設車道線,未繪設快慢車道分隔線,無,車與車,其他,其他,其他不當駕車行為,死亡0;受傷2,3,人,乘客,女,29,戴半罩式安全帽,非駕駛人,人的狀態,其他,其他,非汽、機及自行車,,,無(非車輛駕駛人因素),尚未發現肇事因素,否,121.582511,24.979398
2024,8,20240802,074300,A2,臺北市政府警察局,臺北市信義區林口街38巷11號前0.0公尺,晴,無照明,市區道路,30,單路部分,直路,路段,一般車道(未劃分快慢車道),柏油,乾燥,無缺陷,無障礙物,有遮蔽物,建築物,無號誌,無號誌,無,無分向設施,未繪設車道線,未繪設快慢車道分隔線,無,車與車,側撞,駕駛者,其他未依規定讓車,死亡0;受傷2,1,慢車,腳踏自行車,男,20,其他(無需使用保護裝備之人),未使用,車的狀態,左轉彎,機車與自行車,左側車身,,,駕駛者,其他未依規定讓車,否,121.579945,25.038063
2024,8,20240802,074300,A2,臺北市政府警察局,臺北市信義區林口街38巷11號前0.0公尺,晴,無照明,市區道路,30,單路部分,直路,路段,一般車道(未劃分快慢車道),柏油,乾燥,無缺陷,無障礙物,有遮蔽物,建築物,無號誌,無號誌,無,無分向設施,未繪設車道線,未繪設快慢車道分隔線,無,車與車,側撞,駕駛者,其他未依規定讓車,死亡0;受傷2,2,機車,普通重型,女,71,戴半罩式安全帽,未使用,車的狀態,向前直行中,機車與自行車,前車頭,,,無(車輛駕駛者因素),尚未發現肇事因素,否,121.579945,25.038063
2024,8,20240802,074400,A2,臺中市政府警察局,臺中市大肚區新興里沙田路二段 / 臺中市大肚區新興里自由路,晴,有照明未開啟或故障,市區道路,50,交岔路,多岔路,交叉路口,交叉路口內,柏油,乾燥,無缺陷,無障礙物,無遮蔽物,良好,行車管制號誌,正常,無,無分向設施,未繪設車道線,未繪設快慢車道分隔線,無,車與車,路口交岔撞,駕駛者,闖紅燈直行,死亡0;受傷2,1,小客車(含客、貨兩用),自用,女,44,繫安全帶(使用幼童安全椅),未使用,車的狀態,向前直行中,汽車,左前車頭(身),,,駕駛者,闖紅燈直行,否,120.548517,24.142415
2024,8,20240802,074400,A2,臺中市政府警察局,臺中市大肚區新興里沙田路二段 / 臺中市大肚區新興里自由路,晴,有照明未開啟或故障,市區道路,50,交岔路,多岔路,交叉路口,交叉路口內,柏油,乾燥,無缺陷,無障礙物,無遮蔽物,良好,行車管制號誌,正常,無,無分向設施,未繪設車道線,未繪設快慢車道分隔線,無,車與車,路口交岔撞,駕駛者,闖紅燈直行,死亡0;受傷2,2,機車,普通重型,女,42,戴半罩式安全帽,未使用,車的狀態,向前直行中,機車與自行車,右側車身,,,無(車輛駕駛者因素),尚未發現肇事因素,否,120.548517,24.142415
2024,8,20240802,074400,A2,臺中市政府警察局,臺中市大肚區新興里沙田路二段 / 臺中市大肚區新興里自由路,晴,有照明未開啟或故障,市區道路,50,交岔路,多岔路,交叉路口,交叉路口內,柏油,乾燥,無缺陷,無障礙物,無遮蔽物,良好,行車管制號誌,正常,無,無分向設施,未繪設車道線,未繪設快慢車道分隔線,無,車與車,路口交岔撞,駕駛者,闖紅燈直行,死亡0;受傷2,3,機車,普通重型,女,22,戴半罩式安全帽,未使用,車的狀態,向前直行中,機車與自行車,右側車身,,,無(車輛駕駛者因素),尚未發現肇事因素,否,120.548517,24.142415
2024,8,20240802,074500,A2,臺中市政府警察局,臺中市西屯區協和里安和路2-3-20號前0.0公尺,晴,有照明未開啟或故障,市區道路,50,單路部分,直路,路段,快車道,柏油,乾燥,無缺陷,無障礙物,無遮蔽物,良好,無號誌,無號誌,雙向禁止超車線,附標記,車道線(無標記),快慢車道分隔線,無,車與車,追撞,其他,其他不當駕車行為,死亡0;受傷2,1,機車,普通重型,男,32,戴非半罩式安全帽,未使用,車的狀態,向前直行中,機車與自行車,前車頭,,,其他,其他不當駕車行為,否,120.618520,24.160570
2024,8,20240802,074500,A2,臺中市政府警察局,臺中市西屯區協和里安和路2-3-20號前0.0公尺,晴,有照明未開啟或故障,市區道路,50,單路部分,直路,路段,快車道,柏油,乾燥,無缺陷,無障礙物,無遮蔽物,良好,無號誌,無號誌,雙向禁止超車線,附標記,車道線(無標記),快慢車道分隔線,無,車與車,追撞,其他,其他不當駕車行為,死亡0;受傷2,2,機車,普通重型,男,37,戴非半罩式安全帽,未使用,車的狀態,向前直行中,機車與自行車,後車尾,,,機件,其他機件失靈或故障,否,120.618520,24.160570
2024,8,20240802,074500,A2,臺北市政府警察局,臺北市松山區北寧路 / 臺北市松山區八德路3段,晴,有照明未開啟或故障,市區道路,30,交岔路,三岔路,交叉路口,交叉路口內,柏油,乾燥,無缺陷,無障礙物,無遮蔽物,良好,無號誌,無號誌,行車分向線,附標記,車道線(附標記),快慢車道分隔線,無,車與車,其他,駕駛者,無號誌路口，支線道未讓幹線道先行,死亡0;受傷2,1,機車,普通重型,男,49,戴非半罩式安全帽,未使用,車的狀態,左轉彎,機車與自行車,左側車身,,,駕駛者,無號誌路口，支線道未讓幹線道先行,否,121.552669,25.048669
2024,8,20240802,074500,A2,臺北市政府警察局,臺北市松山區北寧路 / 臺北市松山區八德路3段,晴,有照明未開啟或故障,市區道路,30,交岔路,三岔路,交叉路口,交叉路口內,柏油,乾燥,無缺陷,無障礙物,無遮蔽物,良好,無號誌,無號誌,行車分向線,附標記,車道線(附標記),快慢車道分隔線,無,車與車,其他,駕駛者,無號誌路口，支線道未讓幹線道先行,死亡0;受傷2,2,機車,普通重型,女,41,戴非半罩式安全帽,未使用,車的狀態,向前直行中,機車與自行車,前車頭,,,駕駛者,未依規定減速,否,121.552669,25.048669
2024,8,20240802,074500,A2,臺中市政府警察局,臺中市烏日區九德里中華路 / 臺中市烏日區九德里中山路一段,晴,有照明未開啟或故障,市區道路,50,交岔路,四岔路,交叉路口,交叉路口內,柏油,乾燥,無缺陷,無障礙物,無遮蔽物,良好,行車管制號誌(附設行人專用號誌),正常,中央分向島,寬式(50公分以上),車道線(無標記),未繪設快慢車道分隔線,有,車與車,追撞,駕駛者,未保持行車安全距離,死亡0;受傷1,1,機車,普通重型,男,25,戴半罩式安全帽,未使用,車的狀態,向前直行中,機車與自行車,前車頭,,,駕駛者,未保持行車安全距離,否,120.634166,24.106398
2024,8,20240802,074500,A2,臺中市政府警察局,臺中市烏日區九德里中華路 / 臺中市烏日區九德里中山路一段,晴,有照明未開啟或故障,市區道路,50,交岔路,四岔路,交叉路口,交叉路口內,柏油,乾燥,無缺陷,無障礙物,無遮蔽物,良好,行車管制號誌(附設行人專用號誌),正常,中央分向島,寬式(50公分以上),車道線(無標記),未繪設快慢車道分隔線,有,車與車,追撞,駕駛者,未保持行車安全距離,死亡0;受傷1,2,機車,普通重型,女,27,戴半罩式安全帽,未使用,車的狀態,向前直行中,機車與自行車,後車尾,,,無(車輛駕駛者因素),尚未發現肇事因素,否,120.634166,24.106398
2024,8,20240802,074600,A2,臺中市政府警察局,臺中市大里區大元里國光路一段1之5號前0.0公尺,晴,有照明未開啟或故障,市區道路,50,單路部分,直路,路段,慢車道,柏油,乾燥,無缺陷,無障礙物,無遮蔽物,良好,無號誌,無號誌,行車分向線,無標記,車道線(無標記),快慢車道分隔線,有,車與車,追撞,駕駛者,未保持行車安全距離,死亡0;受傷1,1,機車,普通重型,男,41,戴非半罩式安全帽,未使用,車的狀態,向前直行中,機車與自行車,前車頭,,,駕駛者,未保持行車安全距離,否,120.683121,24.098572
2024,8,20240802,074600,A2,臺中市政府警察局,臺中市大里區大元里國光路一段1之5號前0.0公尺,晴,有照明未開啟或故障,市區道路,50,單路部分,直路,路段,慢車道,柏油,乾燥,無缺陷,無障礙物,無遮蔽物,良好,無號誌,無號誌,行車分向線,無標記,車道線(無標記),快慢車道分隔線,有,車與車,追撞,駕駛者,未保持行車安全距離,死亡0;受傷1,2,小客車(含客、貨兩用),自用,男,54,繫安全帶(使用幼童安全椅),未使用,車的狀態,等待(引擎未熄火),汽車,左後車尾(身),,,無(車輛駕駛者因素),尚未發現肇事因素,否,120.683121,24.098572
2024,8,20240802,074614,A2,宜蘭縣政府警察局,宜蘭縣冬山鄉萬長春橋與安農二路口,晴,有照明且開啟,其他,50,交岔路,四岔路,交叉路口,交叉路口內,柏油,乾燥,無缺陷,無障礙物,無遮蔽物,良好,行車管制號誌,正常,雙向禁止超車線,無標記,車道線(無標記),未繪設快慢車道分隔線,有,車與車,其他,駕駛者,右轉彎未依規定,死亡0;受傷1,1,小客車(含客、貨兩用),自用,男,61,繫安全帶(使用幼童安全椅),未使用,車的狀態,右轉彎,汽車,右側車身,,,駕駛者,右轉彎未依規定,否,121.740754,24.686447
2024,8,20240802,074614,A2,宜蘭縣政府警察局,宜蘭縣冬山鄉萬長春橋與安農二路口,晴,有照明且開啟,其他,50,交岔路,四岔路,交叉路口,交叉路口內,柏油,乾燥,無缺陷,無障礙物,無遮蔽物,良好,行車管制號誌,正常,雙向禁止超車線,無標記,車道線(無標記),未繪設快慢車道分隔線,有,車與車,其他,駕駛者,右轉彎未依規定,死亡0;受傷1,2,機車,普通重型,男,56,戴半罩式安全帽,未使用,車的狀態,向前直行中,機車與自行車,左側車身,,,駕駛者,違規超車,否,121.740754,24.686447
2024,8,20240802,074700,A2,臺中市政府警察局,臺中市神岡區神岡里中山路 / 臺中市神岡區神岡里神圳路,晴,有照明未開啟或故障,市區道路,50,交岔路,四岔路,交叉路口,交叉路口內,柏油,乾燥,無缺陷,無障礙物,無遮蔽物,良好,行車管制號誌(附設行人專用號誌),正常,雙向禁止超車線,無標記,車道線(無標記),快慢車道分隔線,無,車與車,側撞,駕駛者,有號誌路口，轉彎車未讓直行車先行,死亡0;受傷1,1,機車,普通重型,女,34,戴非半罩式安全帽,未使用,車的狀態,左轉彎,機車與自行車,右側車身,,,駕駛者,有號誌路口，轉彎車未讓直行車先行,否,120.661263,24.258901
2024,8,20240802,074700,A2,臺中市政府警察局,臺中市神岡區神岡里中山路 / 臺中市神岡區神岡里神圳路,晴,有照明未開啟或故障,市區道路,50,交岔路,四岔路,交叉路口,交叉路口內,柏油,乾燥,無缺陷,無障礙物,無遮蔽物,良好,行車管制號誌(附設行人專用號誌),正常,雙向禁止超車線,無標記,車道線(無標記),快慢車道分隔線,無,車與車,側撞,駕駛者,有號誌路口，轉彎車未讓直行車先行,死亡0;受傷1,2,機車,普通重型,男,36,戴非半罩式安全帽,未使用,車的狀態,向前直行中,機車與自行車,前車頭,,,駕駛者,未依規定減速,否,120.661263,24.258901
2024,8,20240802,074700,A2,臺中市政府警察局,臺中市神岡區神岡里中山路 / 臺中市神岡區神岡里神圳路,晴,有照明未開啟或故障,市區道路,50,交岔路,四岔路,交叉路口,交叉路口內,柏油,乾燥,無缺陷,無障礙物,無遮蔽物,良好,行車管制號誌(附設行人專用號誌),正常,雙向禁止超車線,無標記,車道線(無標記),快慢車道分隔線,無,車與車,側撞,駕駛者,有號誌路口，轉彎車未讓直行車先行,死亡0;受傷1,3,人,乘客,女,8,戴非半罩式安全帽,非駕駛人,人的狀態,其他,其他,非汽、機及自行車,,,無(非車輛駕駛人因素),尚未發現肇事因素,否,120.661263,24.258901
2024,8,20240802,074900,A2,保安警察第二總隊,新竹市東區園區二路與工業東五路口,晴,有照明未開啟或故障,市區道路,50,交岔路,三岔路,交叉路口,交叉路口內,柏油,乾燥,無缺陷,無障礙物,無遮蔽物,良好,無號誌,無號誌,中央分向島,窄式無柵欄,未繪設車道線,未繪設快慢車道分隔線,無,車與車,其他,駕駛者,無號誌路口，轉彎車未讓直行車先行,死亡0;受傷1,1,機車,普通重型,男,27,不明,不明,車的狀態,左轉彎,機車與自行車,前車頭,,,駕駛者,無號誌路口，轉彎車未讓直行車先行,否,121.007841,24.773932
2024,8,20240802,074900,A2,保安警察第二總隊,新竹市東區園區二路與工業東五路口,晴,有照明未開啟或故障,市區道路,50,交岔路,三岔路,交叉路口,交叉路口內,柏油,乾燥,無缺陷,無障礙物,無遮蔽物,良好,無號誌,無號誌,中央分向島,窄式無柵欄,未繪設車道線,未繪設快慢車道分隔線,無,車與車,其他,駕駛者,無號誌路口，轉彎車未讓直行車先行,死亡0;受傷1,2,小客車(含客、貨兩用),自用,女,48,不明,不明,車的狀態,向前直行中,汽車,右前車頭(身),,,無(車輛駕駛者因素),尚未發現肇事因素,否,121.007841,24.773932
2024,8,20240802,075000,A2,彰化縣警察局,彰化縣彰化市中山路二段與東民街口,晴,有照明未開啟或故障,市區道路,50,交岔路,四岔路,交叉路口,交叉路口內,柏油,乾燥,無缺陷,無障礙物,無遮蔽物,良好,行車管制號誌(附設行人專用號誌),正常,雙向禁止超車線,附標記,車道線(附標記),未繪設快慢車道分隔線,有,車與車,同向擦撞,駕駛者,違規超車,死亡0;受傷1,1,機車,普通重型,女,29,戴半罩式安全帽,未使用,車的狀態,超車(含超越),機車與自行車,右側車身,機車與自行車,前車頭,駕駛者,違規超車,否,120.544724,24.078332