發生年度,發生月份,發生日期,發生時間,事故類別名稱,處理單位名稱警局層,發生地點,天候名稱,光線名稱,道路類別-第1當事者-名稱,速限-第1當事者,道路型態大類別名稱,道路型態子類別名稱,事故位置大類別名稱,事故位置子類別名稱,路面狀況-路面鋪裝名稱,路面狀況-路面狀態名稱,路面狀況-路面缺陷名稱,道路障礙-障礙物名稱,道路障礙-視距品質名稱,道路障礙-視距名稱,號誌-號誌種類名稱,號誌-號誌動作名稱,車道劃分設施-分向設施大類別名稱,車道劃分設施-分向設施子類別名稱,車道劃分設施-分道設施-快車道或一般車道間名稱,車道劃分設施-分道設施-快慢車道間名稱,車道劃分設施-分道設施-路面邊線名稱,事故類型及型態大類別名稱,事故類型及型態子類別名稱,肇因研判大類別名稱-主要,肇因研判子類別名稱-主要,死亡受傷人數,當事者順位,當事者區分-類別-大類別名稱-車種,當事者區分-類別-子類別名稱-車種,當事者屬-性-別名稱,當事者事故發生時年齡,保護裝備名稱,行動電話或電腦或其他相類功能裝置名稱,當事者行動狀態大類別名稱,當事者行動狀態子類別名稱,車輛撞擊部位大類別名稱-最初,車輛撞擊部位子類別名稱-最初,車輛撞擊部位大類別名稱-其他,車輛撞擊部位子類別名稱-其他,肇因研判大類別名稱-個別,肇因研判子類別名稱-個別,肇事逃逸類別名稱-是否肇逃,經度,緯度
2024,8,20240802,075000,A2,彰化縣警察局,彰化縣彰化市中山路二段與東民街口,晴,有照明未開啟或故障,市區道路,50,交岔路,四岔路,交叉路口,交叉路口內,柏油,乾燥,無缺陷,無障礙物,無遮蔽物,良好,行車管制號誌(附設行人專用號誌),正常,雙向禁止超車線,附標記,車道線(附標記),未繪設快慢車道分隔線,有,車與車,同向擦撞,駕駛者,違規超車,死亡0;受傷1,2,小客車(含客、貨兩用),自用,女,27,繫安全帶(使用幼童安全椅),未使用,車的狀態,右轉彎,汽車,右側車身,,,駕駛者,右轉彎未依規定,否,120.544724,24.078332
2024,8,20240802,075100,A2,臺北市政府警察局,臺北市中正區市民大道3段 / 臺北市中正區新生北路1段,晴,有照明且開啟,市區道路,40,交岔路,四岔路,交叉路口,交叉路口內,柏油,乾燥,無缺陷,無障礙物,無遮蔽物,良好,行車管制號誌(附設行人專用號誌),正常,行車分向線,無標記,車道線(無標記),未繪設快慢車道分隔線,有,車與車,同向擦撞,駕駛者,方向不定(不包括危險駕車),死亡0;受傷2,1,機車,普通重型,男,31,戴半罩式安全帽,未使用,車的狀態,向前直行中,機車與自行車,右側車身,,,駕駛者,方向不定(不包括危險駕車),否,121.532770,25.045321
2024,8,20240802,075100,A2,臺北市政府警察局,臺北市中正區市民大道3段 / 臺北市中正區新生北路1段,晴,有照明且開啟,市區道路,40,交岔路,四岔路,交叉路口,交叉路口內,柏油,乾燥,無缺陷,無障礙物,無遮蔽物,良好,行車管制號誌(附設行人專用號誌),正常,行車分向線,無標記,車道線(無標記),未繪設快慢車道分隔線,有,車與車,同向擦撞,駕駛者,方向不定(不包括危險駕車),死亡0;受傷2,2,機車,普通重型,男,29,戴半罩式安全帽,未使用,車的狀態,向前直行中,機車與自行車,前車頭,,,無(車輛駕駛者因素),尚未發現肇事因素,否,121.532770,25.045321
2024,8,20240802,075252,A2,嘉義縣警察局,嘉義縣東石鄉永屯村台82線與台17線路口,晴,無照明,其他,70,交岔路,多岔路,路段,快車道,柏油,乾燥,無缺陷,無障礙物,無遮蔽物,良好,行車管制號誌,正常,中央分向島,寬式(50公分以上),禁止變換車道線(無標記),快慢車道分隔線,有,車與車,追撞,駕駛者,未保持行車安全距離,死亡0;受傷1,1,大貨車,自用,男,31,繫安全帶(使用幼童安全椅),未使用,車的狀態,向前直行中,汽車,前車頭,汽車,前車頭,駕駛者,未保持行車安全距離,否,120.173734,23.460023
2024,8,20240802,075252,A2,嘉義縣警察局,嘉義縣東石鄉永屯村台82線與台17線路口,晴,無照明,其他,70,交岔路,多岔路,路段,快車道,柏油,乾燥,無缺陷,無障礙物,無遮蔽物,良好,行車管制號誌,正常,中央分向島,寬式(50公分以上),禁止變換車道線(無標記),快慢車道分隔線,有,車與車,追撞,駕駛者,未保持行車安全距離,死亡0;受傷1,2,小貨車,自用,男,51,繫安全帶(使用幼童安全椅),未使用,車的狀態,等待(引擎未熄火),汽車,後車尾,汽車,後車尾,無(車輛駕駛者因素),尚未發現肇事因素,否,120.173734,23.460023
2024,8,20240802,075252,A2,嘉義縣警察局,嘉義縣東石鄉永屯村台82線與台17線路口,晴,無照明,其他,70,交岔路,多岔路,路段,快車道,柏油,乾燥,無缺陷,無障礙物,無遮蔽物,良好,行車管制號誌,正常,中央分向島,寬式(50公分以上),禁止變換車道線(無標記),快慢車道分隔線,有,車與車,追撞,駕駛者,未保持行車安全距離,死亡0;受傷1,3,人,乘客,男,32,其他(無需使用保護裝備之人),非駕駛人,人的狀態,其他,其他,非汽、機及自行車,其他,非汽、機及自行車,無(非車輛駕駛人因素),尚未發現肇事因素,否,120.173734,23.460023
2024,8,20240802,075325,A2,嘉義縣警察局,嘉義縣朴子市大葛里嘉朴路西段7號前0.0公尺,晴,有照明未開啟或故障,縣道,50,單路部分,直路,路段,機車優先道,柏油,乾燥,無缺陷,無障礙物,無遮蔽物,良好,行車管制號誌,正常,中央分向島,寬式(50公分以上),車道線(附標記),快慢車道分隔線,有,車輛本身,路上翻車、摔倒,其他,其他不當駕車行為,死亡0;受傷1,1,機車,普通重型,男,33,戴半罩式安全帽,未使用,車的狀態,向前直行中,機車與自行車,前車頭,,,其他,其他不當駕車行為,否,120.288859,23.460891
2024,8,20240802,075325,A2,嘉義縣警察局,嘉義縣朴子市大葛里嘉朴路西段7號前0.0公尺,晴,有照明未開啟或故障,縣道,50,單路部分,直路,路段,機車優先道,柏油,乾燥,無缺陷,無障礙物,無遮蔽物,良好,行車管制號誌,正常,中央分向島,寬式(50公分以上),車道線(附標記),快慢車道分隔線,有,車輛本身,路上翻車、摔倒,其他,其他不當駕車行為,死亡0;受傷1,2,,,無或物(動物、堆置物),-1,,,,,,,,,無(非車輛駕駛人因素),尚未發現肇事因素,否,120.288859,23.460891
2024,8,20240802,075450,A2,彰化縣警察局,彰化縣福興鄉興業路6號前0.0公尺,晴,無照明,其他,50,單路部分,直路,路段,一般車道(未劃分快慢車道),柏油,乾燥,無缺陷,無障礙物,無遮蔽物,良好,無號誌,無號誌,行車分向線,無標記,未繪設車道線,未繪設快慢車道分隔線,無,車與車,對向擦撞,駕駛者,迴轉未依規定,死亡0;受傷1,1,小客車(含客、貨兩用),自用,男,33,不明,不明,車的狀態,迴轉或橫越道路中,汽車,右後車尾(身),,,駕駛者,迴轉未依規定,否,120.489965,24.014281
2024,8,20240802,075450,A2,彰化縣警察局,彰化縣福興鄉興業路6號前0.0公尺,晴,無照明,其他,50,單路部分,直路,路段,一般車道(未劃分快慢車道),柏油,乾燥,無缺陷,無障礙物,無遮蔽物,良好,無號誌,無號誌,行車分向線,無標記,未繪設車道線,未繪設快慢車道分隔線,無,車與車,對向擦撞,駕駛者,迴轉未依規定,死亡0;受傷1,2,機車,普通重型,男,24,不明,不明,車的狀態,向前直行中,機車與自行車,前車頭,,,駕駛者,超速駕駛,否,120.489965,24.014281
2024,8,20240802,075500,A2,新竹縣政府警察局,新竹縣竹東鎮大明路165號,晴,無照明,其他,50,單路部分,直路,路段,一般車道(未劃分快慢車道),柏油,乾燥,無缺陷,無障礙物,無遮蔽物,良好,無號誌,無號誌,無,無分向設施,未繪設車道線,未繪設快慢車道分隔線,無,車與車,對向擦撞,駕駛者,未依規定減速,死亡0;受傷1,1,機車,普通重型,男,68,戴非半罩式安全帽,未使用,車的狀態,向前直行中,機車與自行車,左側車身,,,駕駛者,未依規定減速,否,121.094939,24.736140
2024,8,20240802,075500,A2,新竹縣政府警察局,新竹縣竹東鎮大明路165號,晴,無照明,其他,50,單路部分,直路,路段,一般車道(未劃分快慢車道),柏油,乾燥,無缺陷,無障礙物,無遮蔽物,良好,無號誌,無號誌,無,無分向設施,未繪設車道線,未繪設快慢車道分隔線,無,車與車,對向擦撞,駕駛者,未依規定減速,死亡0;受傷1,2,小客車(含客、貨兩用),自用,女,42,繫安全帶(使用幼童安全椅),未使用,車的狀態,向前直行中,汽車,左側車身,,,駕駛者,未依規定減速,否,121.094939,24.736140
2024,8,20240802,075600,A2,嘉義縣警察局,嘉義縣太保市嘉62 100.0公尺處,晴,有照明未開啟或故障,村里道路,50,交岔路,四岔路,交叉路口,交叉路口內,柏油,乾燥,無缺陷,無障礙物,無遮蔽物,良好,無號誌,無號誌,無,無分向設施,未繪設車道線,未繪設快慢車道分隔線,無,車與車,其他,駕駛者,無號誌路口，支線道未讓幹線道先行,死亡0;受傷1,1,小客車(含客、貨兩用),自用,男,66,繫安全帶(使用幼童安全椅),未使用,車的狀態,左轉彎,汽車,左前車頭(身),,,駕駛者,無號誌路口，支線道未讓幹線道先行,否,120.367582,23.499307
2024,8,20240802,075600,A2,嘉義縣警察局,嘉義縣太保市嘉62 100.0公尺處,晴,有照明未開啟或故障,村里道路,50,交岔路,四岔路,交叉路口,交叉路口內,柏油,乾燥,無缺陷,無障礙物,無遮蔽物,良好,無號誌,無號誌,無,無分向設施,未繪設車道線,未繪設快慢車道分隔線,無,車與車,其他,駕駛者,無號誌路口，支線道未讓幹線道先行,死亡0;受傷1,2,機車,普通重型,女,19,戴半罩式安全帽,未使用,車的狀態,向前直行中,機車與自行車,前車頭,,,無(車輛駕駛者因素),尚未發現肇事因素,否,120.367582,23.499307
2024,8,20240802,075600,A2,臺北市政府警察局,臺北市北投區大度路 / 臺北市北投區承德路7段,晴,有照明未開啟或故障,市區道路,50,交岔路,四岔路,交叉路口,交叉口附近,柏油,乾燥,無缺陷,無障礙物,無遮蔽物,良好,行車管制號誌(附設行人專用號誌),正常,中央分向島,寬式(50公分以上),車道線(無標記),寬式快慢車道分隔島(50公分以上),有,車與車,追撞,駕駛者,未保持行車安全距離,死亡0;受傷1,1,機車,普通重型,女,28,戴半罩式安全帽,未使用,車的狀態,向前直行中,機車與自行車,前車頭,,,駕駛者,未保持行車安全距離,否,121.485716,25.121837
2024,8,20240802,075600,A2,臺北市政府警察局,臺北市北投區大度路 / 臺北市北投區承德路7段,晴,有照明未開啟或故障,市區道路,50,交岔路,四岔路,交叉路口,交叉口附近,柏油,乾燥,無缺陷,無障礙物,無遮蔽物,良好,行車管制號誌(附設行人專用號誌),正常,中央分向島,寬式(50公分以上),車道線(無標記),寬式快慢車道分隔島(50公分以上),有,車與車,追撞,駕駛者,未保持行車安全距離,死亡0;受傷1,2,機車,普通重型,男,45,戴半罩式安全帽,未使用,車的狀態,向前直行中,機車與自行車,後車尾,,,無(車輛駕駛者因素),尚未發現肇事因素,否,121.485716,25.121837
2024,8,20240802,075700,A2,臺中市政府警察局,臺中市南區福興里福東街前0.0公尺,晴,有照明且開啟,市區道路,50,交岔路,四岔路,交叉路口,交叉路口內,柏油,乾燥,無缺陷,無障礙物,無遮蔽物,良好,無號誌,無號誌,無,無分向設施,未繪設車道線,未繪設快慢車道分隔線,無,車與車,其他,其他,其他不當駕車行為,死亡0;受傷1,1,機車,普通重型,女,43,不明,不明,車的狀態,左轉彎,機車與自行車,右側車身,,,其他,其他不當駕車行為,否,120.667278,24.125659
2024,8,20240802,075700,A2,臺中市政府警察局,臺中市南區福興里福東街前0.0公尺,晴,有照明且開啟,市區道路,50,交岔路,四岔路,交叉路口,交叉路口內,柏油,乾燥,無缺陷,無障礙物,無遮蔽物,良好,無號誌,無號誌,無,無分向設施,未繪設車道線,未繪設快慢車道分隔線,無,車與車,其他,其他,其他不當駕車行為,死亡0;受傷1,2,小客車(含客、貨兩用),計程車,男,53,不明,不明,車的狀態,向前直行中,汽車,左前車頭(身),,,其他,其他不當駕車行為,否,120.667278,24.125659
2024,8,20240802,075800,A2,新竹市警察局,新竹市北區中正路與民富街,晴,有照明未開啟或故障,市區道路,50,交岔路,三岔路,交叉路口,交叉路口內,柏油,乾燥,無缺陷,無障礙物,無遮蔽物,良好,無號誌,無號誌,雙向禁止超車線,無標記,車道線(無標記),未繪設快慢車道分隔線,無,車與車,其他,其他,其他不當駕車行為,死亡0;受傷1,1,機車,普通重型,男,29,戴半罩式安全帽,未使用,車的狀態,向前直行中,機車與自行車,左側車身,機車與自行車,前車頭,其他,其他不當駕車行為,否,120.965469,24.810656
2024,8,20240802,075800,A2,新竹市警察局,新竹市北區中正路與民富街,晴,有照明未開啟或故障,市區道路,50,交岔路,三岔路,交叉路口,交叉路口內,柏油,乾燥,無缺陷,無障礙物,無遮蔽物,良好,無號誌,無號誌,雙向禁止超車線,無標記,車道線(無標記),未繪設快慢車道分隔線,無,車與車,其他,其他,其他不當駕車行為,死亡0;受傷1,2,小客車(含客、貨兩用),自用,女,47,繫安全帶(使用幼童安全椅),未使用,車的狀態,左轉彎,汽車,左前車頭(身),其他,無撞擊,駕駛者,其他未依規定讓車,否,120.965469,24.810656
2024,8,20240802,080000,A2,彰化縣警察局,彰化縣和美鎮彰新路2段470號,晴,有照明未開啟或故障,其他,0,單路部分,直路,路段,快車道,柏油,乾燥,無缺陷,無障礙物,無遮蔽物,良好,無號誌,無號誌,雙向禁止超車線,無標記,未繪設車道線,快慢車道分隔線,有,車與車,同向擦撞,駕駛者,左轉彎未依規定,死亡0;受傷1,1,慢車,微型電動二輪車,女,50,戴半罩式安全帽,未使用,車的狀態,迴轉或橫越道路中,機車與自行車,左側車身,,,駕駛者,左轉彎未依規定,否,120.533452,24.103526
2024,8,20240802,080000,A2,彰化縣警察局,彰化縣和美鎮彰新路2段470號,晴,有照明未開啟或故障,其他,0,單路部分,直路,路段,快車道,柏油,乾燥,無缺陷,無障礙物,無遮蔽物,良好,無號誌,無號誌,雙向禁止超車線,無標記,未繪設車道線,快慢車道分隔線,有,車與車,同向擦撞,駕駛者,左轉彎未依規定,死亡0;受傷1,2,小貨車,自用,男,63,繫安全帶(使用幼童安全椅),未使用,車的狀態,向前直行中,汽車,右後車尾(身),,,駕駛者,未保持行車安全距離,否,120.533452,24.103526
2024,8,20240802,080000,A2,臺北市政府警察局,臺北市文山區木新路3段 / 臺北市文山區木新路3段口,晴,有照明未開啟或故障,市區道路,30,交岔路,三岔路,交叉路口,交叉路口內,柏油,乾燥,無缺陷,無障礙物,無遮蔽物,良好,無號誌,無號誌,行車分向線,無標記,未繪設車道線,未繪設快慢車道分隔線,有,車與車,側撞,駕駛者,無號誌路口，轉彎車未讓直行車先行,死亡0;受傷2,1,機車,普通重型,女,34,戴半罩式安全帽,未使用,車的狀態,左轉彎,機車與自行車,右側車身,,,駕駛者,無號誌路口，轉彎車未讓直行車先行,是,121.558876,24.980521
2024,8,20240802,080000,A2,臺北市政府警察局,臺北市文山區木新路3段 / 臺北市文山區木新路3段口,晴,有照明未開啟或故障,市區道路,30,交岔路,三岔路,交叉路口,交叉路口內,柏油,乾燥,無缺陷,無障礙物,無遮蔽物,良好,無號誌,無號誌,行車分向線,無標記,未繪設車道線,未繪設快慢車道分隔線,有,車與車,側撞,駕駛者,無號誌路口，轉彎車未讓直行車先行,死亡0;受傷2,2,機車,普通重型,女,56,戴半罩式安全帽,未使用,車的狀態,向前直行中,機車與自行車,左側車身,,,無(車輛駕駛者因素),尚未發現肇事因素,否,121.558876,24.980521
2024,8,20240802,080200,A2,彰化縣警察局,彰化縣和美鎮彰新路2段口 / 彰化縣和美鎮彰新路2段口,晴,有照明未開啟或故障,其他,0,交岔路,多岔路,交叉路口,交叉口附近,柏油,乾燥,無缺陷,無障礙物,無遮蔽物,良好,行車管制號誌,正常,雙向禁止超車線,無標記,未繪設車道線,快慢車道分隔線,有,車與車,其他,駕駛者,逆向行駛,死亡0;受傷1,1,機車,普通重型,女,41,戴半罩式安全帽,未使用,車的狀態,向前直行中,機車與自行車,前車頭,,,駕駛者,逆向行駛,否,120.536761,24.094881
2024,8,20240802,080200,A2,彰化縣警察局,彰化縣和美鎮彰新路2段口 / 彰化縣和美鎮彰新路2段口,晴,有照明未開啟或故障,其他,0,交岔路,多岔路,交叉路口,交叉口附近,柏油,乾燥,無缺陷,無障礙物,無遮蔽物,良好,行車管制號誌,正常,雙向禁止超車線,無標記,未繪設車道線,快慢車道分隔線,有,車與車,其他,駕駛者,逆向行駛,死亡0;受傷1,2,機車,普通重型,女,26,戴半罩式安全帽,未使用,車的狀態,右轉彎,機車與自行車,前車頭,,,無(車輛駕駛者因素),尚未發現肇事因素,否,120.536761,24.094881
2024,8,20240802,080500,A2,保安警察第二總隊,新竹市東區園區二路與工業東五路,晴,有照明未開啟或故障,市區道路,50,單路部分,直路,路段,一般車道(未劃分快慢車道),柏油,乾燥,無缺陷,無障礙物,無遮蔽物,良好,無號誌,無號誌,中央分向島,寬式(50公分以上),未繪設車道線,未繪設快慢車道分隔線,有,車與車,同向擦撞,駕駛者,變換車道不當,死亡0;受傷1,1,機車,普通重型,男,25,戴半罩式安全帽,不明,車的狀態,向右變換車道,機車與自行車,右側車身,,,駕駛者,變換車道不當,否,121.007841,24.773932
2024,8,20240802,080500,A2,保安警察第二總隊,新竹市東區園區二路與工業東五路,晴,有照明未開啟或故障,市區道路,50,單路部分,直路,路段,一般車道(未劃分快慢車道),柏油,乾燥,無缺陷,無障礙物,無遮蔽物,良好,無號誌,無號誌,中央分向島,寬式(50公分以上),未繪設車道線,未繪設快慢車道分隔線,有,車與車,同向擦撞,駕駛者,變換車道不當,死亡0;受傷1,2,小客車(含客、貨兩用),自用,男,39,不明,不明,車的狀態,向前直行中,汽車,左側車身,,,無(車輛駕駛者因素),尚未發現肇事因素,否,121.007841,24.773932
2024,8,20240802,080500,A2,臺北市政府警察局,臺北市松山區民權大橋前0.0公尺,晴,無照明,市區道路,40,單路部分,直路,路段,機車專用道,柏油,乾燥,無缺陷,無障礙物,無遮蔽物,良好,無號誌,無號誌,中央分向島,寬式(50公分以上),禁止變換車道線(無標記),快慢車道分隔線,無,車與車,追撞,駕駛者,未保持行車安全距離,死亡0;受傷3,1,機車,普通重型,男,22,戴非半罩式安全帽,未使用,車的狀態,向前直行中,機車與自行車,前車頭,,,駕駛者,未保持行車安全距離,否,121.566811,25.063273
2024,8,20240802,080500,A2,臺北市政府警察局,臺北市松山區民權大橋前0.0公尺,晴,無照明,市區道路,40,單路部分,直路,路段,機車專用道,柏油,乾燥,無缺陷,無障礙物,無遮蔽物,良好,無號誌,無號誌,中央分向島,寬式(50公分以上),禁止變換車道線(無標記),快慢車道分隔線,無,車與車,追撞,駕駛者,未保持行車安全距離,死亡0;受傷3,2,機車,普通重型,男,21,戴非半罩式安全帽,未使用,車的狀態,向前直行中,機車與自行車,後車尾,,,無(車輛駕駛者因素),尚未發現肇事因素,否,121.566811,25.063273
2024,8,20240802,080500,A2,臺北市政府警察局,臺北市松山區民權大橋前0.0公尺,晴,無照明,市區道路,40,單路部分,直路,路段,機車專用道,柏油,乾燥,無缺陷,無障礙物,無遮蔽物,良好,無號誌,無號誌,中央分向島,寬式(50公分以上),禁止變換車道線(無標記),快慢車道分隔線,無,車與車,追撞,駕駛者,未保持行車安全距離,死亡0;受傷3,3,機車,普通重型,女,25,戴非半罩式安全帽,未使用,車的狀態,向前直行中,機車與自行車,後車尾,,,無(車輛駕駛者因素),尚未發現肇事因素,否,121.566811,25.063273
2024,8,20240802,080500,A2,臺北市政府警察局,臺北市松山區民權大橋前0.0公尺,晴,無照明,市區道路,40,單路部分,直路,路段,機車專用道,柏油,乾燥,無缺陷,無障礙物,無遮蔽物,良好,無號誌,無號誌,中央分向島,寬式(50公分以上),禁止變換車道線(無標記),快慢車道分隔線,無,車與車,追撞,駕駛者,未保持行車安全距離,死亡0;受傷3,4,人,乘客,女,21,戴非半罩式安全帽,非駕駛人,人的狀態,靜立(止),其他,非汽、機及自行車,,,無(非車輛駕駛人因素),尚未發現肇事因素,否,121.566811,25.063273
2024,8,20240802,080600,A2,臺中市政府警察局,臺中市烏日區學田里學田路便行巷76號前0.0公尺,晴,有照明未開啟或故障,市區道路,30,單路部分,直路,路段,一般車道(未劃分快慢車道),柏油,乾燥,無缺陷,無障礙物,無遮蔽物,良好,無號誌,無號誌,無,無分向設施,未繪設車道線,未繪設快慢車道分隔線,無,車與車,追撞,駕駛者,未保持行車安全距離,死亡0;受傷2,1,機車,普通重型,女,20,不明,不明,車的狀態,向前直行中,機車與自行車,前車頭,,,駕駛者,未保持行車安全距離,否,120.606381,24.119529
2024,8,20240802,080600,A2,臺中市政府警察局,臺中市烏日區學田里學田路便行巷76號前0.0公尺,晴,有照明未開啟或故障,市區道路,30,單路部分,直路,路段,一般車道(未劃分快慢車道),柏油,乾燥,無缺陷,無障礙物,無遮蔽物,良好,無號誌,無號誌,無,無分向設施,未繪設車道線,未繪設快慢車道分隔線,無,車與車,追撞,駕駛者,未保持行車安全距離,死亡0;受傷2,2,機車,普通重型,女,31,不明,不明,車的狀態,等待(引擎未熄火),機車與自行車,後車尾,,,無(車輛駕駛者因素),尚未發現肇事因素,否,120.606381,24.119529
2024,8,20240802,080600,A2,臺中市政府警察局,臺中市烏日區學田里學田路便行巷76號前0.0公尺,晴,有照明未開啟或故障,市區道路,30,單路部分,直路,路段,一般車道(未劃分快慢車道),柏油,乾燥,無缺陷,無障礙物,無遮蔽物,良好,無號誌,無號誌,無,無分向設施,未繪設車道線,未繪設快慢車道分隔線,無,車與車,追撞,駕駛者,未保持行車安全距離,死亡0;受傷2,3,人,其他人,男,16,其他(無需使用保護裝備之人),非駕駛人,人的狀態,靜立(止),其他,非汽、機及自行車,,,無(非車輛駕駛人因素),尚未發現肇事因素,否,120.606381,24.119529
2024,8,20240802,080735,A2,彰化縣警察局,彰化縣田中鎮南路里中圳路1段229號前0.0公尺附近,晴,有照明未開啟或故障,村里道路,40,單路部分,直路,路段,一般車道(未劃分快慢車道),柏油,乾燥,無缺陷,無障礙物,無遮蔽物,良好,無號誌,無號誌,雙向禁止超車線,無標記,未繪設車道線,未繪設快慢車道分隔線,有,車與車,其他,駕駛者,恍神、緊張、心不在焉分心駕駛,死亡0;受傷1,1,機車,普通重型,女,58,不明,不明,車的狀態,向前直行中,其他,不明,機車與自行車,前車頭,駕駛者,恍神、緊張、心不在焉分心駕駛,否,120.586652,23.857896
2024,8,20240802,080735,A2,彰化縣警察局,彰化縣田中鎮南路里中圳路1段229號前0.0公尺附近,晴,有照明未開啟或故障,村里道路,40,單路部分,直路,路段,一般車道(未劃分快慢車道),柏油,乾燥,無缺陷,無障礙物,無遮蔽物,良好,無號誌,無號誌,雙向禁止超車線,無標記,未繪設車道線,未繪設快慢車道分隔線,有,車與車,其他,駕駛者,恍神、緊張、心不在焉分心駕駛,死亡0;受傷1,2,小客車(含客、貨兩用),自用,男,64,不明,不明,車的狀態,靜止(引擎熄火),其他,不明,汽車,前車頭,無(車輛駕駛者因素),尚未發現肇事因素,否,120.586652,23.857896
2024,8,20240802,080900,A2,保安警察第二總隊,新竹市東區新安路與研發六路,晴,有照明未開啟或故障,市區道路,50,交岔路,三岔路,交叉路口,交叉路口內,柏油,乾燥,無缺陷,無障礙物,無遮蔽物,良好,行車管制號誌,正常,中央分向島,窄式無柵欄,未繪設車道線,未繪設快慢車道分隔線,無,車與車,側撞,駕駛者,違反遵行方向標誌(線),死亡0;受傷1,1,機車,普通重型,男,32,不明,不明,車的狀態,左轉彎,機車與自行車,左側車身,,,駕駛者,違反遵行方向標誌(線),否,120.996570,24.783212
2024,8,20240802,080900,A2,保安警察第二總隊,新竹市東區新安路與研發六路,晴,有照明未開啟或故障,市區道路,50,交岔路,三岔路,交叉路口,交叉路口內,柏油,乾燥,無缺陷,無障礙物,無遮蔽物,良好,行車管制號誌,正常,中央分向島,窄式無柵欄,未繪設車道線,未繪設快慢車道分隔線,無,車與車,側撞,駕駛者,違反遵行方向標誌(線),死亡0;受傷1,2,小客車(含客、貨兩用),自用,女,50,不明,不明,車的狀態,向前直行中,汽車,右前車頭(身),,,無(車輛駕駛者因素),尚未發現肇事因素,否,120.996570,24.783212
2024,8,20240802,081000,A2,臺北市政府警察局,臺北市大安區延吉街 / 臺北市大安區延吉街,晴,有照明未開啟或故障,市區道路,50,交岔路,三岔路,交叉路口,交叉路口內,柏油,乾燥,無缺陷,無障礙物,無遮蔽物,良好,無號誌,無號誌,無,無分向設施,未繪設車道線,未繪設快慢車道分隔線,無,車與車,側撞,駕駛者,其他未依規定讓車,死亡0;受傷2,1,慢車,腳踏自行車,女,26,其他(無需使用保護裝備之人),不明,車的狀態,左轉彎,機車與自行車,後車尾,,,駕駛者,其他未依規定讓車,否,121.553970,25.043543
2024,8,20240802,081000,A2,臺北市政府警察局,臺北市大安區延吉街 / 臺北市大安區延吉街,晴,有照明未開啟或故障,市區道路,50,交岔路,三岔路,交叉路口,交叉路口內,柏油,乾燥,無缺陷,無障礙物,無遮蔽物,良好,無號誌,無號誌,無,無分向設施,未繪設車道線,未繪設快慢車道分隔線,無,車與車,側撞,駕駛者,其他未依規定讓車,死亡0;受傷2,2,機車,普通重型,女,24,戴非半罩式安全帽,不明,車的狀態,向前直行中,機車與自行車,前車頭,,,無(車輛駕駛者因素),尚未發現肇事因素,否,121.553970,25.043543
2024,8,20240802,081336,A2,保安警察第二總隊,臺南市善化區南科七路鷹萬南科健康生活館旁,晴,有照明未開啟或故障,市區道路,40,交岔路,三岔路,交叉路口,交叉路口內,柏油,乾燥,無缺陷,無障礙物,無遮蔽物,良好,無號誌,無號誌,無,無分向設施,未繪設車道線,未繪設快慢車道分隔線,無,車與車,側撞,駕駛者,起步時未注意安全,死亡0;受傷2,1,機車,普通重型,男,26,戴非半罩式安全帽,未使用,車的狀態,起步,機車與自行車,左側車身,,,駕駛者,起步時未注意安全,否,120.283126,23.114960
2024,8,20240802,081336,A2,保安警察第二總隊,臺南市善化區南科七路鷹萬南科健康生活館旁,晴,有照明未開啟或故障,市區道路,40,交岔路,三岔路,交叉路口,交叉路口內,柏油,乾燥,無缺陷,無障礙物,無遮蔽物,良好,無號誌,無號誌,無,無分向設施,未繪設車道線,未繪設快慢車道分隔線,無,車與車,側撞,駕駛者,起步時未注意安全,死亡0;受傷2,2,機車,普通重型,男,36,戴非半罩式安全帽,未使用,車的狀態,向前直行中,機車與自行車,前車頭,,,無(車輛駕駛者因素),尚未發現肇事因素,否,120.283126,23.114960
2024,8,20240802,081500,A2,新北市政府警察局,新北市新莊區建安街 / 新北市新莊區後港一路,晴,有照明未開啟或故障,市區道路,50,交岔路,三岔路,交叉路口,交叉路口內,水泥,乾燥,無缺陷,無障礙物,無遮蔽物,良好,無號誌,無號誌,無,無分向設施,未繪設車道線,未繪設快慢車道分隔線,無,車與車,對撞,無(車輛駕駛者因素),尚未發現肇事因素,死亡0;受傷2,1,機車,普通重型,女,52,戴非半罩式安全帽,未使用,車的狀態,向前直行中,機車與自行車,前車頭,,,無(車輛駕駛者因素),尚未發現肇事因素,否,121.425642,25.025042
2024,8,20240802,081500,A2,新北市政府警察局,新北市新莊區建安街 / 新北市新莊區後港一路,晴,有照明未開啟或故障,市區道路,50,交岔路,三岔路,交叉路口,交叉路口內,水泥,乾燥,無缺陷,無障礙物,無遮蔽物,良好,無號誌,無號誌,無,無分向設施,未繪設車道線,未繪設快慢車道分隔線,無,車與車,對撞,無(車輛駕駛者因素),尚未發現肇事因素,死亡0;受傷2,2,機車,普通重型,女,60,戴非半罩式安全帽,未使用,車的狀態,向前直行中,機車與自行車,前車頭,,,無(車輛駕駛者因素),尚未發現肇事因素,否,121.425642,25.025042