發生年度,發生月份,發生日期,發生時間,事故類別名稱,處理單位名稱警局層,發生地點,天候名稱,光線名稱,道路類別-第1當事者-名稱,速限-第1當事者,道路型態大類別名稱,道路型態子類別名稱,事故位置大類別名稱,事故位置子類別名稱,路面狀況-路面鋪裝名稱,路面狀況-路面狀態名稱,路面狀況-路面缺陷名稱,道路障礙-障礙物名稱,道路障礙-視距品質名稱,道路障礙-視距名稱,號誌-號誌種類名稱,號誌-號誌動作名稱,車道劃分設施-分向設施大類別名稱,車道劃分設施-分向設施子類別名稱,車道劃分設施-分道設施-快車道或一般車道間名稱,車道劃分設施-分道設施-快慢車道間名稱,車道劃分設施-分道設施-路面邊線名稱,事故類型及型態大類別名稱,事故類型及型態子類別名稱,肇因研判大類別名稱-主要,肇因研判子類別名稱-主要,死亡受傷人數,當事者順位,當事者區分-類別-大類別名稱-車種,當事者區分-類別-子類別名稱-車種,當事者屬-性-別名稱,當事者事故發生時年齡,保護裝備名稱,行動電話或電腦或其他相類功能裝置名稱,當事者行動狀態大類別名稱,當事者行動狀態子類別名稱,車輛撞擊部位大類別名稱-最初,車輛撞擊部位子類別名稱-最初,車輛撞擊部位大類別名稱-其他,車輛撞擊部位子類別名稱-其他,肇因研判大類別名稱-個別,肇因研判子類別名稱-個別,肇事逃逸類別名稱-是否肇逃,經度,緯度
2024,8,20240802,081500,A2,新北市政府警察局,新北市新莊區建安街 / 新北市新莊區後港一路,晴,有照明未開啟或故障,市區道路,50,交岔路,三岔路,交叉路口,交叉路口內,水泥,乾燥,無缺陷,無障礙物,無遮蔽物,良好,無號誌,無號誌,無,無分向設施,未繪設車道線,未繪設快慢車道分隔線,無,車與車,對撞,無(車輛駕駛者因素),尚未發現肇事因素,死亡0;受傷2,3,小客車(含客、貨兩用),自用,男,61,繫安全帶(使用幼童安全椅),未使用,車的狀態,靜止(引擎熄火),其他,無撞擊,,,無(車輛駕駛者因素),尚未發現肇事因素,否,121.425642,25.025042
2024,8,20240802,081500,A2,臺中市政府警察局,臺中市烏日區榮泉里中山路三段 / 臺中市烏日區榮泉里榮泉路,晴,有照明未開啟或故障,市區道路,70,交岔路,三岔路,交叉路口,交叉路口內,柏油,乾燥,無缺陷,無障礙物,無遮蔽物,良好,行車管制號誌(附設行人專用號誌),正常,中央分向島,寬式(50公分以上),車道線(無標記),快慢車道分隔線,有,車與車,側撞,駕駛者,其他未依規定讓車,死亡0;受傷1,1,小客車(含客、貨兩用),自用,女,27,繫安全帶(使用幼童安全椅),未使用,車的狀態,右轉彎,汽車,右側車身,,,駕駛者,其他未依規定讓車,否,120.594350,24.112775
2024,8,20240802,081500,A2,臺中市政府警察局,臺中市烏日區榮泉里中山路三段 / 臺中市烏日區榮泉里榮泉路,晴,有照明未開啟或故障,市區道路,70,交岔路,三岔路,交叉路口,交叉路口內,柏油,乾燥,無缺陷,無障礙物,無遮蔽物,良好,行車管制號誌(附設行人專用號誌),正常,中央分向島,寬式(50公分以上),車道線(無標記),快慢車道分隔線,有,車與車,側撞,駕駛者,其他未依規定讓車,死亡0;受傷1,2,機車,普通重型,男,21,戴半罩式安全帽,未使用,車的狀態,向前直行中,機車與自行車,左側車身,,,駕駛者,未依規定減速,否,120.594350,24.112775
2024,8,20240802,082000,A2,保安警察第二總隊,新竹市東區園區三路與新安路,晴,有照明未開啟或故障,市區道路,50,交岔路,三岔路,交叉路口,交叉路口內,柏油,乾燥,無缺陷,無障礙物,無遮蔽物,良好,行車管制號誌(附設行人專用號誌),正常,無,無分向設施,車道線(無標記),未繪設快慢車道分隔線,有,車與車,側撞,駕駛者,右轉彎未依規定,死亡0;受傷2,1,機車,普通重型,女,21,戴半罩式安全帽,未使用,車的狀態,右轉彎,機車與自行車,右側車身,,,駕駛者,右轉彎未依規定,否,120.991734,24.784925
2024,8,20240802,082000,A2,保安警察第二總隊,新竹市東區園區三路與新安路,晴,有照明未開啟或故障,市區道路,50,交岔路,三岔路,交叉路口,交叉路口內,柏油,乾燥,無缺陷,無障礙物,無遮蔽物,良好,行車管制號誌(附設行人專用號誌),正常,無,無分向設施,車道線(無標記),未繪設快慢車道分隔線,有,車與車,側撞,駕駛者,右轉彎未依規定,死亡0;受傷2,2,機車,普通重型,女,25,戴半罩式安全帽,未使用,車的狀態,向前直行中,機車與自行車,前車頭,,,無(車輛駕駛者因素),尚未發現肇事因素,否,120.991734,24.784925
2024,8,20240802,082000,A2,臺北市政府警察局,臺北市信義區市民高架道前0.0公尺,晴,有照明且開啟,市區道路,80,單路部分,高架道路,路段,快車道,柏油,乾燥,無缺陷,無障礙物,無遮蔽物,良好,無號誌,無號誌,中央分向島,寬式(50公分以上),車道線(無標記),未繪設快慢車道分隔線,無,車與車,追撞,駕駛者,未保持行車安全距離,死亡0;受傷1,1,小貨車,自用,男,30,繫安全帶(使用幼童安全椅),未使用,車的狀態,向前直行中,汽車,前車頭,,,駕駛者,未保持行車安全距離,否,121.563275,25.044871
2024,8,20240802,082000,A2,臺北市政府警察局,臺北市信義區市民高架道前0.0公尺,晴,有照明且開啟,市區道路,80,單路部分,高架道路,路段,快車道,柏油,乾燥,無缺陷,無障礙物,無遮蔽物,良好,無號誌,無號誌,中央分向島,寬式(50公分以上),車道線(無標記),未繪設快慢車道分隔線,無,車與車,追撞,駕駛者,未保持行車安全距離,死亡0;受傷1,2,小客車(含客、貨兩用),自用,男,57,繫安全帶(使用幼童安全椅),未使用,車的狀態,向前直行中,汽車,後車尾,,,無(車輛駕駛者因素),尚未發現肇事因素,否,121.563275,25.044871
2024,8,20240802,082000,A2,臺北市政府警察局,臺北市信義區市民高架道前0.0公尺,晴,有照明且開啟,市區道路,80,單路部分,高架道路,路段,快車道,柏油,乾燥,無缺陷,無障礙物,無遮蔽物,良好,無號誌,無號誌,中央分向島,寬式(50公分以上),車道線(無標記),未繪設快慢車道分隔線,無,車與車,追撞,駕駛者,未保持行車安全距離,死亡0;受傷1,3,小客車(含客、貨兩用),計程車,男,58,繫安全帶(使用幼童安全椅),未使用,車的狀態,向前直行中,汽車,後車尾,,,無(車輛駕駛者因素),尚未發現肇事因素,否,121.563275,25.044871
2024,8,20240802,082100,A2,臺中市政府警察局,臺中市西屯區逢甲里西屯路二段268之3號前0.0公尺,晴,有照明未開啟或故障,市區道路,50,單路部分,直路,路段,一般車道(未劃分快慢車道),柏油,乾燥,無缺陷,無障礙物,無遮蔽物,良好,無號誌,無號誌,雙向禁止超車線,無標記,未繪設車道線,未繪設快慢車道分隔線,無,車與車,追撞,駕駛者,未保持行車安全距離,死亡0;受傷1,1,小客車(含客、貨兩用),自用,男,62,繫安全帶(使用幼童安全椅),未使用,車的狀態,向前直行中,汽車,右前車頭(身),,,駕駛者,未保持行車安全距離,否,120.644662,24.173995
2024,8,20240802,082100,A2,臺中市政府警察局,臺中市西屯區逢甲里西屯路二段268之3號前0.0公尺,晴,有照明未開啟或故障,市區道路,50,單路部分,直路,路段,一般車道(未劃分快慢車道),柏油,乾燥,無缺陷,無障礙物,無遮蔽物,良好,無號誌,無號誌,雙向禁止超車線,無標記,未繪設車道線,未繪設快慢車道分隔線,無,車與車,追撞,駕駛者,未保持行車安全距離,死亡0;受傷1,2,機車,普通重型,女,63,戴半罩式安全帽,未使用,車的狀態,向前直行中,機車與自行車,後車尾,,,無(車輛駕駛者因素),尚未發現肇事因素,否,120.644662,24.173995
2024,8,20240802,082700,A2,臺北市政府警察局,臺北市萬華區桂林路前0.0公尺,晴,有照明未開啟或故障,市區道路,50,交岔路,多岔路,交叉路口,交叉路口內,柏油,乾燥,無缺陷,無障礙物,無遮蔽物,良好,行車管制號誌(附設行人專用號誌),正常,中央分向島,寬式(50公分以上),車道線(無標記),未繪設快慢車道分隔線,無,車與車,其他,駕駛者,未保持行車安全距離,死亡0;受傷1,1,機車,普通重型,男,24,戴非半罩式安全帽,未使用,車的狀態,左轉彎,機車與自行車,前車頭,,,駕駛者,未保持行車安全距離,否,121.495538,25.038798
2024,8,20240802,082700,A2,臺北市政府警察局,臺北市萬華區桂林路前0.0公尺,晴,有照明未開啟或故障,市區道路,50,交岔路,多岔路,交叉路口,交叉路口內,柏油,乾燥,無缺陷,無障礙物,無遮蔽物,良好,行車管制號誌(附設行人專用號誌),正常,中央分向島,寬式(50公分以上),車道線(無標記),未繪設快慢車道分隔線,無,車與車,其他,駕駛者,未保持行車安全距離,死亡0;受傷1,2,機車,普通重型,男,31,戴非半罩式安全帽,未使用,車的狀態,迴轉或橫越道路中,機車與自行車,左側車身,,,無(車輛駕駛者因素),尚未發現肇事因素,否,121.495538,25.038798
2024,8,20240802,083000,A2,臺中市政府警察局,臺中市大雅區二和里雅潭路四段576巷47弄13號前0.0公尺,晴,有照明且開啟,市區道路,30,交岔路,四岔路,交叉路口,交叉路口內,柏油,乾燥,無缺陷,無障礙物,無遮蔽物,良好,無號誌,無號誌,無,無分向設施,未繪設車道線,未繪設快慢車道分隔線,無,車與車,側撞,駕駛者,無號誌路口，轉彎車未讓直行車先行,死亡0;受傷1,1,小客車(含客、貨兩用),自用,女,43,繫安全帶(使用幼童安全椅),未使用,車的狀態,右轉彎,汽車,前車頭,,,駕駛者,無號誌路口，轉彎車未讓直行車先行,否,120.655220,24.222011
2024,8,20240802,083000,A2,臺中市政府警察局,臺中市大雅區二和里雅潭路四段576巷47弄13號前0.0公尺,晴,有照明且開啟,市區道路,30,交岔路,四岔路,交叉路口,交叉路口內,柏油,乾燥,無缺陷,無障礙物,無遮蔽物,良好,無號誌,無號誌,無,無分向設施,未繪設車道線,未繪設快慢車道分隔線,無,車與車,側撞,駕駛者,無號誌路口，轉彎車未讓直行車先行,死亡0;受傷1,2,機車,普通重型,男,73,戴半罩式安全帽,未使用,車的狀態,向前直行中,機車與自行車,左側車身,,,駕駛者,未依規定減速,否,120.655220,24.222011
2024,8,20240802,083000,A2,臺中市政府警察局,臺中市大里區國光里國光路二段188號前0.0公尺,晴,有照明未開啟或故障,市區道路,50,單路部分,直路,路段,一般車道(未劃分快慢車道),柏油,乾燥,無缺陷,無障礙物,無遮蔽物,良好,無號誌,無號誌,中央分向島,寬式(50公分以上),車道線(無標記),未繪設快慢車道分隔線,有,車輛本身,路上翻車、摔倒,駕駛者,恍神、緊張、心不在焉分心駕駛,死亡0;受傷1,1,機車,普通重型,男,48,不明,不明,車的狀態,向前直行中,其他,無撞擊,,,駕駛者,恍神、緊張、心不在焉分心駕駛,否,120.681450,24.104577
2024,8,20240802,083000,A2,臺中市政府警察局,臺中市大里區國光里國光路二段188號前0.0公尺,晴,有照明未開啟或故障,市區道路,50,單路部分,直路,路段,一般車道(未劃分快慢車道),柏油,乾燥,無缺陷,無障礙物,無遮蔽物,良好,無號誌,無號誌,中央分向島,寬式(50公分以上),車道線(無標記),未繪設快慢車道分隔線,有,車輛本身,路上翻車、摔倒,駕駛者,恍神、緊張、心不在焉分心駕駛,死亡0;受傷1,2,,,無或物(動物、堆置物),0,,,,,,,,,無(非車輛駕駛人因素),尚未發現肇事因素,否,120.681450,24.104577
2024,8,20240802,083100,A2,新竹縣政府警察局,新竹縣竹北市文信路口 / 新竹縣竹北市三民路口,晴,無照明,市區道路,50,交岔路,三岔路,交叉路口,交叉路口內,柏油,乾燥,無缺陷,無障礙物,無遮蔽物,良好,無號誌,無號誌,無,無分向設施,未繪設車道線,未繪設快慢車道分隔線,有,車與車,其他,駕駛者,恍神、緊張、心不在焉分心駕駛,死亡0;受傷1,1,機車,普通重型,男,80,戴半罩式安全帽,未使用,車的狀態,右轉彎,機車與自行車,前車頭,,,駕駛者,恍神、緊張、心不在焉分心駕駛,否,121.013456,24.831792
2024,8,20240802,083100,A2,新竹縣政府警察局,新竹縣竹北市文信路口 / 新竹縣竹北市三民路口,晴,無照明,市區道路,50,交岔路,三岔路,交叉路口,交叉路口內,柏油,乾燥,無缺陷,無障礙物,無遮蔽物,良好,無號誌,無號誌,無,無分向設施,未繪設車道線,未繪設快慢車道分隔線,有,車與車,其他,駕駛者,恍神、緊張、心不在焉分心駕駛,死亡0;受傷1,2,小客車(含客、貨兩用),自用,男,38,繫安全帶(使用幼童安全椅),未使用,車的狀態,左轉彎,汽車,左前車頭(身),,,駕駛者,恍神、緊張、心不在焉分心駕駛,否,121.013456,24.831792
2024,8,20240802,083200,A2,臺中市政府警察局,臺中市龍井區龍泉里產業道路前0.0公尺,晴,無照明,市區道路,20,單路部分,彎曲路及附近,路段,一般車道(未劃分快慢車道),柏油,乾燥,無缺陷,無障礙物,無遮蔽物,良好,無號誌,無號誌,雙向禁止超車線,無標記,未繪設車道線,未繪設快慢車道分隔線,有,車輛本身,路上翻車、摔倒,駕駛者,恍神、緊張、心不在焉分心駕駛,死亡0;受傷1,1,機車,普通重型,男,28,戴半罩式安全帽,未使用,車的狀態,向前直行中,機車與自行車,右側車身,,,駕駛者,恍神、緊張、心不在焉分心駕駛,否,120.505779,24.210122
2024,8,20240802,083200,A2,臺中市政府警察局,臺中市龍井區龍泉里產業道路前0.0公尺,晴,無照明,市區道路,20,單路部分,彎曲路及附近,路段,一般車道(未劃分快慢車道),柏油,乾燥,無缺陷,無障礙物,無遮蔽物,良好,無號誌,無號誌,雙向禁止超車線,無標記,未繪設車道線,未繪設快慢車道分隔線,有,車輛本身,路上翻車、摔倒,駕駛者,恍神、緊張、心不在焉分心駕駛,死亡0;受傷1,2,,,無或物(動物、堆置物),0,,,,,,,,,無(非車輛駕駛人因素),尚未發現肇事因素,否,120.505779,24.210122
2024,8,20240802,083700,A2,臺北市政府警察局,臺北市中正區羅斯福路4段 / 臺北市中正區羅斯福路4段口,晴,有照明未開啟或故障,市區道路,50,交岔路,三岔路,交叉路口,交叉路口內,柏油,乾燥,無缺陷,無障礙物,無遮蔽物,良好,無號誌,無號誌,雙向禁止超車線,無標記,未繪設車道線,未繪設快慢車道分隔線,有,車與車,其他,駕駛者,右轉彎未依規定,死亡0;受傷1,1,機車,普通重型,男,31,戴非半罩式安全帽,未使用,車的狀態,右轉彎,機車與自行車,左側車身,,,駕駛者,右轉彎未依規定,否,121.533606,25.015336
2024,8,20240802,083700,A2,臺北市政府警察局,臺北市中正區羅斯福路4段 / 臺北市中正區羅斯福路4段口,晴,有照明未開啟或故障,市區道路,50,交岔路,三岔路,交叉路口,交叉路口內,柏油,乾燥,無缺陷,無障礙物,無遮蔽物,良好,無號誌,無號誌,雙向禁止超車線,無標記,未繪設車道線,未繪設快慢車道分隔線,有,車與車,其他,駕駛者,右轉彎未依規定,死亡0;受傷1,2,機車,普通重型,男,32,戴非半罩式安全帽,未使用,車的狀態,向前直行中,機車與自行車,右側車身,,,無(車輛駕駛者因素),尚未發現肇事因素,否,121.533606,25.015336
2024,8,20240802,084000,A2,基隆市警察局,基隆市七堵區光明路前0.0公尺,晴,有照明未開啟或故障,市區道路,50,單路部分,直路,路段,一般車道(未劃分快慢車道),柏油,乾燥,無缺陷,無障礙物,無遮蔽物,良好,行車管制號誌(附設行人專用號誌),正常,雙向禁止超車線,無標記,車道線(無標記),未繪設快慢車道分隔線,無,車與車,同向擦撞,駕駛者,變換車道不當,死亡0;受傷1,1,小客車(含客、貨兩用),自用,男,74,繫安全帶(使用幼童安全椅),未使用,車的狀態,向右變換車道,汽車,右側車身,,,駕駛者,變換車道不當,否,121.714459,25.096107
2024,8,20240802,084000,A2,基隆市警察局,基隆市七堵區光明路前0.0公尺,晴,有照明未開啟或故障,市區道路,50,單路部分,直路,路段,一般車道(未劃分快慢車道),柏油,乾燥,無缺陷,無障礙物,無遮蔽物,良好,行車管制號誌(附設行人專用號誌),正常,雙向禁止超車線,無標記,車道線(無標記),未繪設快慢車道分隔線,無,車與車,同向擦撞,駕駛者,變換車道不當,死亡0;受傷1,2,機車,普通重型,男,33,戴非半罩式安全帽,未使用,車的狀態,向前直行中,機車與自行車,左側車身,,,駕駛者,未保持行車安全間隔,否,121.714459,25.096107
2024,8,20240802,084000,A2,基隆市警察局,基隆市仁愛區獅球路6號前0.0公尺,晴,有照明且開啟,市區道路,50,單路部分,直路,路段,一般車道(未劃分快慢車道),柏油,乾燥,無缺陷,無障礙物,無遮蔽物,良好,無號誌,無號誌,單向禁止超車線,附標記,車道線(附標記),未繪設快慢車道分隔線,有,車與車,追撞,駕駛者,恍神、緊張、心不在焉分心駕駛,死亡0;受傷1,1,小客車(含客、貨兩用),自用,男,64,繫安全帶(使用幼童安全椅),未使用,車的狀態,向前直行中,汽車,前車頭,,,駕駛者,恍神、緊張、心不在焉分心駕駛,否,121.738547,25.126024
2024,8,20240802,084000,A2,基隆市警察局,基隆市仁愛區獅球路6號前0.0公尺,晴,有照明且開啟,市區道路,50,單路部分,直路,路段,一般車道(未劃分快慢車道),柏油,乾燥,無缺陷,無障礙物,無遮蔽物,良好,無號誌,無號誌,單向禁止超車線,附標記,車道線(附標記),未繪設快慢車道分隔線,有,車與車,追撞,駕駛者,恍神、緊張、心不在焉分心駕駛,死亡0;受傷1,2,機車,普通重型,男,61,戴半罩式安全帽,未使用,車的狀態,急減速或急停止,機車與自行車,後車尾,,,無(車輛駕駛者因素),尚未發現肇事因素,否,121.738547,25.126024
2024,8,20240802,084400,A2,臺中市政府警察局,臺中市神岡區山皮里光復路前0.0公尺,晴,有照明未開啟或故障,市區道路,30,單路部分,直路,路段,一般車道(未劃分快慢車道),柏油,乾燥,無缺陷,無障礙物,無遮蔽物,良好,無號誌,無號誌,無,無分向設施,未繪設車道線,未繪設快慢車道分隔線,有,車輛本身,撞電桿,駕駛者,恍神、緊張、心不在焉分心駕駛,死亡0;受傷1,1,機車,普通重型,男,46,戴非半罩式安全帽,不明,車的狀態,向前直行中,機車與自行車,前車頭,,,駕駛者,恍神、緊張、心不在焉分心駕駛,否,120.643545,24.247172
2024,8,20240802,084400,A2,臺中市政府警察局,臺中市神岡區山皮里光復路前0.0公尺,晴,有照明未開啟或故障,市區道路,30,單路部分,直路,路段,一般車道(未劃分快慢車道),柏油,乾燥,無缺陷,無障礙物,無遮蔽物,良好,無號誌,無號誌,無,無分向設施,未繪設車道線,未繪設快慢車道分隔線,有,車輛本身,撞電桿,駕駛者,恍神、緊張、心不在焉分心駕駛,死亡0;受傷1,2,,,無或物(動物、堆置物),0,,,,,,,,,無(非車輛駕駛人因素),尚未發現肇事因素,否,120.643545,24.247172
2024,8,20240802,084600,A2,臺北市政府警察局,臺北市信義區忠孝東路5段153號前0.0公尺,晴,有照明未開啟或故障,市區道路,50,單路部分,直路,路段,一般車道(未劃分快慢車道),柏油,乾燥,無缺陷,無障礙物,無遮蔽物,良好,行車管制號誌(附設行人專用號誌),正常,行車分向線,無標記,未繪設車道線,未繪設快慢車道分隔線,無,車與車,側撞,駕駛者,違反其他標誌(線)禁制,死亡0;受傷1,1,小客車(含客、貨兩用),自用,男,77,不明,不明,車的狀態,向前直行中,汽車,左前車頭(身),,,駕駛者,違反其他標誌(線)禁制,否,121.568478,25.041146
2024,8,20240802,084600,A2,臺北市政府警察局,臺北市信義區忠孝東路5段153號前0.0公尺,晴,有照明未開啟或故障,市區道路,50,單路部分,直路,路段,一般車道(未劃分快慢車道),柏油,乾燥,無缺陷,無障礙物,無遮蔽物,良好,行車管制號誌(附設行人專用號誌),正常,行車分向線,無標記,未繪設車道線,未繪設快慢車道分隔線,無,車與車,側撞,駕駛者,違反其他標誌(線)禁制,死亡0;受傷1,2,機車,普通重型,女,43,戴半罩式安全帽,未使用,車的狀態,等待(引擎未熄火),機車與自行車,左側車身,機車與自行車,右側車身,無(車輛駕駛者因素),尚未發現肇事因素,否,121.568478,25.041146
2024,8,20240802,084600,A2,臺中市政府警察局,臺中市豐原區西湳里三豐路一段391號前0.0公尺,晴,無照明,市區道路,50,交岔路,四岔路,交叉路口,交叉路口內,柏油,乾燥,無缺陷,無障礙物,無遮蔽物,良好,行車管制號誌,正常,無,無分向設施,車道線(無標記),未繪設快慢車道分隔線,有,車與車,其他,駕駛者,違反車輛專用標誌(線),死亡0;受傷1,1,小客車(含客、貨兩用),自用,女,26,繫安全帶(使用幼童安全椅),未使用,車的狀態,向前直行中,汽車,右側車身,,,駕駛者,違反車輛專用標誌(線),否,120.719997,24.262862
2024,8,20240802,084600,A2,臺中市政府警察局,臺中市豐原區西湳里三豐路一段391號前0.0公尺,晴,無照明,市區道路,50,交岔路,四岔路,交叉路口,交叉路口內,柏油,乾燥,無缺陷,無障礙物,無遮蔽物,良好,行車管制號誌,正常,無,無分向設施,車道線(無標記),未繪設快慢車道分隔線,有,車與車,其他,駕駛者,違反車輛專用標誌(線),死亡0;受傷1,2,慢車,微型電動二輪車,男,59,戴半罩式安全帽,未使用,車的狀態,向前直行中,機車與自行車,左側車身,,,駕駛者,違反車輛專用標誌(線),否,120.719997,24.262862
2024,8,20240802,084800,A2,臺中市政府警察局,臺中市潭子區嘉仁里旱溪西路七段359號前0.0公尺,晴,有照明未開啟或故障,市區道路,40,單路部分,彎曲路及附近,路段,一般車道(未劃分快慢車道),柏油,乾燥,無缺陷,無障礙物,無遮蔽物,良好,無號誌,無號誌,中央分向島,寬式(50公分以上),車道線(無標記),未繪設快慢車道分隔線,無,車與車,同向擦撞,駕駛者,變換車道不當,死亡0;受傷1,1,小客車(含客、貨兩用),自用,女,37,繫安全帶(使用幼童安全椅),未使用,車的狀態,向左變換車道,汽車,右前車頭(身),,,駕駛者,變換車道不當,否,120.721127,24.223666
2024,8,20240802,084800,A2,臺中市政府警察局,臺中市潭子區嘉仁里旱溪西路七段359號前0.0公尺,晴,有照明未開啟或故障,市區道路,40,單路部分,彎曲路及附近,路段,一般車道(未劃分快慢車道),柏油,乾燥,無缺陷,無障礙物,無遮蔽物,良好,無號誌,無號誌,中央分向島,寬式(50公分以上),車道線(無標記),未繪設快慢車道分隔線,無,車與車,同向擦撞,駕駛者,變換車道不當,死亡0;受傷1,2,小客車(含客、貨兩用),自用,男,42,繫安全帶(使用幼童安全椅),未使用,車的狀態,向前直行中,汽車,左側車身,,,無(車輛駕駛者因素),尚未發現肇事因素,否,120.721127,24.223666
2024,8,20240802,085000,A2,新竹縣政府警察局,新竹縣竹北市中華路口 / 新竹縣竹北市環北路2段口,晴,無照明,市區道路,50,交岔路,四岔路,交叉路口,交叉路口內,柏油,乾燥,無缺陷,無障礙物,無遮蔽物,良好,行車管制號誌,正常,中央分向島,寬式(50公分以上),禁止變換車道線(無標記),未繪設快慢車道分隔線,有,車與車,追撞,駕駛者,恍神、緊張、心不在焉分心駕駛,死亡0;受傷3,1,機車,普通重型,男,48,戴半罩式安全帽,未使用,車的狀態,向前直行中,機車與自行車,前車頭,,,駕駛者,恍神、緊張、心不在焉分心駕駛,否,121.004926,24.849061
2024,8,20240802,085000,A2,新竹縣政府警察局,新竹縣竹北市中華路口 / 新竹縣竹北市環北路2段口,晴,無照明,市區道路,50,交岔路,四岔路,交叉路口,交叉路口內,柏油,乾燥,無缺陷,無障礙物,無遮蔽物,良好,行車管制號誌,正常,中央分向島,寬式(50公分以上),禁止變換車道線(無標記),未繪設快慢車道分隔線,有,車與車,追撞,駕駛者,恍神、緊張、心不在焉分心駕駛,死亡0;受傷3,2,機車,普通重型,女,58,戴半罩式安全帽,未使用,車的狀態,等待(引擎未熄火),機車與自行車,後車尾,,,無(車輛駕駛者因素),尚未發現肇事因素,否,121.004926,24.849061
2024,8,20240802,085000,A2,新竹縣政府警察局,新竹縣竹北市中華路口 / 新竹縣竹北市環北路2段口,晴,無照明,市區道路,50,交岔路,四岔路,交叉路口,交叉路口內,柏油,乾燥,無缺陷,無障礙物,無遮蔽物,良好,行車管制號誌,正常,中央分向島,寬式(50公分以上),禁止變換車道線(無標記),未繪設快慢車道分隔線,有,車與車,追撞,駕駛者,恍神、緊張、心不在焉分心駕駛,死亡0;受傷3,3,人,乘客,女,27,戴半罩式安全帽,非駕駛人,人的狀態,其他,其他,非汽、機及自行車,,,無(非車輛駕駛人因素),尚未發現肇事因素,否,121.004926,24.849061
2024,8,20240802,085100,A2,臺中市政府警察局,臺中市北屯區仁愛里四平路 / 臺中市北屯區仁愛里大連北街,晴,無照明,市區道路,50,交岔路,四岔路,交叉路口,交叉路口內,柏油,乾燥,無缺陷,無障礙物,無遮蔽物,良好,行車管制號誌,正常,無,無分向設施,未繪設車道線,未繪設快慢車道分隔線,無,車與車,側撞,駕駛者,恍神、緊張、心不在焉分心駕駛,死亡0;受傷1,1,機車,普通重型,女,18,不明,不明,車的狀態,向前直行中,機車與自行車,前車頭,,,駕駛者,恍神、緊張、心不在焉分心駕駛,否,120.670779,24.178713
2024,8,20240802,085100,A2,臺中市政府警察局,臺中市北屯區仁愛里四平路 / 臺中市北屯區仁愛里大連北街,晴,無照明,市區道路,50,交岔路,四岔路,交叉路口,交叉路口內,柏油,乾燥,無缺陷,無障礙物,無遮蔽物,良好,行車管制號誌,正常,無,無分向設施,未繪設車道線,未繪設快慢車道分隔線,無,車與車,側撞,駕駛者,恍神、緊張、心不在焉分心駕駛,死亡0;受傷1,2,小客車(含客、貨兩用),自用,女,34,不明,不明,車的狀態,左轉彎,汽車,右前車頭(身),,,駕駛者,恍神、緊張、心不在焉分心駕駛,否,120.670779,24.178713
2024,8,20240802,085300,A2,臺中市政府警察局,臺中市豐原區南村里水源路 / 臺中市豐原區南村里直興街,晴,有照明未開啟或故障,市區道路,50,交岔路,四岔路,交叉路口,交叉路口內,柏油,乾燥,無缺陷,無障礙物,無遮蔽物,良好,行車管制號誌,正常,無,無分向設施,未繪設車道線,未繪設快慢車道分隔線,無,車與車,側撞,駕駛者,有號誌路口，轉彎車未讓直行車先行,死亡0;受傷2,1,機車,普通重型,男,18,戴非半罩式安全帽,未使用,車的狀態,左轉彎,機車與自行車,左側車身,,,駕駛者,有號誌路口，轉彎車未讓直行車先行,否,120.726948,24.254834
2024,8,20240802,085300,A2,臺中市政府警察局,臺中市豐原區南村里水源路 / 臺中市豐原區南村里直興街,晴,有照明未開啟或故障,市區道路,50,交岔路,四岔路,交叉路口,交叉路口內,柏油,乾燥,無缺陷,無障礙物,無遮蔽物,良好,行車管制號誌,正常,無,無分向設施,未繪設車道線,未繪設快慢車道分隔線,無,車與車,側撞,駕駛者,有號誌路口，轉彎車未讓直行車先行,死亡0;受傷2,2,機車,普通重型,男,36,戴非半罩式安全帽,未使用,車的狀態,向前直行中,機車與自行車,前車頭,,,駕駛者,未依規定減速,否,120.726948,24.254834
2024,8,20240802,085400,A2,彰化縣警察局,彰化縣鹿港鎮長興里中山路口 / 彰化縣鹿港鎮長興里新盛街口,晴,無照明,市區道路,40,交岔路,三岔路,交叉路口,交叉口附近,柏油,乾燥,無缺陷,無障礙物,無遮蔽物,良好,閃光號誌,正常,行車分向線,無標記,車道線(無標記),未繪設快慢車道分隔線,有,車與車,其他,駕駛者,其他未依規定讓車,死亡0;受傷1,1,小客車(含客、貨兩用),自用,男,23,不明,不明,車的狀態,迴轉或橫越道路中,汽車,前車頭,,,駕駛者,其他未依規定讓車,否,120.435636,24.053255
2024,8,20240802,085400,A2,彰化縣警察局,彰化縣鹿港鎮長興里中山路口 / 彰化縣鹿港鎮長興里新盛街口,晴,無照明,市區道路,40,交岔路,三岔路,交叉路口,交叉口附近,柏油,乾燥,無缺陷,無障礙物,無遮蔽物,良好,閃光號誌,正常,行車分向線,無標記,車道線(無標記),未繪設快慢車道分隔線,有,車與車,其他,駕駛者,其他未依規定讓車,死亡0;受傷1,2,機車,普通重型,女,19,不明,不明,車的狀態,向前直行中,機車與自行車,前車頭,機車與自行車,左側車身,無(車輛駕駛者因素),尚未發現肇事因素,否,120.435636,24.053255