發生年度,發生月份,發生日期,發生時間,事故類別名稱,處理單位名稱警局層,發生地點,天候名稱,光線名稱,道路類別-第1當事者-名稱,速限-第1當事者,道路型態大類別名稱,道路型態子類別名稱,事故位置大類別名稱,事故位置子類別名稱,路面狀況-路面鋪裝名稱,路面狀況-路面狀態名稱,路面狀況-路面缺陷名稱,道路障礙-障礙物名稱,道路障礙-視距品質名稱,道路障礙-視距名稱,號誌-號誌種類名稱,號誌-號誌動作名稱,車道劃分設施-分向設施大類別名稱,車道劃分設施-分向設施子類別名稱,車道劃分設施-分道設施-快車道或一般車道間名稱,車道劃分設施-分道設施-快慢車道間名稱,車道劃分設施-分道設施-路面邊線名稱,事故類型及型態大類別名稱,事故類型及型態子類別名稱,肇因研判大類別名稱-主要,肇因研判子類別名稱-主要,死亡受傷人數,當事者順位,當事者區分-類別-大類別名稱-車種,當事者區分-類別-子類別名稱-車種,當事者屬-性-別名稱,當事者事故發生時年齡,保護裝備名稱,行動電話或電腦或其他相類功能裝置名稱,當事者行動狀態大類別名稱,當事者行動狀態子類別名稱,車輛撞擊部位大類別名稱-最初,車輛撞擊部位子類別名稱-最初,車輛撞擊部位大類別名稱-其他,車輛撞擊部位子類別名稱-其他,肇因研判大類別名稱-個別,肇因研判子類別名稱-個別,肇事逃逸類別名稱-是否肇逃,經度,緯度
2024,8,20240802,085900,A2,臺中市政府警察局,臺中市南區福平里美村路二段 / 臺中市南區福平里柳川東路一段,晴,有照明未開啟或故障,市區道路,50,交岔路,四岔路,交叉路口,交叉路口內,柏油,乾燥,無缺陷,無障礙物,無遮蔽物,良好,行車管制號誌,正常,無,無分向設施,未繪設車道線,未繪設快慢車道分隔線,無,車與車,其他,駕駛者,右轉彎未依規定,死亡0;受傷1,1,小客車(含客、貨兩用),自用,男,69,不明,不明,車的狀態,右轉彎,汽車,右後車尾(身),,,駕駛者,右轉彎未依規定,否,120.659605,24.128745
2024,8,20240802,085900,A2,臺中市政府警察局,臺中市南區福平里美村路二段 / 臺中市南區福平里柳川東路一段,晴,有照明未開啟或故障,市區道路,50,交岔路,四岔路,交叉路口,交叉路口內,柏油,乾燥,無缺陷,無障礙物,無遮蔽物,良好,行車管制號誌,正常,無,無分向設施,未繪設車道線,未繪設快慢車道分隔線,無,車與車,其他,駕駛者,右轉彎未依規定,死亡0;受傷1,2,機車,普通重型,男,34,不明,不明,車的狀態,向前直行中,機車與自行車,左側車身,,,無(車輛駕駛者因素),尚未發現肇事因素,否,120.659605,24.128745
2024,8,20240802,090000,A2,南投縣政府警察局,南投縣水里鄉北埔村中山路一段461號,晴,有照明未開啟或故障,市區道路,50,單路部分,直路,路段,快車道,柏油,乾燥,無缺陷,無障礙物,無遮蔽物,良好,無號誌,無號誌,雙向禁止超車線,無標記,車道線(無標記),快慢車道分隔線,有,車與車,側撞,駕駛者,其他未依規定讓車,死亡0;受傷1,1,機車,普通重型,女,44,戴半罩式安全帽,未使用,車的狀態,迴轉或橫越道路中,機車與自行車,前車頭,,,駕駛者,其他未依規定讓車,否,120.850569,23.810992
2024,8,20240802,090000,A2,南投縣政府警察局,南投縣水里鄉北埔村中山路一段461號,晴,有照明未開啟或故障,市區道路,50,單路部分,直路,路段,快車道,柏油,乾燥,無缺陷,無障礙物,無遮蔽物,良好,無號誌,無號誌,雙向禁止超車線,無標記,車道線(無標記),快慢車道分隔線,有,車與車,側撞,駕駛者,其他未依規定讓車,死亡0;受傷1,2,機車,普通重型,男,40,戴非半罩式安全帽,未使用,車的狀態,向前直行中,機車與自行車,前車頭,,,駕駛者,閃避不當(慎),否,120.850569,23.810992
2024,8,20240802,090354,A2,彰化縣警察局,彰化縣溪州鄉水尾村中山路1段口 / 彰化縣溪州鄉水尾村三西路口,晴,無照明,村里道路,50,交岔路,四岔路,交叉路口,交叉路口內,柏油,乾燥,無缺陷,無障礙物,無遮蔽物,良好,無號誌,無號誌,雙向禁止超車線,無標記,未繪設車道線,未繪設快慢車道分隔線,有,車與車,側撞,駕駛者,其他未依規定讓車,死亡0;受傷1,1,小貨車,自用,男,47,繫安全帶(使用幼童安全椅),未使用,車的狀態,右轉彎,汽車,右後車尾(身),,,駕駛者,其他未依規定讓車,否,120.463085,23.823498
2024,8,20240802,090354,A2,彰化縣警察局,彰化縣溪州鄉水尾村中山路1段口 / 彰化縣溪州鄉水尾村三西路口,晴,無照明,村里道路,50,交岔路,四岔路,交叉路口,交叉路口內,柏油,乾燥,無缺陷,無障礙物,無遮蔽物,良好,無號誌,無號誌,雙向禁止超車線,無標記,未繪設車道線,未繪設快慢車道分隔線,有,車與車,側撞,駕駛者,其他未依規定讓車,死亡0;受傷1,2,機車,普通重型,女,26,戴半罩式安全帽,未使用,車的狀態,向前直行中,機車與自行車,左側車身,,,駕駛者,未保持行車安全距離,否,120.463085,23.823498
2024,8,20240802,090600,A2,臺中市政府警察局,臺中市烏日區烏日里中山路二段 / 臺中市烏日區烏日里光日路,晴,有照明未開啟或故障,市區道路,40,交岔路,四岔路,交叉路口,交叉路口內,柏油,乾燥,無缺陷,無障礙物,無遮蔽物,良好,行車管制號誌,正常,無,無分向設施,未繪設車道線,未繪設快慢車道分隔線,無,車與車,其他,駕駛者,闖紅燈直行,死亡0;受傷1,1,機車,普通重型,女,42,不明,不明,車的狀態,向前直行中,機車與自行車,左側車身,,,駕駛者,闖紅燈直行,否,120.624964,24.106272
2024,8,20240802,090600,A2,臺中市政府警察局,臺中市烏日區烏日里中山路二段 / 臺中市烏日區烏日里光日路,晴,有照明未開啟或故障,市區道路,40,交岔路,四岔路,交叉路口,交叉路口內,柏油,乾燥,無缺陷,無障礙物,無遮蔽物,良好,行車管制號誌,正常,無,無分向設施,未繪設車道線,未繪設快慢車道分隔線,無,車與車,其他,駕駛者,闖紅燈直行,死亡0;受傷1,2,小客車(含客、貨兩用),自用,男,30,不明,不明,車的狀態,向前直行中,汽車,前車頭,,,無(車輛駕駛者因素),尚未發現肇事因素,否,120.624964,24.106272
2024,8,20240802,090600,A2,臺北市政府警察局,臺北市中山區林森北路 / 臺北市中山區中山北路2段,陰,有照明且開啟,市區道路,50,交岔路,三岔路,交叉路口,交叉口附近,柏油,乾燥,無缺陷,無障礙物,無遮蔽物,良好,無號誌,無號誌,雙向禁止超車線,無標記,未繪設車道線,未繪設快慢車道分隔線,無,車與車,側撞,無(車輛駕駛者因素),尚未發現肇事因素,死亡0;受傷1,1,小貨車,自用,男,46,不明,不明,車的狀態,迴轉或橫越道路中,汽車,左側車身,,,無(車輛駕駛者因素),尚未發現肇事因素,否,121.525600,25.061793
2024,8,20240802,090600,A2,臺北市政府警察局,臺北市中山區林森北路 / 臺北市中山區中山北路2段,陰,有照明且開啟,市區道路,50,交岔路,三岔路,交叉路口,交叉口附近,柏油,乾燥,無缺陷,無障礙物,無遮蔽物,良好,無號誌,無號誌,雙向禁止超車線,無標記,未繪設車道線,未繪設快慢車道分隔線,無,車與車,側撞,無(車輛駕駛者因素),尚未發現肇事因素,死亡0;受傷1,2,機車,普通重型,男,34,不明,不明,車的狀態,向前直行中,機車與自行車,前車頭,,,無(車輛駕駛者因素),尚未發現肇事因素,否,121.525600,25.061793
2024,8,20240802,091000,A2,屏東縣政府警察局,屏東縣新園鄉仙吉路308號前0.0公尺附近,晴,有照明未開啟或故障,市區道路,50,交岔路,四岔路,交叉路口,交叉口附近,柏油,乾燥,無缺陷,無障礙物,無遮蔽物,良好,行車管制號誌,正常,中央分向島,寬式(50公分以上),禁止變換車道線(附標記),未繪設快慢車道分隔線,有,車與車,追撞,駕駛者,未保持行車安全距離,死亡0;受傷4,1,小貨車,自用,男,47,繫安全帶(使用幼童安全椅),未使用,車的狀態,向前直行中,汽車,前車頭,,,駕駛者,未保持行車安全距離,否,120.463341,22.547055
2024,8,20240802,091000,A2,屏東縣政府警察局,屏東縣新園鄉仙吉路308號前0.0公尺附近,晴,有照明未開啟或故障,市區道路,50,交岔路,四岔路,交叉路口,交叉口附近,柏油,乾燥,無缺陷,無障礙物,無遮蔽物,良好,行車管制號誌,正常,中央分向島,寬式(50公分以上),禁止變換車道線(附標記),未繪設快慢車道分隔線,有,車與車,追撞,駕駛者,未保持行車安全距離,死亡0;受傷4,2,小客車(含客、貨兩用),自用,男,45,繫安全帶(使用幼童安全椅),未使用,車的狀態,等待(引擎未熄火),汽車,後車尾,,,無(車輛駕駛者因素),尚未發現肇事因素,否,120.463341,22.547055
2024,8,20240802,091000,A2,屏東縣政府警察局,屏東縣新園鄉仙吉路308號前0.0公尺附近,晴,有照明未開啟或故障,市區道路,50,交岔路,四岔路,交叉路口,交叉口附近,柏油,乾燥,無缺陷,無障礙物,無遮蔽物,良好,行車管制號誌,正常,中央分向島,寬式(50公分以上),禁止變換車道線(附標記),未繪設快慢車道分隔線,有,車與車,追撞,駕駛者,未保持行車安全距離,死亡0;受傷4,3,人,乘客,男,74,繫安全帶(使用幼童安全椅),非駕駛人,人的狀態,靜立(止),其他,非汽、機及自行車,,,無(非車輛駕駛人因素),尚未發現肇事因素,否,120.463341,22.547055
2024,8,20240802,091000,A2,屏東縣政府警察局,屏東縣新園鄉仙吉路308號前0.0公尺附近,晴,有照明未開啟或故障,市區道路,50,交岔路,四岔路,交叉路口,交叉口附近,柏油,乾燥,無缺陷,無障礙物,無遮蔽物,良好,行車管制號誌,正常,中央分向島,寬式(50公分以上),禁止變換車道線(附標記),未繪設快慢車道分隔線,有,車與車,追撞,駕駛者,未保持行車安全距離,死亡0;受傷4,4,人,乘客,女,62,繫安全帶(使用幼童安全椅),非駕駛人,人的狀態,靜立(止),其他,非汽、機及自行車,,,無(非車輛駕駛人因素),尚未發現肇事因素,否,120.463341,22.547055
2024,8,20240802,091000,A2,臺北市政府警察局,臺北市松山區敦化北路 / 臺北市松山區民生東路3段,陰,有照明未開啟或故障,市區道路,50,交岔路,多岔路,交叉路口,交叉路口內,柏油,乾燥,無缺陷,無障礙物,無遮蔽物,良好,行車管制號誌,正常,行車分向線,附標記,車道線(附標記),快慢車道分隔線,無,車與車,側撞,其他,相關跡證不足且無具體影像紀錄，當事人各執一詞，經分析後無法釐清肇事原因,死亡0;受傷1,1,小客車(含客、貨兩用),自用,男,83,不明,不明,車的狀態,右轉彎,汽車,右側車身,,,其他,相關跡證不足且無具體影像紀錄，當事人各執一詞，經分析後無法釐清肇事原因,否,121.548803,25.057768
2024,8,20240802,091000,A2,臺北市政府警察局,臺北市松山區敦化北路 / 臺北市松山區民生東路3段,陰,有照明未開啟或故障,市區道路,50,交岔路,多岔路,交叉路口,交叉路口內,柏油,乾燥,無缺陷,無障礙物,無遮蔽物,良好,行車管制號誌,正常,行車分向線,附標記,車道線(附標記),快慢車道分隔線,無,車與車,側撞,其他,相關跡證不足且無具體影像紀錄，當事人各執一詞，經分析後無法釐清肇事原因,死亡0;受傷1,2,機車,普通重型,男,28,戴非半罩式安全帽,未使用,車的狀態,向前直行中,機車與自行車,左側車身,,,其他,相關跡證不足且無具體影像紀錄，當事人各執一詞，經分析後無法釐清肇事原因,否,121.548803,25.057768
2024,8,20240802,091000,A2,臺中市政府警察局,臺中市沙鹿區竹林里三民路 / 臺中市沙鹿區竹林里七賢南路,晴,無照明,市區道路,40,交岔路,三岔路,交叉路口,交叉路口內,柏油,乾燥,無缺陷,無障礙物,無遮蔽物,良好,行車管制號誌,正常,無,無分向設施,未繪設車道線,未繪設快慢車道分隔線,有,車與車,其他,其他,其他不當駕車行為,死亡0;受傷1,1,機車,普通重型,女,21,戴非半罩式安全帽,未使用,車的狀態,向前直行中,其他,不明,,,其他,其他不當駕車行為,否,120.571187,24.241676
2024,8,20240802,091000,A2,臺中市政府警察局,臺中市沙鹿區竹林里三民路 / 臺中市沙鹿區竹林里七賢南路,晴,無照明,市區道路,40,交岔路,三岔路,交叉路口,交叉路口內,柏油,乾燥,無缺陷,無障礙物,無遮蔽物,良好,行車管制號誌,正常,無,無分向設施,未繪設車道線,未繪設快慢車道分隔線,有,車與車,其他,其他,其他不當駕車行為,死亡0;受傷1,2,小貨車,自用,男,30,繫安全帶(使用幼童安全椅),未使用,車的狀態,右轉彎,其他,無撞擊,,,駕駛者,其他未依規定讓車,否,120.571187,24.241676
2024,8,20240802,091500,A2,臺中市政府警察局,臺中市北屯區三和里太原路三段 / 臺中市北屯區三和里旱溪西路三段,晴,有照明未開啟或故障,市區道路,40,交岔路,四岔路,交叉路口,交叉路口內,柏油,乾燥,無缺陷,無障礙物,無遮蔽物,良好,行車管制號誌(附設行人專用號誌),正常,無,無分向設施,未繪設車道線,未繪設快慢車道分隔線,無,車與車,側撞,其他,其他不當駕車行為,死亡0;受傷2,1,機車,普通重型,女,21,戴非半罩式安全帽,未使用,車的狀態,向前直行中,機車與自行車,前車頭,,,其他,其他不當駕車行為,否,120.704454,24.164862
2024,8,20240802,091500,A2,臺中市政府警察局,臺中市北屯區三和里太原路三段 / 臺中市北屯區三和里旱溪西路三段,晴,有照明未開啟或故障,市區道路,40,交岔路,四岔路,交叉路口,交叉路口內,柏油,乾燥,無缺陷,無障礙物,無遮蔽物,良好,行車管制號誌(附設行人專用號誌),正常,無,無分向設施,未繪設車道線,未繪設快慢車道分隔線,無,車與車,側撞,其他,其他不當駕車行為,死亡0;受傷2,2,機車,普通重型,男,21,戴非半罩式安全帽,未使用,車的狀態,右轉彎,機車與自行車,右側車身,,,駕駛者,其他未依規定讓車,否,120.704454,24.164862
2024,8,20240802,091700,A2,彰化縣警察局,彰化縣田尾鄉福德巷469號,晴,有照明未開啟或故障,其他,50,單路部分,直路,路段,路肩、路緣,柏油,乾燥,無缺陷,無障礙物,無遮蔽物,良好,無號誌,無號誌,雙向禁止超車線,附標記,未繪設車道線,未繪設快慢車道分隔線,有,車與車,同向擦撞,駕駛者,變換車道不當,死亡0;受傷1,1,小貨車,自用,男,55,繫安全帶(使用幼童安全椅),未使用,車的狀態,向右變換車道,汽車,右側車身,,,駕駛者,變換車道不當,否,120.537034,23.898413
2024,8,20240802,091700,A2,彰化縣警察局,彰化縣田尾鄉福德巷469號,晴,有照明未開啟或故障,其他,50,單路部分,直路,路段,路肩、路緣,柏油,乾燥,無缺陷,無障礙物,無遮蔽物,良好,無號誌,無號誌,雙向禁止超車線,附標記,未繪設車道線,未繪設快慢車道分隔線,有,車與車,同向擦撞,駕駛者,變換車道不當,死亡0;受傷1,2,機車,普通重型,男,21,戴半罩式安全帽,未使用,車的狀態,向前直行中,機車與自行車,左側車身,,,駕駛者,未保持行車安全距離,否,120.537034,23.898413
2024,8,20240802,092000,A2,基隆市警察局,基隆市信義區深澳坑路 / 基隆市信義區深澳坑路,晴,有照明且開啟,市區道路,50,單路部分,直路,路段,一般車道(未劃分快慢車道),柏油,乾燥,無缺陷,無障礙物,無遮蔽物,良好,無號誌,無號誌,行車分向線,附標記,車道線(附標記),未繪設快慢車道分隔線,無,車與車,側撞,駕駛者,迴轉未依規定,死亡0;受傷1,1,小客車(含客、貨兩用),自用,男,41,繫安全帶(使用幼童安全椅),未使用,車的狀態,迴轉或橫越道路中,汽車,左側車身,,,駕駛者,迴轉未依規定,否,121.781921,25.126962
2024,8,20240802,092000,A2,基隆市警察局,基隆市信義區深澳坑路 / 基隆市信義區深澳坑路,晴,有照明且開啟,市區道路,50,單路部分,直路,路段,一般車道(未劃分快慢車道),柏油,乾燥,無缺陷,無障礙物,無遮蔽物,良好,無號誌,無號誌,行車分向線,附標記,車道線(附標記),未繪設快慢車道分隔線,無,車與車,側撞,駕駛者,迴轉未依規定,死亡0;受傷1,2,機車,普通重型,女,42,戴半罩式安全帽,未使用,車的狀態,向前直行中,機車與自行車,右側車身,,,無(車輛駕駛者因素),尚未發現肇事因素,否,121.781921,25.126962
2024,8,20240802,092100,A2,臺北市政府警察局,臺北市士林區至善路1段 / 臺北市士林區臨溪路,晴,無照明,市區道路,50,單路部分,直路,路段,快車道,柏油,乾燥,無缺陷,無障礙物,無遮蔽物,良好,無號誌,無號誌,中央分向島,寬式(50公分以上),未繪設車道線,未繪設快慢車道分隔線,無,車與車,其他,其他,肇事逃逸未查獲，無法查明肇因,死亡0;受傷1,1,,,肇事逃逸尚未查獲,0,,,,,,,,,,肇事逃逸未查獲，無法查明肇因,是,121.542398,25.097120
2024,8,20240802,092100,A2,臺北市政府警察局,臺北市士林區至善路1段 / 臺北市士林區臨溪路,晴,無照明,市區道路,50,單路部分,直路,路段,快車道,柏油,乾燥,無缺陷,無障礙物,無遮蔽物,良好,無號誌,無號誌,中央分向島,寬式(50公分以上),未繪設車道線,未繪設快慢車道分隔線,無,車與車,其他,其他,肇事逃逸未查獲，無法查明肇因,死亡0;受傷1,2,機車,普通重型,男,20,戴非半罩式安全帽,未使用,車的狀態,向前直行中,機車與自行車,左側車身,,,無(車輛駕駛者因素),尚未發現肇事因素,否,121.542398,25.097120
2024,8,20240802,092800,A2,臺北市政府警察局,臺北市文山區木新路1段 / 臺北市文山區開元街,晴,有照明未開啟或故障,市區道路,30,交岔路,三岔路,交叉路口,交叉路口內,柏油,乾燥,無缺陷,無障礙物,無遮蔽物,良好,行車管制號誌,正常,無,無分向設施,未繪設車道線,未繪設快慢車道分隔線,無,車與車,側撞,駕駛者,右轉彎未依規定,死亡0;受傷2,1,小客車(含客、貨兩用),自用,男,26,繫安全帶(使用幼童安全椅),未使用,車的狀態,右轉彎,汽車,左前車頭(身),,,駕駛者,右轉彎未依規定,否,121.570684,24.988834
2024,8,20240802,092800,A2,臺北市政府警察局,臺北市文山區木新路1段 / 臺北市文山區開元街,晴,有照明未開啟或故障,市區道路,30,交岔路,三岔路,交叉路口,交叉路口內,柏油,乾燥,無缺陷,無障礙物,無遮蔽物,良好,行車管制號誌,正常,無,無分向設施,未繪設車道線,未繪設快慢車道分隔線,無,車與車,側撞,駕駛者,右轉彎未依規定,死亡0;受傷2,2,機車,普通重型,男,72,戴非半罩式安全帽,未使用,車的狀態,向前直行中,機車與自行車,右側車身,,,無(車輛駕駛者因素),尚未發現肇事因素,否,121.570684,24.988834
2024,8,20240802,092800,A2,臺北市政府警察局,臺北市文山區木新路1段 / 臺北市文山區開元街,晴,有照明未開啟或故障,市區道路,30,交岔路,三岔路,交叉路口,交叉路口內,柏油,乾燥,無缺陷,無障礙物,無遮蔽物,良好,行車管制號誌,正常,無,無分向設施,未繪設車道線,未繪設快慢車道分隔線,無,車與車,側撞,駕駛者,右轉彎未依規定,死亡0;受傷2,3,人,乘客,女,67,其他(無需使用保護裝備之人),非駕駛人,人的狀態,其他,其他,非汽、機及自行車,,,無(非車輛駕駛人因素),尚未發現肇事因素,否,121.570684,24.988834
2024,8,20240802,093000,A2,臺中市政府警察局,臺中市豐原區北陽里北陽路 / 臺中市豐原區北陽里北陽路,晴,有照明未開啟或故障,市區道路,50,單路部分,直路,路段,一般車道(未劃分快慢車道),柏油,乾燥,無缺陷,無障礙物,無遮蔽物,良好,無號誌,無號誌,雙向禁止超車線,無標記,未繪設車道線,未繪設快慢車道分隔線,有,車與車,同向擦撞,駕駛者,未保持行車安全間隔,死亡0;受傷1,1,小貨車,自用,男,59,繫安全帶(使用幼童安全椅),未使用,車的狀態,超車(含超越),汽車,右側車身,汽車,右後車尾(身),駕駛者,未保持行車安全間隔,否,120.738790,24.248032
2024,8,20240802,093000,A2,臺中市政府警察局,臺中市豐原區北陽里北陽路 / 臺中市豐原區北陽里北陽路,晴,有照明未開啟或故障,市區道路,50,單路部分,直路,路段,一般車道(未劃分快慢車道),柏油,乾燥,無缺陷,無障礙物,無遮蔽物,良好,無號誌,無號誌,雙向禁止超車線,無標記,未繪設車道線,未繪設快慢車道分隔線,有,車與車,同向擦撞,駕駛者,未保持行車安全間隔,死亡0;受傷1,2,機車,普通重型,男,83,戴半罩式安全帽,未使用,車的狀態,向前直行中,機車與自行車,左側車身,,,無(車輛駕駛者因素),尚未發現肇事因素,否,120.738790,24.248032
2024,8,20240802,093200,A2,南投縣政府警察局,南投縣埔里鎮中正路66-10號前,晴,無照明,村里道路,50,單路部分,直路,路段,一般車道(未劃分快慢車道),柏油,乾燥,無缺陷,無障礙物,無遮蔽物,良好,無號誌,無號誌,雙向禁止超車線,無標記,未繪設車道線,未繪設快慢車道分隔線,有,人與車,其他,非駕駛者,未依標誌或標線穿越道路,死亡0;受傷1,1,人,輔助代步器材,男,93,其他(無需使用保護裝備之人),非駕駛人,人的狀態,其他,其他,無撞擊,,,非駕駛者,未依標誌或標線穿越道路,否,120.983484,23.938054
2024,8,20240802,093200,A2,南投縣政府警察局,南投縣埔里鎮中正路66-10號前,晴,無照明,村里道路,50,單路部分,直路,路段,一般車道(未劃分快慢車道),柏油,乾燥,無缺陷,無障礙物,無遮蔽物,良好,無號誌,無號誌,雙向禁止超車線,無標記,未繪設車道線,未繪設快慢車道分隔線,有,人與車,其他,非駕駛者,未依標誌或標線穿越道路,死亡0;受傷1,2,小貨車,自用,男,77,繫安全帶(使用幼童安全椅),未使用,車的狀態,急減速或急停止,汽車,右後車尾(身),,,駕駛者,未保持行車安全距離,否,120.983484,23.938054
2024,8,20240802,093200,A2,南投縣政府警察局,南投縣埔里鎮中正路66-10號前,晴,無照明,村里道路,50,單路部分,直路,路段,一般車道(未劃分快慢車道),柏油,乾燥,無缺陷,無障礙物,無遮蔽物,良好,無號誌,無號誌,雙向禁止超車線,無標記,未繪設車道線,未繪設快慢車道分隔線,有,人與車,其他,非駕駛者,未依標誌或標線穿越道路,死亡0;受傷1,3,機車,普通重型,女,44,戴非半罩式安全帽,未使用,車的狀態,向前直行中,機車與自行車,前車頭,,,駕駛者,未保持行車安全距離,否,120.983484,23.938054
2024,8,20240802,093500,A2,臺中市政府警察局,臺中市豐原區翁子里豐勢路二段396號前0.0公尺,晴,無照明,市區道路,50,單路部分,直路,路段,一般車道(未劃分快慢車道),柏油,乾燥,無缺陷,無障礙物,無遮蔽物,良好,行車管制號誌,正常,中央分向島,寬式(50公分以上),車道線(無標記),未繪設快慢車道分隔線,有,車與車,其他,駕駛者,未保持行車安全間隔,死亡0;受傷1,1,小貨車,自用,男,71,繫安全帶(使用幼童安全椅),未使用,車的狀態,向前直行中,汽車,右側車身,,,駕駛者,未保持行車安全間隔,否,120.744532,24.264536
2024,8,20240802,093500,A2,臺中市政府警察局,臺中市豐原區翁子里豐勢路二段396號前0.0公尺,晴,無照明,市區道路,50,單路部分,直路,路段,一般車道(未劃分快慢車道),柏油,乾燥,無缺陷,無障礙物,無遮蔽物,良好,行車管制號誌,正常,中央分向島,寬式(50公分以上),車道線(無標記),未繪設快慢車道分隔線,有,車與車,其他,駕駛者,未保持行車安全間隔,死亡0;受傷1,2,機車,普通重型,女,70,不明,未使用,車的狀態,向前直行中,其他,不明,,,駕駛者,未保持行車安全間隔,否,120.744532,24.264536
2024,8,20240802,093600,A2,臺北市政府警察局,臺北市大安區永康街 / 臺北市大安區信義路2段,晴,有照明未開啟或故障,市區道路,30,交岔路,四岔路,交叉路口,交叉路口內,柏油,乾燥,無缺陷,無障礙物,無遮蔽物,良好,無號誌,無號誌,無,無分向設施,未繪設車道線,未繪設快慢車道分隔線,無,車與車,路口交岔撞,駕駛者,無號誌路口，支線道未讓幹線道先行,死亡0;受傷1,1,小客車(含客、貨兩用),自用,男,68,不明,不明,車的狀態,向前直行中,汽車,左前車頭(身),,,駕駛者,無號誌路口，支線道未讓幹線道先行,否,121.530788,25.032967
2024,8,20240802,093600,A2,臺北市政府警察局,臺北市大安區永康街 / 臺北市大安區信義路2段,晴,有照明未開啟或故障,市區道路,30,交岔路,四岔路,交叉路口,交叉路口內,柏油,乾燥,無缺陷,無障礙物,無遮蔽物,良好,無號誌,無號誌,無,無分向設施,未繪設車道線,未繪設快慢車道分隔線,無,車與車,路口交岔撞,駕駛者,無號誌路口，支線道未讓幹線道先行,死亡0;受傷1,2,機車,普通重型,男,23,不明,不明,車的狀態,向前直行中,機車與自行車,前車頭,,,駕駛者,未依規定減速,否,121.530788,25.032967
2024,8,20240802,093800,A2,臺中市政府警察局,臺中市沙鹿區居仁里中山路270號前0.0公尺,晴,有照明未開啟或故障,市區道路,50,交岔路,多岔路,交叉路口,交叉口附近,柏油,乾燥,無缺陷,無障礙物,無遮蔽物,良好,行車管制號誌,正常,行車分向線,附標記,車道線(附標記),未繪設快慢車道分隔線,有,車與車,其他,駕駛者,未保持行車安全間隔,死亡0;受傷1,1,機車,普通重型,女,62,不明,不明,車的狀態,向前直行中,機車與自行車,左側車身,,,駕駛者,未保持行車安全間隔,否,120.560078,24.238064
2024,8,20240802,093800,A2,臺中市政府警察局,臺中市沙鹿區居仁里中山路270號前0.0公尺,晴,有照明未開啟或故障,市區道路,50,交岔路,多岔路,交叉路口,交叉口附近,柏油,乾燥,無缺陷,無障礙物,無遮蔽物,良好,行車管制號誌,正常,行車分向線,附標記,車道線(附標記),未繪設快慢車道分隔線,有,車與車,其他,駕駛者,未保持行車安全間隔,死亡0;受傷1,2,小客車(含客、貨兩用),自用,女,27,不明,不明,車的狀態,向前直行中,汽車,右側車身,,,無(車輛駕駛者因素),尚未發現肇事因素,否,120.560078,24.238064
2024,8,20240802,094500,A2,嘉義縣警察局,嘉義縣大埔鄉西興村台3線343.5公里,晴,無照明,村里道路,40,單路部分,直路,路段,一般車道(未劃分快慢車道),柏油,乾燥,無缺陷,其他障礙物,無遮蔽物,良好,無號誌,無號誌,雙向禁止超車線,附標記,未繪設車道線,未繪設快慢車道分隔線,無,車輛本身,其他,駕駛者,閃避不當(慎),死亡0;受傷1,1,小客車(含客、貨兩用),自用,男,71,繫安全帶(使用幼童安全椅),未使用,車的狀態,向前直行中,汽車,右前車頭(身),,,駕駛者,閃避不當(慎),否,120.582531,23.267488
2024,8,20240802,094500,A2,嘉義縣警察局,嘉義縣大埔鄉西興村台3線343.5公里,晴,無照明,村里道路,40,單路部分,直路,路段,一般車道(未劃分快慢車道),柏油,乾燥,無缺陷,其他障礙物,無遮蔽物,良好,無號誌,無號誌,雙向禁止超車線,附標記,未繪設車道線,未繪設快慢車道分隔線,無,車輛本身,其他,駕駛者,閃避不當(慎),死亡0;受傷1,2,,,無或物(動物、堆置物),-1,,,,,,,,,無(非車輛駕駛人因素),尚未發現肇事因素,否,120.582531,23.267488
2024,8,20240802,094500,A2,嘉義縣警察局,嘉義縣大埔鄉西興村台3線343.5公里,晴,無照明,村里道路,40,單路部分,直路,路段,一般車道(未劃分快慢車道),柏油,乾燥,無缺陷,其他障礙物,無遮蔽物,良好,無號誌,無號誌,雙向禁止超車線,附標記,未繪設車道線,未繪設快慢車道分隔線,無,車輛本身,其他,駕駛者,閃避不當(慎),死亡0;受傷1,3,人,乘客,女,80,繫安全帶(使用幼童安全椅),非駕駛人,人的狀態,其他,其他,非汽、機及自行車,,,無(非車輛駕駛人因素),尚未發現肇事因素,否,120.582531,23.267488
2024,8,20240802,094500,A2,臺中市政府警察局,臺中市北區賴厝里漢口路四段 / 臺中市北區賴厝里永興街,晴,有照明未開啟或故障,市區道路,50,交岔路,四岔路,交叉路口,交叉路口內,柏油,乾燥,無缺陷,無障礙物,無遮蔽物,良好,行車管制號誌,正常,雙向禁止超車線,無標記,車道線(無標記),未繪設快慢車道分隔線,無,車與車,其他,駕駛者,有號誌路口，轉彎車未讓直行車先行,死亡0;受傷1,1,小客車(含客、貨兩用),自用,男,65,不明,未使用,車的狀態,左轉彎,汽車,右後車尾(身),,,駕駛者,有號誌路口，轉彎車未讓直行車先行,否,120.682620,24.166952