發生年度,發生月份,發生日期,發生時間,事故類別名稱,處理單位名稱警局層,發生地點,天候名稱,光線名稱,道路類別-第1當事者-名稱,速限-第1當事者,道路型態大類別名稱,道路型態子類別名稱,事故位置大類別名稱,事故位置子類別名稱,路面狀況-路面鋪裝名稱,路面狀況-路面狀態名稱,路面狀況-路面缺陷名稱,道路障礙-障礙物名稱,道路障礙-視距品質名稱,道路障礙-視距名稱,號誌-號誌種類名稱,號誌-號誌動作名稱,車道劃分設施-分向設施大類別名稱,車道劃分設施-分向設施子類別名稱,車道劃分設施-分道設施-快車道或一般車道間名稱,車道劃分設施-分道設施-快慢車道間名稱,車道劃分設施-分道設施-路面邊線名稱,事故類型及型態大類別名稱,事故類型及型態子類別名稱,肇因研判大類別名稱-主要,肇因研判子類別名稱-主要,死亡受傷人數,當事者順位,當事者區分-類別-大類別名稱-車種,當事者區分-類別-子類別名稱-車種,當事者屬-性-別名稱,當事者事故發生時年齡,保護裝備名稱,行動電話或電腦或其他相類功能裝置名稱,當事者行動狀態大類別名稱,當事者行動狀態子類別名稱,車輛撞擊部位大類別名稱-最初,車輛撞擊部位子類別名稱-最初,車輛撞擊部位大類別名稱-其他,車輛撞擊部位子類別名稱-其他,肇因研判大類別名稱-個別,肇因研判子類別名稱-個別,肇事逃逸類別名稱-是否肇逃,經度,緯度
2024,8,20240802,094500,A2,臺中市政府警察局,臺中市北區賴厝里漢口路四段 / 臺中市北區賴厝里永興街,晴,有照明未開啟或故障,市區道路,50,交岔路,四岔路,交叉路口,交叉路口內,柏油,乾燥,無缺陷,無障礙物,無遮蔽物,良好,行車管制號誌,正常,雙向禁止超車線,無標記,車道線(無標記),未繪設快慢車道分隔線,無,車與車,其他,駕駛者,有號誌路口，轉彎車未讓直行車先行,死亡0;受傷1,2,機車,普通重型,女,22,不明,未使用,車的狀態,向前直行中,機車與自行車,前車頭,,,駕駛者,超速駕駛,否,120.682620,24.166952
2024,8,20240802,095400,A2,臺中市政府警察局,臺中市大里區仁化里工業八路 / 臺中市大里區仁化里鳳凰路,晴,有照明未開啟或故障,市區道路,50,交岔路,三岔路,交叉路口,交叉路口內,柏油,乾燥,無缺陷,無障礙物,無遮蔽物,良好,無號誌,無號誌,雙向禁止超車線,附標記,車道線(無標記),未繪設快慢車道分隔線,無,車與車,其他,駕駛者,無號誌路口，轉彎車未讓直行車先行,死亡0;受傷1,1,小貨車,自用,男,53,繫安全帶(使用幼童安全椅),未使用,車的狀態,左轉彎,汽車,左後車尾(身),,,駕駛者,無號誌路口，轉彎車未讓直行車先行,否,120.718428,24.096741
2024,8,20240802,095400,A2,臺中市政府警察局,臺中市大里區仁化里工業八路 / 臺中市大里區仁化里鳳凰路,晴,有照明未開啟或故障,市區道路,50,交岔路,三岔路,交叉路口,交叉路口內,柏油,乾燥,無缺陷,無障礙物,無遮蔽物,良好,無號誌,無號誌,雙向禁止超車線,附標記,車道線(無標記),未繪設快慢車道分隔線,無,車與車,其他,駕駛者,無號誌路口，轉彎車未讓直行車先行,死亡0;受傷1,2,機車,普通重型,男,20,戴半罩式安全帽,未使用,車的狀態,向前直行中,機車與自行車,前車頭,,,駕駛者,未依規定減速,否,120.718428,24.096741
2024,8,20240802,100900,A2,臺中市政府警察局,臺中市北屯區平德里崇德路二段17號前0.0公尺,晴,有照明未開啟或故障,市區道路,50,單路部分,直路,路段,一般車道(未劃分快慢車道),柏油,乾燥,無缺陷,無障礙物,無遮蔽物,良好,無號誌,無號誌,中央分向島,寬式(50公分以上),車道線(無標記),未繪設快慢車道分隔線,無,車與車,同向擦撞,駕駛者,起步時未注意安全,死亡0;受傷2,1,機車,普通重型,女,54,戴非半罩式安全帽,未使用,車的狀態,起步,機車與自行車,左側車身,,,駕駛者,起步時未注意安全,否,120.685057,24.168872
2024,8,20240802,100900,A2,臺中市政府警察局,臺中市北屯區平德里崇德路二段17號前0.0公尺,晴,有照明未開啟或故障,市區道路,50,單路部分,直路,路段,一般車道(未劃分快慢車道),柏油,乾燥,無缺陷,無障礙物,無遮蔽物,良好,無號誌,無號誌,中央分向島,寬式(50公分以上),車道線(無標記),未繪設快慢車道分隔線,無,車與車,同向擦撞,駕駛者,起步時未注意安全,死亡0;受傷2,2,機車,普通重型,女,60,戴非半罩式安全帽,未使用,車的狀態,向前直行中,機車與自行車,右側車身,機車與自行車,前車頭,無(車輛駕駛者因素),尚未發現肇事因素,否,120.685057,24.168872
2024,8,20240802,100900,A2,臺中市政府警察局,臺中市北屯區平德里崇德路二段17號前0.0公尺,晴,有照明未開啟或故障,市區道路,50,單路部分,直路,路段,一般車道(未劃分快慢車道),柏油,乾燥,無缺陷,無障礙物,無遮蔽物,良好,無號誌,無號誌,中央分向島,寬式(50公分以上),車道線(無標記),未繪設快慢車道分隔線,無,車與車,同向擦撞,駕駛者,起步時未注意安全,死亡0;受傷2,3,小客車(含客、貨兩用),自用,男,50,不明,不明,車的狀態,靜止(引擎熄火),汽車,後車尾,,,無(車輛駕駛者因素),尚未發現肇事因素,否,120.685057,24.168872
2024,8,20240802,101000,A2,臺北市政府警察局,臺北市中正區汀州路2段 / 臺北市中正區汀州路2段,晴,有照明未開啟或故障,市區道路,30,交岔路,四岔路,交叉路口,交叉路口內,柏油,乾燥,無缺陷,無障礙物,無遮蔽物,良好,無號誌,無號誌,行車分向線,附標記,車道線(無標記),未繪設快慢車道分隔線,有,車與車,側撞,駕駛者,左轉彎未依規定,死亡0;受傷2,1,機車,普通重型,女,73,戴非半罩式安全帽,未使用,車的狀態,左轉彎,機車與自行車,前車頭,,,駕駛者,左轉彎未依規定,否,121.522259,25.023780
2024,8,20240802,101000,A2,臺北市政府警察局,臺北市中正區汀州路2段 / 臺北市中正區汀州路2段,晴,有照明未開啟或故障,市區道路,30,交岔路,四岔路,交叉路口,交叉路口內,柏油,乾燥,無缺陷,無障礙物,無遮蔽物,良好,無號誌,無號誌,行車分向線,附標記,車道線(無標記),未繪設快慢車道分隔線,有,車與車,側撞,駕駛者,左轉彎未依規定,死亡0;受傷2,2,機車,普通重型,男,38,戴半罩式安全帽,未使用,車的狀態,向前直行中,機車與自行車,左側車身,,,無(車輛駕駛者因素),尚未發現肇事因素,否,121.522259,25.023780
2024,8,20240802,101035,A2,宜蘭縣政府警察局,宜蘭縣五結鄉隆昌路口 / 宜蘭縣五結鄉文德路口,晴,有照明且開啟,其他,30,交岔路,四岔路,交叉路口,交叉路口內,柏油,乾燥,無缺陷,無障礙物,無遮蔽物,良好,無號誌,無號誌,無,無分向設施,未繪設車道線,未繪設快慢車道分隔線,有,車與車,其他,駕駛者,恍神、緊張、心不在焉分心駕駛,死亡0;受傷1,1,機車,普通重型,男,76,戴半罩式安全帽,未使用,車的狀態,向前直行中,機車與自行車,前車頭,,,駕駛者,恍神、緊張、心不在焉分心駕駛,否,121.771758,24.690945
2024,8,20240802,101035,A2,宜蘭縣政府警察局,宜蘭縣五結鄉隆昌路口 / 宜蘭縣五結鄉文德路口,晴,有照明且開啟,其他,30,交岔路,四岔路,交叉路口,交叉路口內,柏油,乾燥,無缺陷,無障礙物,無遮蔽物,良好,無號誌,無號誌,無,無分向設施,未繪設車道線,未繪設快慢車道分隔線,有,車與車,其他,駕駛者,恍神、緊張、心不在焉分心駕駛,死亡0;受傷1,2,小客車(含客、貨兩用),自用,男,40,繫安全帶(使用幼童安全椅),未使用,車的狀態,向前直行中,汽車,左側車身,,,駕駛者,其他未依規定讓車,否,121.771758,24.690945
2024,8,20240802,101100,A2,彰化縣警察局,彰化縣伸港鄉溪底村文工七街口 / 彰化縣伸港鄉溪底村文工五街口,晴,有照明未開啟或故障,村里道路,20,交岔路,多岔路,交叉路口,交叉路口內,柏油,乾燥,無缺陷,無障礙物,無遮蔽物,良好,無號誌,無號誌,無,無分向設施,未繪設車道線,未繪設快慢車道分隔線,無,車與車,對撞,駕駛者,未依規定減速,死亡0;受傷1,1,小客車(含客、貨兩用),自用,男,23,不明,不明,車的狀態,向前直行中,汽車,右側車身,,,駕駛者,未依規定減速,否,120.506666,24.173834
2024,8,20240802,101100,A2,彰化縣警察局,彰化縣伸港鄉溪底村文工七街口 / 彰化縣伸港鄉溪底村文工五街口,晴,有照明未開啟或故障,村里道路,20,交岔路,多岔路,交叉路口,交叉路口內,柏油,乾燥,無缺陷,無障礙物,無遮蔽物,良好,無號誌,無號誌,無,無分向設施,未繪設車道線,未繪設快慢車道分隔線,無,車與車,對撞,駕駛者,未依規定減速,死亡0;受傷1,2,機車,普通重型,男,66,不明,不明,車的狀態,向前直行中,機車與自行車,前車頭,,,駕駛者,無號誌路口，左方車未讓右方車先行,否,120.506666,24.173834
2024,8,20240802,101500,A2,基隆市警察局,基隆市安樂區麥金路前0.0公尺,晴,有照明且開啟,市區道路,50,單路部分,直路,路段,一般車道(未劃分快慢車道),柏油,乾燥,無缺陷,無障礙物,無遮蔽物,良好,行車管制號誌,正常,行車分向線,附標記,車道線(附標記),未繪設快慢車道分隔線,無,車與車,側撞,駕駛者,迴轉未依規定,死亡0;受傷1,1,小客車(含客、貨兩用),自用,男,56,繫安全帶(使用幼童安全椅),未使用,車的狀態,迴轉或橫越道路中,汽車,左後車尾(身),,,駕駛者,迴轉未依規定,否,121.719513,25.125990
2024,8,20240802,101500,A2,基隆市警察局,基隆市安樂區麥金路前0.0公尺,晴,有照明且開啟,市區道路,50,單路部分,直路,路段,一般車道(未劃分快慢車道),柏油,乾燥,無缺陷,無障礙物,無遮蔽物,良好,行車管制號誌,正常,行車分向線,附標記,車道線(附標記),未繪設快慢車道分隔線,無,車與車,側撞,駕駛者,迴轉未依規定,死亡0;受傷1,2,機車,普通重型,男,30,戴半罩式安全帽,未使用,車的狀態,向前直行中,機車與自行車,右側車身,,,無(車輛駕駛者因素),尚未發現肇事因素,否,121.719513,25.125990
2024,8,20240802,101800,A2,臺北市政府警察局,臺北市松山區三民路 / 臺北市松山區三民路,晴,無照明,市區道路,50,交岔路,多岔路,交叉路口,交叉路口內,柏油,乾燥,無缺陷,無障礙物,無遮蔽物,良好,行車管制號誌,正常,中央分向島,寬式(50公分以上),車道線(無標記),未繪設快慢車道分隔線,無,車與車,其他,駕駛者,其他未依規定讓車,死亡0;受傷1,1,機車,普通重型,男,56,戴半罩式安全帽,未使用,車的狀態,向右變換車道,機車與自行車,左側車身,,,駕駛者,其他未依規定讓車,否,121.563478,25.057844
2024,8,20240802,101800,A2,臺北市政府警察局,臺北市松山區三民路 / 臺北市松山區三民路,晴,無照明,市區道路,50,交岔路,多岔路,交叉路口,交叉路口內,柏油,乾燥,無缺陷,無障礙物,無遮蔽物,良好,行車管制號誌,正常,中央分向島,寬式(50公分以上),車道線(無標記),未繪設快慢車道分隔線,無,車與車,其他,駕駛者,其他未依規定讓車,死亡0;受傷1,2,小客車(含客、貨兩用),自用,男,47,繫安全帶(使用幼童安全椅),未使用,車的狀態,向前直行中,汽車,右前車頭(身),,,無(車輛駕駛者因素),尚未發現肇事因素,否,121.563478,25.057844
2024,8,20240802,102000,A2,嘉義縣警察局,嘉義縣梅山鄉瑞峯村新興寮產業道路1.9公里外,晴,無照明,村里道路,30,單路部分,直路,路段,一般車道(未劃分快慢車道),柏油,泥濘,無缺陷,無障礙物,無遮蔽物,良好,無號誌,無號誌,無,無分向設施,未繪設車道線,未繪設快慢車道分隔線,無,車輛本身,路上翻車、摔倒,其他,其他不當駕車行為,死亡0;受傷2,1,機車,大型重型2(250-550C.C.),男,61,戴非半罩式安全帽,未使用,車的狀態,向前直行中,機車與自行車,前車頭,,,其他,其他不當駕車行為,否,120.669434,23.547368
2024,8,20240802,102000,A2,嘉義縣警察局,嘉義縣梅山鄉瑞峯村新興寮產業道路1.9公里外,晴,無照明,村里道路,30,單路部分,直路,路段,一般車道(未劃分快慢車道),柏油,泥濘,無缺陷,無障礙物,無遮蔽物,良好,無號誌,無號誌,無,無分向設施,未繪設車道線,未繪設快慢車道分隔線,無,車輛本身,路上翻車、摔倒,其他,其他不當駕車行為,死亡0;受傷2,2,,,無或物(動物、堆置物),-1,,,,,,,,,無(非車輛駕駛人因素),尚未發現肇事因素,否,120.669434,23.547368
2024,8,20240802,102000,A2,嘉義縣警察局,嘉義縣梅山鄉瑞峯村新興寮產業道路1.9公里外,晴,無照明,村里道路,30,單路部分,直路,路段,一般車道(未劃分快慢車道),柏油,泥濘,無缺陷,無障礙物,無遮蔽物,良好,無號誌,無號誌,無,無分向設施,未繪設車道線,未繪設快慢車道分隔線,無,車輛本身,路上翻車、摔倒,其他,其他不當駕車行為,死亡0;受傷2,3,人,乘客,女,62,戴非半罩式安全帽,非駕駛人,人的狀態,其他,其他,非汽、機及自行車,,,無(非車輛駕駛人因素),尚未發現肇事因素,否,120.669434,23.547368
2024,8,20240802,102000,A2,臺中市政府警察局,臺中市西屯區大福里中清路二段189巷48號前0.0公尺,晴,有照明未開啟或故障,市區道路,50,單路部分,直路,路段,一般車道(未劃分快慢車道),柏油,乾燥,無缺陷,無障礙物,無遮蔽物,良好,無號誌,無號誌,雙向禁止超車線,附標記,車道線(附標記),未繪設快慢車道分隔線,無,人與車,其他,其他,其他不當駕車行為,死亡0;受傷2,1,機車,普通重型,女,73,戴半罩式安全帽,未使用,車的狀態,向前直行中,機車與自行車,左側車身,,,其他,其他不當駕車行為,否,120.668400,24.177191
2024,8,20240802,102000,A2,臺中市政府警察局,臺中市西屯區大福里中清路二段189巷48號前0.0公尺,晴,有照明未開啟或故障,市區道路,50,單路部分,直路,路段,一般車道(未劃分快慢車道),柏油,乾燥,無缺陷,無障礙物,無遮蔽物,良好,無號誌,無號誌,雙向禁止超車線,附標記,車道線(附標記),未繪設快慢車道分隔線,無,人與車,其他,其他,其他不當駕車行為,死亡0;受傷2,2,人,行人,女,85,其他(無需使用保護裝備之人),非駕駛人,人的狀態,步行,其他,非汽、機及自行車,,,無(非車輛駕駛人因素),尚未發現肇事因素,否,120.668400,24.177191
2024,8,20240802,102005,A2,南投縣政府警察局,南投縣草屯鎮敦和里碧山南路176號,晴,有照明未開啟或故障,村里道路,50,單路部分,直路,路段,一般車道(未劃分快慢車道),柏油,乾燥,無缺陷,無障礙物,無遮蔽物,良好,無號誌,無號誌,雙向禁止超車線,無標記,車道線(無標記),未繪設快慢車道分隔線,有,車與車,追撞,其他,車輛或機械操作不當(慎),死亡0;受傷1,1,小貨車,自用,男,73,不明,未使用,車的狀態,向前直行中,汽車,前車頭,,,其他,車輛或機械操作不當(慎),否,120.676728,23.978252
2024,8,20240802,102005,A2,南投縣政府警察局,南投縣草屯鎮敦和里碧山南路176號,晴,有照明未開啟或故障,村里道路,50,單路部分,直路,路段,一般車道(未劃分快慢車道),柏油,乾燥,無缺陷,無障礙物,無遮蔽物,良好,無號誌,無號誌,雙向禁止超車線,無標記,車道線(無標記),未繪設快慢車道分隔線,有,車與車,追撞,其他,車輛或機械操作不當(慎),死亡0;受傷1,2,小客車(含客、貨兩用),自用,男,75,繫安全帶(使用幼童安全椅),未使用,車的狀態,等待(引擎未熄火),汽車,後車尾,,,無(車輛駕駛者因素),尚未發現肇事因素,否,120.676728,23.978252
2024,8,20240802,102600,A2,臺中市政府警察局,臺中市南屯區溝墘里大業路前0.0公尺,晴,無照明,市區道路,50,單路部分,直路,路段,快車道,柏油,乾燥,無缺陷,無障礙物,無遮蔽物,良好,行車管制號誌(附設行人專用號誌),正常,雙向禁止超車線,無標記,車道線(無標記),快慢車道分隔線,無,車與車,追撞,駕駛者,未保持行車安全距離,死亡0;受傷1,1,機車,普通重型,男,29,不明,不明,車的狀態,向前直行中,機車與自行車,前車頭,機車與自行車,右側車身,駕駛者,未保持行車安全距離,否,120.649773,24.153607
2024,8,20240802,102600,A2,臺中市政府警察局,臺中市南屯區溝墘里大業路前0.0公尺,晴,無照明,市區道路,50,單路部分,直路,路段,快車道,柏油,乾燥,無缺陷,無障礙物,無遮蔽物,良好,行車管制號誌(附設行人專用號誌),正常,雙向禁止超車線,無標記,車道線(無標記),快慢車道分隔線,無,車與車,追撞,駕駛者,未保持行車安全距離,死亡0;受傷1,2,小客車(含客、貨兩用),自用,女,45,不明,不明,車的狀態,等待(引擎未熄火),汽車,左後車尾(身),,,無(車輛駕駛者因素),尚未發現肇事因素,否,120.649773,24.153607
2024,8,20240802,102700,A2,臺中市政府警察局,臺中市大里區長榮里東榮路 / 臺中市大里區長榮里東榮路,晴,有照明未開啟或故障,市區道路,30,交岔路,四岔路,交叉路口,交叉路口內,柏油,乾燥,無缺陷,路上有停車,無遮蔽物,良好,行車管制號誌,正常,無,無分向設施,未繪設車道線,未繪設快慢車道分隔線,無,車與車,其他,其他,其他不當駕車行為,死亡0;受傷1,1,機車,普通重型,女,66,戴半罩式安全帽,未使用,車的狀態,向前直行中,機車與自行車,右側車身,,,其他,其他不當駕車行為,否,120.688661,24.110162
2024,8,20240802,102700,A2,臺中市政府警察局,臺中市大里區長榮里東榮路 / 臺中市大里區長榮里東榮路,晴,有照明未開啟或故障,市區道路,30,交岔路,四岔路,交叉路口,交叉路口內,柏油,乾燥,無缺陷,路上有停車,無遮蔽物,良好,行車管制號誌,正常,無,無分向設施,未繪設車道線,未繪設快慢車道分隔線,無,車與車,其他,其他,其他不當駕車行為,死亡0;受傷1,2,小貨車,租賃小貨車,男,29,未戴安全帽或未繫安全帶(未使用幼童安全椅),未使用,車的狀態,等待(引擎未熄火),汽車,後車尾,,,其他,違規(臨時)停車,否,120.688661,24.110162
2024,8,20240802,103000,A2,宜蘭縣政府警察局,宜蘭縣冬山鄉順安路口 / 宜蘭縣冬山鄉松樹路口,晴,有照明未開啟或故障,村里道路,50,交岔路,四岔路,交叉路口,交叉路口內,柏油,乾燥,無缺陷,無障礙物,無遮蔽物,良好,無號誌,無號誌,無,無分向設施,未繪設車道線,未繪設快慢車道分隔線,有,車與車,同向擦撞,駕駛者,左轉彎未依規定,死亡0;受傷2,1,機車,普通重型,女,72,戴半罩式安全帽,不明,車的狀態,左轉彎,機車與自行車,前車頭,,,駕駛者,左轉彎未依規定,否,121.754980,24.650929
2024,8,20240802,103000,A2,宜蘭縣政府警察局,宜蘭縣冬山鄉順安路口 / 宜蘭縣冬山鄉松樹路口,晴,有照明未開啟或故障,村里道路,50,交岔路,四岔路,交叉路口,交叉路口內,柏油,乾燥,無缺陷,無障礙物,無遮蔽物,良好,無號誌,無號誌,無,無分向設施,未繪設車道線,未繪設快慢車道分隔線,有,車與車,同向擦撞,駕駛者,左轉彎未依規定,死亡0;受傷2,2,機車,普通重型,女,34,戴半罩式安全帽,不明,車的狀態,向前直行中,機車與自行車,前車頭,,,無(車輛駕駛者因素),尚未發現肇事因素,否,121.754980,24.650929
2024,8,20240802,103000,A2,臺中市政府警察局,臺中市霧峰區吉峰里中正路 / 臺中市霧峰區吉峰里吉峰路,晴,有照明未開啟或故障,市區道路,50,交岔路,三岔路,交叉路口,交叉口附近,柏油,乾燥,無缺陷,無障礙物,無遮蔽物,良好,行車管制號誌,正常,行車分向線,無標記,車道線(無標記),快慢車道分隔線,有,車輛本身,其他,駕駛者,未保持行車安全距離,死亡0;受傷1,1,大客車,民營公車,男,48,繫安全帶(使用幼童安全椅),未使用,車的狀態,急減速或急停止,其他,不明,,,駕駛者,未保持行車安全距離,否,120.699959,24.075669
2024,8,20240802,103000,A2,臺中市政府警察局,臺中市霧峰區吉峰里中正路 / 臺中市霧峰區吉峰里吉峰路,晴,有照明未開啟或故障,市區道路,50,交岔路,三岔路,交叉路口,交叉口附近,柏油,乾燥,無缺陷,無障礙物,無遮蔽物,良好,行車管制號誌,正常,行車分向線,無標記,車道線(無標記),快慢車道分隔線,有,車輛本身,其他,駕駛者,未保持行車安全距離,死亡0;受傷1,2,,,無或物(動物、堆置物),0,,,,,,,,,無(非車輛駕駛人因素),尚未發現肇事因素,否,120.699959,24.075669
2024,8,20240802,103000,A2,臺中市政府警察局,臺中市霧峰區吉峰里中正路 / 臺中市霧峰區吉峰里吉峰路,晴,有照明未開啟或故障,市區道路,50,交岔路,三岔路,交叉路口,交叉口附近,柏油,乾燥,無缺陷,無障礙物,無遮蔽物,良好,行車管制號誌,正常,行車分向線,無標記,車道線(無標記),快慢車道分隔線,有,車輛本身,其他,駕駛者,未保持行車安全距離,死亡0;受傷1,3,人,乘客,女,74,不明,非駕駛人,不明,不明,其他,無撞擊,,,無(非車輛駕駛人因素),尚未發現肇事因素,否,120.699959,24.075669
2024,8,20240802,103500,A2,臺北市政府警察局,臺北市中山區民生西路 / 臺北市中山區中山北路2段,晴,有照明且開啟,市區道路,30,交岔路,四岔路,交叉路口,交叉口附近,柏油,乾燥,無缺陷,無障礙物,無遮蔽物,良好,無號誌,無號誌,無,無分向設施,未繪設車道線,未繪設快慢車道分隔線,無,車與車,側撞,駕駛者,無號誌路口，轉彎車未讓直行車先行,死亡0;受傷1,1,機車,普通重型,女,69,不明,不明,車的狀態,右轉彎,機車與自行車,左側車身,,,駕駛者,無號誌路口，轉彎車未讓直行車先行,否,121.521834,25.059835
2024,8,20240802,103500,A2,臺北市政府警察局,臺北市中山區民生西路 / 臺北市中山區中山北路2段,晴,有照明且開啟,市區道路,30,交岔路,四岔路,交叉路口,交叉口附近,柏油,乾燥,無缺陷,無障礙物,無遮蔽物,良好,無號誌,無號誌,無,無分向設施,未繪設車道線,未繪設快慢車道分隔線,無,車與車,側撞,駕駛者,無號誌路口，轉彎車未讓直行車先行,死亡0;受傷1,2,小客車(含客、貨兩用),自用,男,63,不明,不明,車的狀態,向前直行中,汽車,右側車身,,,無(車輛駕駛者因素),尚未發現肇事因素,否,121.521834,25.059835
2024,8,20240802,103524,A2,新竹縣政府警察局,新竹縣竹北市十興路267號附近,晴,有照明未開啟或故障,市區道路,50,單路部分,直路,路段,一般車道(未劃分快慢車道),柏油,乾燥,無缺陷,無障礙物,無遮蔽物,良好,無號誌,無號誌,雙向禁止超車線,無標記,未繪設車道線,未繪設快慢車道分隔線,有,車與車,側撞,駕駛者,其他未依規定讓車,死亡0;受傷1,1,小客車(含客、貨兩用),自用,男,35,繫安全帶(使用幼童安全椅),未使用,車的狀態,左轉彎,汽車,右前車頭(身),,,駕駛者,其他未依規定讓車,否,121.025752,24.831012
2024,8,20240802,103524,A2,新竹縣政府警察局,新竹縣竹北市十興路267號附近,晴,有照明未開啟或故障,市區道路,50,單路部分,直路,路段,一般車道(未劃分快慢車道),柏油,乾燥,無缺陷,無障礙物,無遮蔽物,良好,無號誌,無號誌,雙向禁止超車線,無標記,未繪設車道線,未繪設快慢車道分隔線,有,車與車,側撞,駕駛者,其他未依規定讓車,死亡0;受傷1,2,機車,普通重型,男,25,戴非半罩式安全帽,未使用,車的狀態,向前直行中,機車與自行車,前車頭,,,駕駛者,恍神、緊張、心不在焉分心駕駛,否,121.025752,24.831012
2024,8,20240802,103600,A2,臺中市政府警察局,臺中市北區新北里雙十路二段前0.0公尺,晴,有照明未開啟或故障,市區道路,50,單路部分,直路,路段,一般車道(未劃分快慢車道),柏油,乾燥,無缺陷,無障礙物,無遮蔽物,良好,無號誌,無號誌,雙向禁止超車線,無標記,車道線(無標記),未繪設快慢車道分隔線,無,車與車,追撞,駕駛者,恍神、緊張、心不在焉分心駕駛,死亡0;受傷1,1,小客車(含客、貨兩用),自用,女,46,不明,不明,車的狀態,向前直行中,汽車,右前車頭(身),,,駕駛者,恍神、緊張、心不在焉分心駕駛,否,120.687463,24.149602
2024,8,20240802,103600,A2,臺中市政府警察局,臺中市北區新北里雙十路二段前0.0公尺,晴,有照明未開啟或故障,市區道路,50,單路部分,直路,路段,一般車道(未劃分快慢車道),柏油,乾燥,無缺陷,無障礙物,無遮蔽物,良好,無號誌,無號誌,雙向禁止超車線,無標記,車道線(無標記),未繪設快慢車道分隔線,無,車與車,追撞,駕駛者,恍神、緊張、心不在焉分心駕駛,死亡0;受傷1,2,大客車,民營客運,男,38,不明,不明,車的狀態,等待(引擎未熄火),汽車,左後車尾(身),,,其他,違規(臨時)停車,否,120.687463,24.149602
2024,8,20240802,103800,A2,臺中市政府警察局,臺中市潭子區聚興里潭興路一段 / 臺中市潭子區聚興里旱溪東路六段,晴,有照明未開啟或故障,市區道路,50,交岔路,四岔路,交叉路口,交叉路口內,柏油,乾燥,無缺陷,無障礙物,無遮蔽物,良好,行車管制號誌,正常,雙向禁止超車線,無標記,未繪設車道線,未繪設快慢車道分隔線,有,車與車,側撞,駕駛者,未保持行車安全距離,死亡0;受傷1,1,機車,普通重型,男,19,戴非半罩式安全帽,未使用,車的狀態,向前直行中,機車與自行車,前車頭,,,駕駛者,未保持行車安全距離,否,120.716334,24.204387
2024,8,20240802,103800,A2,臺中市政府警察局,臺中市潭子區聚興里潭興路一段 / 臺中市潭子區聚興里旱溪東路六段,晴,有照明未開啟或故障,市區道路,50,交岔路,四岔路,交叉路口,交叉路口內,柏油,乾燥,無缺陷,無障礙物,無遮蔽物,良好,行車管制號誌,正常,雙向禁止超車線,無標記,未繪設車道線,未繪設快慢車道分隔線,有,車與車,側撞,駕駛者,未保持行車安全距離,死亡0;受傷1,2,小貨車,自用,男,58,繫安全帶(使用幼童安全椅),未使用,車的狀態,右轉彎,汽車,右側車身,,,燈光,未依規定使用燈光,否,120.716334,24.204387
2024,8,20240802,104100,A2,臺北市政府警察局,臺北市南港區南港路3段 / 臺北市南港區昆陽街,晴,有照明未開啟或故障,市區道路,50,交岔路,三岔路,交叉路口,交叉路口內,柏油,乾燥,無缺陷,無障礙物,無遮蔽物,良好,行車管制號誌(附設行人專用號誌),正常,雙向禁止超車線,無標記,車道線(無標記),未繪設快慢車道分隔線,無,車與車,側撞,駕駛者,左轉彎未依規定,死亡0;受傷1,1,小客車(含客、貨兩用),自用,男,33,繫安全帶(使用幼童安全椅),未使用,車的狀態,左轉彎,汽車,右側車身,,,駕駛者,左轉彎未依規定,否,121.592365,25.054177
2024,8,20240802,104100,A2,臺北市政府警察局,臺北市南港區南港路3段 / 臺北市南港區昆陽街,晴,有照明未開啟或故障,市區道路,50,交岔路,三岔路,交叉路口,交叉路口內,柏油,乾燥,無缺陷,無障礙物,無遮蔽物,良好,行車管制號誌(附設行人專用號誌),正常,雙向禁止超車線,無標記,車道線(無標記),未繪設快慢車道分隔線,無,車與車,側撞,駕駛者,左轉彎未依規定,死亡0;受傷1,2,機車,普通重型,女,23,戴半罩式安全帽,不明,車的狀態,向前直行中,機車與自行車,前車頭,,,無(車輛駕駛者因素),尚未發現肇事因素,否,121.592365,25.054177
2024,8,20240802,104300,A2,嘉義縣警察局,嘉義縣太保市過溝里三合路703號,晴,有照明未開啟或故障,村里道路,50,單路部分,直路,路段,一般車道(未劃分快慢車道),柏油,乾燥,無缺陷,無障礙物,無遮蔽物,良好,無號誌,無號誌,行車分向線,無標記,未繪設車道線,未繪設快慢車道分隔線,有,車與車,其他,駕駛者,起步時未注意安全,死亡0;受傷1,1,小客車(含客、貨兩用),自用,男,18,繫安全帶(使用幼童安全椅),未使用,車的狀態,起步,汽車,左前車頭(身),,,駕駛者,起步時未注意安全,否,120.362573,23.498426
2024,8,20240802,104300,A2,嘉義縣警察局,嘉義縣太保市過溝里三合路703號,晴,有照明未開啟或故障,村里道路,50,單路部分,直路,路段,一般車道(未劃分快慢車道),柏油,乾燥,無缺陷,無障礙物,無遮蔽物,良好,無號誌,無號誌,行車分向線,無標記,未繪設車道線,未繪設快慢車道分隔線,有,車與車,其他,駕駛者,起步時未注意安全,死亡0;受傷1,2,機車,普通重型,男,74,不明,不明,車的狀態,向前直行中,機車與自行車,右側車身,,,其他,其他不當駕車行為,否,120.362573,23.498426