發生年度,發生月份,發生日期,發生時間,事故類別名稱,處理單位名稱警局層,發生地點,天候名稱,光線名稱,道路類別-第1當事者-名稱,速限-第1當事者,道路型態大類別名稱,道路型態子類別名稱,事故位置大類別名稱,事故位置子類別名稱,路面狀況-路面鋪裝名稱,路面狀況-路面狀態名稱,路面狀況-路面缺陷名稱,道路障礙-障礙物名稱,道路障礙-視距品質名稱,道路障礙-視距名稱,號誌-號誌種類名稱,號誌-號誌動作名稱,車道劃分設施-分向設施大類別名稱,車道劃分設施-分向設施子類別名稱,車道劃分設施-分道設施-快車道或一般車道間名稱,車道劃分設施-分道設施-快慢車道間名稱,車道劃分設施-分道設施-路面邊線名稱,事故類型及型態大類別名稱,事故類型及型態子類別名稱,肇因研判大類別名稱-主要,肇因研判子類別名稱-主要,死亡受傷人數,當事者順位,當事者區分-類別-大類別名稱-車種,當事者區分-類別-子類別名稱-車種,當事者屬-性-別名稱,當事者事故發生時年齡,保護裝備名稱,行動電話或電腦或其他相類功能裝置名稱,當事者行動狀態大類別名稱,當事者行動狀態子類別名稱,車輛撞擊部位大類別名稱-最初,車輛撞擊部位子類別名稱-最初,車輛撞擊部位大類別名稱-其他,車輛撞擊部位子類別名稱-其他,肇因研判大類別名稱-個別,肇因研判子類別名稱-個別,肇事逃逸類別名稱-是否肇逃,經度,緯度
2024,8,20240802,104500,A2,苗栗縣警察局,苗栗縣苗栗市勝利里金龍街口 / 苗栗縣苗栗市復興路1段,晴,有照明未開啟或故障,市區道路,50,交岔路,四岔路,交叉路口,交叉路口內,柏油,乾燥,無缺陷,無障礙物,無遮蔽物,良好,閃光號誌,正常,無,無分向設施,未繪設車道線,未繪設快慢車道分隔線,有,車與車,路口交岔撞,駕駛者,違反閃光號誌,死亡0;受傷1,1,機車,普通輕型,女,63,不明,不明,車的狀態,向前直行中,機車與自行車,前車頭,,,駕駛者,違反閃光號誌,否,120.820098,24.541852
2024,8,20240802,104500,A2,苗栗縣警察局,苗栗縣苗栗市勝利里金龍街口 / 苗栗縣苗栗市復興路1段,晴,有照明未開啟或故障,市區道路,50,交岔路,四岔路,交叉路口,交叉路口內,柏油,乾燥,無缺陷,無障礙物,無遮蔽物,良好,閃光號誌,正常,無,無分向設施,未繪設車道線,未繪設快慢車道分隔線,有,車與車,路口交岔撞,駕駛者,違反閃光號誌,死亡0;受傷1,2,小客車(含客、貨兩用),自用,女,42,不明,不明,車的狀態,向前直行中,汽車,右後車尾(身),,,駕駛者,未依規定減速,否,120.820098,24.541852
2024,8,20240802,104500,A2,臺北市政府警察局,臺北市信義區信安街67巷81號前0.0公尺,晴,有照明未開啟或故障,市區道路,50,單路部分,直路,路段,慢車道,柏油,乾燥,無缺陷,無障礙物,無遮蔽物,良好,無號誌,無號誌,行車分向線,無標記,車道線(無標記),快慢車道分隔線,無,車與車,其他,駕駛者,其他未依規定讓車,死亡0;受傷1,1,小客車(含客、貨兩用),自用,男,55,繫安全帶(使用幼童安全椅),未使用,車的狀態,左轉彎,汽車,右前車頭(身),,,駕駛者,其他未依規定讓車,否,121.560236,25.025896
2024,8,20240802,104500,A2,臺北市政府警察局,臺北市信義區信安街67巷81號前0.0公尺,晴,有照明未開啟或故障,市區道路,50,單路部分,直路,路段,慢車道,柏油,乾燥,無缺陷,無障礙物,無遮蔽物,良好,無號誌,無號誌,行車分向線,無標記,車道線(無標記),快慢車道分隔線,無,車與車,其他,駕駛者,其他未依規定讓車,死亡0;受傷1,2,慢車,微型電動二輪車,女,61,戴半罩式安全帽,未使用,車的狀態,向前直行中,機車與自行車,前車頭,,,無(車輛駕駛者因素),尚未發現肇事因素,否,121.560236,25.025896
2024,8,20240802,105400,A2,臺中市政府警察局,臺中市南屯區大誠里五權西路二段8號前0.0公尺,晴,有照明未開啟或故障,市區道路,50,單路部分,直路,路段,一般車道(未劃分快慢車道),柏油,乾燥,無缺陷,無障礙物,無遮蔽物,良好,無號誌,無號誌,行車分向線,無標記,未繪設車道線,未繪設快慢車道分隔線,無,車與車,其他,駕駛者,恍神、緊張、心不在焉分心駕駛,死亡0;受傷1,1,機車,普通重型,女,33,戴半罩式安全帽,未使用,車的狀態,向前直行中,機車與自行車,前車頭,,,駕駛者,恍神、緊張、心不在焉分心駕駛,否,120.654208,24.140215
2024,8,20240802,105400,A2,臺中市政府警察局,臺中市南屯區大誠里五權西路二段8號前0.0公尺,晴,有照明未開啟或故障,市區道路,50,單路部分,直路,路段,一般車道(未劃分快慢車道),柏油,乾燥,無缺陷,無障礙物,無遮蔽物,良好,無號誌,無號誌,行車分向線,無標記,未繪設車道線,未繪設快慢車道分隔線,無,車與車,其他,駕駛者,恍神、緊張、心不在焉分心駕駛,死亡0;受傷1,2,小客車(含客、貨兩用),自用,男,28,繫安全帶(使用幼童安全椅),未使用,車的狀態,向前直行中,汽車,右後車尾(身),,,無(車輛駕駛者因素),尚未發現肇事因素,否,120.654208,24.140215
2024,8,20240802,105500,A2,臺中市政府警察局,臺中市北區大湖里中華路二段 / 臺中市北區大湖里大湖街,晴,有照明未開啟或故障,市區道路,50,交岔路,四岔路,路段,快車道,柏油,乾燥,無缺陷,無障礙物,無遮蔽物,良好,無號誌,無號誌,雙向禁止超車線,無標記,車道線(無標記),快慢車道分隔線,無,車與車,追撞,駕駛者,未保持行車安全距離,死亡0;受傷1,1,小客車(含客、貨兩用),計程車,男,58,繫安全帶(使用幼童安全椅),未使用,車的狀態,向前直行中,汽車,前車頭,,,駕駛者,未保持行車安全距離,否,120.680179,24.148550
2024,8,20240802,105500,A2,臺中市政府警察局,臺中市北區大湖里中華路二段 / 臺中市北區大湖里大湖街,晴,有照明未開啟或故障,市區道路,50,交岔路,四岔路,路段,快車道,柏油,乾燥,無缺陷,無障礙物,無遮蔽物,良好,無號誌,無號誌,雙向禁止超車線,無標記,車道線(無標記),快慢車道分隔線,無,車與車,追撞,駕駛者,未保持行車安全距離,死亡0;受傷1,2,機車,普通重型,女,54,戴非半罩式安全帽,未使用,車的狀態,向前直行中,機車與自行車,後車尾,,,無(車輛駕駛者因素),尚未發現肇事因素,否,120.680179,24.148550
2024,8,20240802,110300,A2,臺北市政府警察局,臺北市士林區通河東街2段 / 臺北市士林區通河東街2段,晴,有照明且開啟,市區道路,30,交岔路,四岔路,交叉路口,交叉路口內,柏油,乾燥,無缺陷,無障礙物,無遮蔽物,良好,無號誌,無號誌,無,無分向設施,未繪設車道線,未繪設快慢車道分隔線,無,車與車,路口交岔撞,駕駛者,無號誌路口，支線道未讓幹線道先行,死亡0;受傷1,1,機車,普通重型,女,55,戴非半罩式安全帽,未使用,車的狀態,向前直行中,機車與自行車,前車頭,,,駕駛者,無號誌路口，支線道未讓幹線道先行,否,121.514869,25.092509
2024,8,20240802,110300,A2,臺北市政府警察局,臺北市士林區通河東街2段 / 臺北市士林區通河東街2段,晴,有照明且開啟,市區道路,30,交岔路,四岔路,交叉路口,交叉路口內,柏油,乾燥,無缺陷,無障礙物,無遮蔽物,良好,無號誌,無號誌,無,無分向設施,未繪設車道線,未繪設快慢車道分隔線,無,車與車,路口交岔撞,駕駛者,無號誌路口，支線道未讓幹線道先行,死亡0;受傷1,2,小客車(含客、貨兩用),自用,男,38,繫安全帶(使用幼童安全椅),未使用,車的狀態,向前直行中,汽車,左側車身,,,無(車輛駕駛者因素),尚未發現肇事因素,否,121.514869,25.092509
2024,8,20240802,110400,A2,臺北市政府警察局,臺北市南港區中坡南路 / 臺北市南港區玉成街,晴,有照明未開啟或故障,市區道路,40,交岔路,三岔路,交叉路口,交叉路口內,柏油,乾燥,無缺陷,無障礙物,無遮蔽物,良好,無號誌,無號誌,行車分向線,附標記,車道線(附標記),快慢車道分隔線,無,車與車,其他,駕駛者,左轉彎未依規定,死亡0;受傷2,1,慢車,腳踏自行車,男,75,不明,不明,車的狀態,左轉彎,機車與自行車,右側車身,,,駕駛者,左轉彎未依規定,否,121.582446,25.043815
2024,8,20240802,110400,A2,臺北市政府警察局,臺北市南港區中坡南路 / 臺北市南港區玉成街,晴,有照明未開啟或故障,市區道路,40,交岔路,三岔路,交叉路口,交叉路口內,柏油,乾燥,無缺陷,無障礙物,無遮蔽物,良好,無號誌,無號誌,行車分向線,附標記,車道線(附標記),快慢車道分隔線,無,車與車,其他,駕駛者,左轉彎未依規定,死亡0;受傷2,2,機車,普通重型,男,21,不明,不明,車的狀態,向前直行中,機車與自行車,前車頭,,,無(車輛駕駛者因素),尚未發現肇事因素,否,121.582446,25.043815
2024,8,20240802,110500,A2,彰化縣警察局,彰化縣和美鎮中圍里彰新路三段628號前0.0公尺口,晴,有照明未開啟或故障,村里道路,50,交岔路,四岔路,交叉路口,交叉口附近,柏油,乾燥,無缺陷,無障礙物,無遮蔽物,良好,行車管制號誌,正常,行車分向線,無標記,車道線(無標記),未繪設快慢車道分隔線,有,車輛本身,路上翻車、摔倒,駕駛者,恍神、緊張、心不在焉分心駕駛,死亡0;受傷1,1,慢車,腳踏自行車,男,72,未戴安全帽或未繫安全帶(未使用幼童安全椅),未使用,車的狀態,停車操作中,其他,無撞擊,,,駕駛者,恍神、緊張、心不在焉分心駕駛,否,120.527868,24.116892
2024,8,20240802,110500,A2,彰化縣警察局,彰化縣和美鎮中圍里彰新路三段628號前0.0公尺口,晴,有照明未開啟或故障,村里道路,50,交岔路,四岔路,交叉路口,交叉口附近,柏油,乾燥,無缺陷,無障礙物,無遮蔽物,良好,行車管制號誌,正常,行車分向線,無標記,車道線(無標記),未繪設快慢車道分隔線,有,車輛本身,路上翻車、摔倒,駕駛者,恍神、緊張、心不在焉分心駕駛,死亡0;受傷1,2,,,無或物(動物、堆置物),-1,,,,,,,,,無(非車輛駕駛人因素),尚未發現肇事因素,否,120.527868,24.116892
2024,8,20240802,110500,A2,臺中市政府警察局,臺中市南屯區惠中里大進街前0.0公尺,晴,有照明未開啟或故障,市區道路,50,單路部分,直路,路段,一般車道(未劃分快慢車道),柏油,乾燥,無缺陷,無障礙物,無遮蔽物,良好,無號誌,無號誌,雙向禁止超車線,無標記,未繪設車道線,未繪設快慢車道分隔線,無,車與車,其他,駕駛者,違規超車,死亡0;受傷1,1,機車,普通重型,男,59,戴非半罩式安全帽,未使用,車的狀態,向前直行中,機車與自行車,後車尾,,,駕駛者,違規超車,否,120.651356,24.148727
2024,8,20240802,110500,A2,臺中市政府警察局,臺中市南屯區惠中里大進街前0.0公尺,晴,有照明未開啟或故障,市區道路,50,單路部分,直路,路段,一般車道(未劃分快慢車道),柏油,乾燥,無缺陷,無障礙物,無遮蔽物,良好,無號誌,無號誌,雙向禁止超車線,無標記,未繪設車道線,未繪設快慢車道分隔線,無,車與車,其他,駕駛者,違規超車,死亡0;受傷1,2,機車,大型重型1(550C.C.以上),男,22,戴非半罩式安全帽,未使用,車的狀態,向前直行中,機車與自行車,前車頭,,,無(車輛駕駛者因素),尚未發現肇事因素,否,120.651356,24.148727
2024,8,20240802,111200,A2,彰化縣警察局,彰化縣彰化市東興里東民街61巷口,晴,無照明,市區道路,50,交岔路,四岔路,交叉路口,交叉路口內,柏油,乾燥,無缺陷,無障礙物,無遮蔽物,良好,無號誌,無號誌,雙向禁止超車線,無標記,未繪設車道線,未繪設快慢車道分隔線,有,車與車,側撞,駕駛者,其他未依規定讓車,死亡0;受傷2,1,機車,普通重型,女,52,戴非半罩式安全帽,未使用,車的狀態,左轉彎,機車與自行車,左側車身,,,駕駛者,其他未依規定讓車,否,120.545629,24.076255
2024,8,20240802,111200,A2,彰化縣警察局,彰化縣彰化市東興里東民街61巷口,晴,無照明,市區道路,50,交岔路,四岔路,交叉路口,交叉路口內,柏油,乾燥,無缺陷,無障礙物,無遮蔽物,良好,無號誌,無號誌,雙向禁止超車線,無標記,未繪設車道線,未繪設快慢車道分隔線,有,車與車,側撞,駕駛者,其他未依規定讓車,死亡0;受傷2,2,機車,普通重型,女,29,戴非半罩式安全帽,未使用,車的狀態,向前直行中,機車與自行車,右側車身,,,駕駛者,未依規定減速,否,120.545629,24.076255
2024,8,20240802,111200,A2,臺中市政府警察局,臺中市北屯區后庄里中清路二段988號前0.0公尺,晴,無照明,市區道路,40,單路部分,直路,路段,慢車道,柏油,乾燥,無缺陷,無障礙物,無遮蔽物,良好,無號誌,無號誌,中央分向島,寬式(50公分以上),車道線(無標記),快慢車道分隔線,無,車與車,追撞,駕駛者,未保持行車安全距離,死亡0;受傷2,1,機車,普通重型,女,33,不明,不明,車的狀態,向前直行中,機車與自行車,前車頭,,,駕駛者,未保持行車安全距離,否,120.662087,24.189232
2024,8,20240802,111200,A2,臺中市政府警察局,臺中市北屯區后庄里中清路二段988號前0.0公尺,晴,無照明,市區道路,40,單路部分,直路,路段,慢車道,柏油,乾燥,無缺陷,無障礙物,無遮蔽物,良好,無號誌,無號誌,中央分向島,寬式(50公分以上),車道線(無標記),快慢車道分隔線,無,車與車,追撞,駕駛者,未保持行車安全距離,死亡0;受傷2,2,機車,普通重型,女,51,不明,不明,車的狀態,向前直行中,機車與自行車,後車尾,,,無(車輛駕駛者因素),尚未發現肇事因素,否,120.662087,24.189232
2024,8,20240802,111413,A2,嘉義縣警察局,嘉義縣大林鎮明華里中正路與祥和路路口,晴,無照明,村里道路,0,交岔路,四岔路,交叉路口,交叉路口內,柏油,乾燥,無缺陷,無障礙物,無遮蔽物,良好,行車管制號誌,正常,無,無分向設施,未繪設車道線,未繪設快慢車道分隔線,無,車與車,側撞,駕駛者,違反其他標誌(線)禁制,死亡0;受傷1,1,機車,普通重型,女,70,戴半罩式安全帽,未使用,車的狀態,向前直行中,機車與自行車,左側車身,,,駕駛者,違反其他標誌(線)禁制,否,120.449564,23.598724
2024,8,20240802,111413,A2,嘉義縣警察局,嘉義縣大林鎮明華里中正路與祥和路路口,晴,無照明,村里道路,0,交岔路,四岔路,交叉路口,交叉路口內,柏油,乾燥,無缺陷,無障礙物,無遮蔽物,良好,行車管制號誌,正常,無,無分向設施,未繪設車道線,未繪設快慢車道分隔線,無,車與車,側撞,駕駛者,違反其他標誌(線)禁制,死亡0;受傷1,2,機車,普通重型,女,35,戴半罩式安全帽,未使用,車的狀態,右轉彎,機車與自行車,右側車身,,,無(車輛駕駛者因素),尚未發現肇事因素,否,120.449564,23.598724
2024,8,20240802,112000,A2,臺北市政府警察局,臺北市北投區榮華三路 / 臺北市北投區榮華三路,晴,有照明未開啟或故障,市區道路,30,交岔路,四岔路,交叉路口,交叉路口內,柏油,乾燥,無缺陷,無障礙物,無遮蔽物,良好,無號誌,無號誌,行車分向線,無標記,未繪設車道線,未繪設快慢車道分隔線,有,車與車,路口交岔撞,駕駛者,無號誌路口，左方車未讓右方車先行,死亡0;受傷1,1,機車,普通重型,男,75,戴半罩式安全帽,未使用,車的狀態,向前直行中,機車與自行車,前車頭,,,駕駛者,無號誌路口，左方車未讓右方車先行,否,121.520688,25.114061
2024,8,20240802,112000,A2,臺北市政府警察局,臺北市北投區榮華三路 / 臺北市北投區榮華三路,晴,有照明未開啟或故障,市區道路,30,交岔路,四岔路,交叉路口,交叉路口內,柏油,乾燥,無缺陷,無障礙物,無遮蔽物,良好,無號誌,無號誌,行車分向線,無標記,未繪設車道線,未繪設快慢車道分隔線,有,車與車,路口交岔撞,駕駛者,無號誌路口，左方車未讓右方車先行,死亡0;受傷1,2,小客車(含客、貨兩用),自用,男,30,繫安全帶(使用幼童安全椅),未使用,車的狀態,向前直行中,汽車,左側車身,,,無(車輛駕駛者因素),尚未發現肇事因素,否,121.520688,25.114061
2024,8,20240802,112100,A2,臺中市政府警察局,臺中市北屯區舊社里敦富路 / 臺中市北屯區舊社里松竹路一段,晴,無照明,市區道路,50,交岔路,四岔路,交叉路口,交叉口附近,柏油,乾燥,無缺陷,無障礙物,無遮蔽物,良好,行車管制號誌,正常,雙向禁止超車線,無標記,車道線(無標記),未繪設快慢車道分隔線,無,車與車,其他,駕駛者,未保持行車安全距離,死亡0;受傷1,1,小客車(含客、貨兩用),自用,男,64,繫安全帶(使用幼童安全椅),未使用,車的狀態,右轉彎,汽車,右前車頭(身),,,駕駛者,未保持行車安全距離,否,120.707740,24.182337
2024,8,20240802,112100,A2,臺中市政府警察局,臺中市北屯區舊社里敦富路 / 臺中市北屯區舊社里松竹路一段,晴,無照明,市區道路,50,交岔路,四岔路,交叉路口,交叉口附近,柏油,乾燥,無缺陷,無障礙物,無遮蔽物,良好,行車管制號誌,正常,雙向禁止超車線,無標記,車道線(無標記),未繪設快慢車道分隔線,無,車與車,其他,駕駛者,未保持行車安全距離,死亡0;受傷1,2,機車,普通重型,男,40,戴半罩式安全帽,未使用,車的狀態,向前直行中,機車與自行車,後車尾,,,無(車輛駕駛者因素),尚未發現肇事因素,否,120.707740,24.182337
2024,8,20240802,112400,A2,臺北市政府警察局,臺北市大同區歸綏街291號前0.0公尺,晴,有照明未開啟或故障,市區道路,30,單路部分,直路,路段,一般車道(未劃分快慢車道),柏油,乾燥,無缺陷,無障礙物,無遮蔽物,良好,無號誌,無號誌,行車分向線,無標記,車道線(無標記),未繪設快慢車道分隔線,無,車與車,其他,駕駛者,方向不定(不包括危險駕車),死亡0;受傷2,1,機車,普通重型,男,29,戴半罩式安全帽,未使用,車的狀態,其他,機車與自行車,右側車身,,,駕駛者,方向不定(不包括危險駕車),否,121.509240,25.058145
2024,8,20240802,112400,A2,臺北市政府警察局,臺北市大同區歸綏街291號前0.0公尺,晴,有照明未開啟或故障,市區道路,30,單路部分,直路,路段,一般車道(未劃分快慢車道),柏油,乾燥,無缺陷,無障礙物,無遮蔽物,良好,無號誌,無號誌,行車分向線,無標記,車道線(無標記),未繪設快慢車道分隔線,無,車與車,其他,駕駛者,方向不定(不包括危險駕車),死亡0;受傷2,2,機車,大型重型2(250-550C.C.),男,47,戴半罩式安全帽,未使用,車的狀態,向前直行中,機車與自行車,前車頭,,,無(車輛駕駛者因素),尚未發現肇事因素,否,121.509240,25.058145
2024,8,20240802,112500,A2,臺中市政府警察局,臺中市潭子區聚興里豐興路一段256號前0.0公尺,晴,有照明未開啟或故障,市區道路,50,單路部分,直路,路段,快車道,柏油,乾燥,無缺陷,無障礙物,無遮蔽物,良好,無號誌,無號誌,雙向禁止超車線,無標記,車道線(無標記),快慢車道分隔線,無,車與車,其他,駕駛者,起步時未注意安全,死亡0;受傷1,1,機車,普通重型,女,57,戴非半罩式安全帽,未使用,車的狀態,起步,機車與自行車,左側車身,,,駕駛者,起步時未注意安全,否,120.721779,24.197135
2024,8,20240802,112500,A2,臺中市政府警察局,臺中市潭子區聚興里豐興路一段256號前0.0公尺,晴,有照明未開啟或故障,市區道路,50,單路部分,直路,路段,快車道,柏油,乾燥,無缺陷,無障礙物,無遮蔽物,良好,無號誌,無號誌,雙向禁止超車線,無標記,車道線(無標記),快慢車道分隔線,無,車與車,其他,駕駛者,起步時未注意安全,死亡0;受傷1,2,小貨車,自用,男,43,繫安全帶(使用幼童安全椅),未使用,車的狀態,向前直行中,汽車,右前車頭(身),,,無(車輛駕駛者因素),尚未發現肇事因素,否,120.721779,24.197135
2024,8,20240802,112600,A2,臺中市政府警察局,臺中市清水區西寧里董公街29之6號前0.0公尺,晴,有照明且開啟,市區道路,50,單路部分,直路,路段,一般車道(未劃分快慢車道),柏油,乾燥,無缺陷,無障礙物,無遮蔽物,良好,無號誌,無號誌,雙向禁止超車線,無標記,未繪設車道線,未繪設快慢車道分隔線,無,車與車,其他,其他,開啟或關閉車門不當,死亡0;受傷1,1,小客車(含客、貨兩用),自用,男,58,不明,不明,車的狀態,靜止(引擎熄火),汽車,左側車身,,,其他,開啟或關閉車門不當,否,120.576565,24.273253
2024,8,20240802,112600,A2,臺中市政府警察局,臺中市清水區西寧里董公街29之6號前0.0公尺,晴,有照明且開啟,市區道路,50,單路部分,直路,路段,一般車道(未劃分快慢車道),柏油,乾燥,無缺陷,無障礙物,無遮蔽物,良好,無號誌,無號誌,雙向禁止超車線,無標記,未繪設車道線,未繪設快慢車道分隔線,無,車與車,其他,其他,開啟或關閉車門不當,死亡0;受傷1,2,機車,普通重型,女,47,不明,不明,車的狀態,向前直行中,機車與自行車,右側車身,,,其他,其他不當駕車行為,否,120.576565,24.273253
2024,8,20240802,112600,A2,臺中市政府警察局,臺中市神岡區三角里三社路145之2號前0.0公尺,晴,有照明未開啟或故障,市區道路,50,單路部分,直路,路段,一般車道(未劃分快慢車道),柏油,乾燥,無缺陷,無障礙物,無遮蔽物,良好,無號誌,無號誌,行車分向線,無標記,未繪設車道線,未繪設快慢車道分隔線,有,車與車,追撞,駕駛者,未保持行車安全距離,死亡0;受傷1,1,機車,普通重型,男,40,戴非半罩式安全帽,未使用,車的狀態,向前直行中,機車與自行車,前車頭,,,駕駛者,未保持行車安全距離,否,120.691456,24.238077
2024,8,20240802,112600,A2,臺中市政府警察局,臺中市神岡區三角里三社路145之2號前0.0公尺,晴,有照明未開啟或故障,市區道路,50,單路部分,直路,路段,一般車道(未劃分快慢車道),柏油,乾燥,無缺陷,無障礙物,無遮蔽物,良好,無號誌,無號誌,行車分向線,無標記,未繪設車道線,未繪設快慢車道分隔線,有,車與車,追撞,駕駛者,未保持行車安全距離,死亡0;受傷1,2,小客車(含客、貨兩用),自用,女,44,繫安全帶(使用幼童安全椅),未使用,車的狀態,向前直行中,汽車,後車尾,,,無(車輛駕駛者因素),尚未發現肇事因素,否,120.691456,24.238077
2024,8,20240802,112600,A2,臺中市政府警察局,臺中市神岡區三角里三社路145之2號前0.0公尺,晴,有照明未開啟或故障,市區道路,50,單路部分,直路,路段,一般車道(未劃分快慢車道),柏油,乾燥,無缺陷,無障礙物,無遮蔽物,良好,無號誌,無號誌,行車分向線,無標記,未繪設車道線,未繪設快慢車道分隔線,有,車與車,追撞,駕駛者,未保持行車安全距離,死亡0;受傷1,3,人,乘客,女,41,戴非半罩式安全帽,非駕駛人,人的狀態,其他,其他,非汽、機及自行車,,,無(非車輛駕駛人因素),尚未發現肇事因素,否,120.691456,24.238077
2024,8,20240802,112610,A2,嘉義縣警察局,嘉義縣竹崎鄉朴子埔194號,晴,有照明未開啟或故障,縣道,60,交岔路,三岔路,路段,慢車道,柏油,乾燥,無缺陷,無障礙物,無遮蔽物,良好,無號誌,無號誌,行車分向線,無標記,車道線(無標記),快慢車道分隔線,有,車與車,追撞,駕駛者,未保持行車安全距離,死亡0;受傷1,1,機車,普通重型,男,66,戴半罩式安全帽,未使用,車的狀態,急減速或急停止,機車與自行車,前車頭,,,駕駛者,未保持行車安全距離,否,120.519156,23.491500
2024,8,20240802,112610,A2,嘉義縣警察局,嘉義縣竹崎鄉朴子埔194號,晴,有照明未開啟或故障,縣道,60,交岔路,三岔路,路段,慢車道,柏油,乾燥,無缺陷,無障礙物,無遮蔽物,良好,無號誌,無號誌,行車分向線,無標記,車道線(無標記),快慢車道分隔線,有,車與車,追撞,駕駛者,未保持行車安全距離,死亡0;受傷1,2,機車,普通重型,男,50,戴半罩式安全帽,未使用,車的狀態,急減速或急停止,機車與自行車,前車頭,機車與自行車,後車尾,無(車輛駕駛者因素),尚未發現肇事因素,否,120.519156,23.491500
2024,8,20240802,112610,A2,嘉義縣警察局,嘉義縣竹崎鄉朴子埔194號,晴,有照明未開啟或故障,縣道,60,交岔路,三岔路,路段,慢車道,柏油,乾燥,無缺陷,無障礙物,無遮蔽物,良好,無號誌,無號誌,行車分向線,無標記,車道線(無標記),快慢車道分隔線,有,車與車,追撞,駕駛者,未保持行車安全距離,死亡0;受傷1,3,機車,普通重型,女,62,戴半罩式安全帽,未使用,車的狀態,等待(引擎未熄火),其他,不明,,,無(車輛駕駛者因素),尚未發現肇事因素,否,120.519156,23.491500
2024,8,20240802,112655,A2,嘉義縣警察局,嘉義縣朴子市大葛里祥和三路西段與舊嘉45線路口,晴,有照明未開啟或故障,村里道路,50,交岔路,三岔路,交叉路口,交叉路口內,柏油,乾燥,無缺陷,無障礙物,無遮蔽物,良好,行車管制號誌,正常,無,無分向設施,未繪設車道線,未繪設快慢車道分隔線,無,車與車,側撞,駕駛者,右轉彎未依規定,死亡0;受傷1,1,大貨車,自用,男,45,繫安全帶(使用幼童安全椅),未使用,車的狀態,右轉彎,汽車,右側車身,,,駕駛者,右轉彎未依規定,否,120.287958,23.455480
2024,8,20240802,112655,A2,嘉義縣警察局,嘉義縣朴子市大葛里祥和三路西段與舊嘉45線路口,晴,有照明未開啟或故障,村里道路,50,交岔路,三岔路,交叉路口,交叉路口內,柏油,乾燥,無缺陷,無障礙物,無遮蔽物,良好,行車管制號誌,正常,無,無分向設施,未繪設車道線,未繪設快慢車道分隔線,無,車與車,側撞,駕駛者,右轉彎未依規定,死亡0;受傷1,2,機車,普通重型,女,24,戴非半罩式安全帽,未使用,車的狀態,向前直行中,機車與自行車,前車頭,,,駕駛者,違反其他標誌(線)禁制,否,120.287958,23.455480
2024,8,20240802,112800,A2,臺中市政府警察局,臺中市西屯區何成里大墩十九街 / 臺中市西屯區何成里大祥街,晴,有照明未開啟或故障,市區道路,50,交岔路,三岔路,交叉路口,交叉路口內,柏油,乾燥,無缺陷,無障礙物,無遮蔽物,良好,無號誌,無號誌,無,無分向設施,未繪設車道線,未繪設快慢車道分隔線,無,車與車,側撞,駕駛者,無號誌路口，轉彎車未讓直行車先行,死亡0;受傷2,1,慢車,腳踏自行車,男,71,戴半罩式安全帽,未使用,車的狀態,左轉彎,機車與自行車,前車頭,,,駕駛者,無號誌路口，轉彎車未讓直行車先行,否,120.648851,24.160012
2024,8,20240802,112800,A2,臺中市政府警察局,臺中市西屯區何成里大墩十九街 / 臺中市西屯區何成里大祥街,晴,有照明未開啟或故障,市區道路,50,交岔路,三岔路,交叉路口,交叉路口內,柏油,乾燥,無缺陷,無障礙物,無遮蔽物,良好,無號誌,無號誌,無,無分向設施,未繪設車道線,未繪設快慢車道分隔線,無,車與車,側撞,駕駛者,無號誌路口，轉彎車未讓直行車先行,死亡0;受傷2,2,機車,普通重型,女,64,戴半罩式安全帽,未使用,車的狀態,向前直行中,機車與自行車,前車頭,,,其他,其他不當駕車行為,否,120.648851,24.160012
2024,8,20240802,113050,A2,南投縣政府警察局,南投縣草屯鎮碧山路727巷與碧山路727巷199弄口,晴,有照明未開啟或故障,村里道路,20,交岔路,四岔路,交叉路口,交叉路口內,柏油,乾燥,無缺陷,無障礙物,無遮蔽物,良好,無號誌,無號誌,無,無分向設施,未繪設車道線,未繪設快慢車道分隔線,有,車與車,路口交岔撞,駕駛者,無號誌路口，左方車未讓右方車先行,死亡0;受傷2,1,機車,普通重型,女,41,戴非半罩式安全帽,未使用,車的狀態,向前直行中,機車與自行車,前車頭,,,駕駛者,無號誌路口，左方車未讓右方車先行,否,120.671037,23.971944
2024,8,20240802,113050,A2,南投縣政府警察局,南投縣草屯鎮碧山路727巷與碧山路727巷199弄口,晴,有照明未開啟或故障,村里道路,20,交岔路,四岔路,交叉路口,交叉路口內,柏油,乾燥,無缺陷,無障礙物,無遮蔽物,良好,無號誌,無號誌,無,無分向設施,未繪設車道線,未繪設快慢車道分隔線,有,車與車,路口交岔撞,駕駛者,無號誌路口，左方車未讓右方車先行,死亡0;受傷2,2,機車,普通重型,女,72,戴非半罩式安全帽,未使用,車的狀態,向前直行中,機車與自行車,前車頭,,,駕駛者,未依規定減速,否,120.671037,23.971944
2024,8,20240802,113300,A2,臺北市政府警察局,臺北市大同區長安西路37號前0.0公尺,晴,無照明,市區道路,50,圓環廣場,其他,路段,一般車道(未劃分快慢車道),柏油,乾燥,無缺陷,無障礙物,無遮蔽物,良好,閃光號誌,正常,雙向禁止超車線,無標記,車道線(無標記),未繪設快慢車道分隔線,無,車與車,側撞,駕駛者,左轉彎未依規定,死亡0;受傷1,1,小客車(含客、貨兩用),自用,男,67,繫安全帶(使用幼童安全椅),未使用,車的狀態,左轉彎,汽車,右後車尾(身),,,駕駛者,左轉彎未依規定,否,121.519564,25.050345