發生年度,發生月份,發生日期,發生時間,事故類別名稱,處理單位名稱警局層,發生地點,天候名稱,光線名稱,道路類別-第1當事者-名稱,速限-第1當事者,道路型態大類別名稱,道路型態子類別名稱,事故位置大類別名稱,事故位置子類別名稱,路面狀況-路面鋪裝名稱,路面狀況-路面狀態名稱,路面狀況-路面缺陷名稱,道路障礙-障礙物名稱,道路障礙-視距品質名稱,道路障礙-視距名稱,號誌-號誌種類名稱,號誌-號誌動作名稱,車道劃分設施-分向設施大類別名稱,車道劃分設施-分向設施子類別名稱,車道劃分設施-分道設施-快車道或一般車道間名稱,車道劃分設施-分道設施-快慢車道間名稱,車道劃分設施-分道設施-路面邊線名稱,事故類型及型態大類別名稱,事故類型及型態子類別名稱,肇因研判大類別名稱-主要,肇因研判子類別名稱-主要,死亡受傷人數,當事者順位,當事者區分-類別-大類別名稱-車種,當事者區分-類別-子類別名稱-車種,當事者屬-性-別名稱,當事者事故發生時年齡,保護裝備名稱,行動電話或電腦或其他相類功能裝置名稱,當事者行動狀態大類別名稱,當事者行動狀態子類別名稱,車輛撞擊部位大類別名稱-最初,車輛撞擊部位子類別名稱-最初,車輛撞擊部位大類別名稱-其他,車輛撞擊部位子類別名稱-其他,肇因研判大類別名稱-個別,肇因研判子類別名稱-個別,肇事逃逸類別名稱-是否肇逃,經度,緯度
2024,8,20240802,113300,A2,臺北市政府警察局,臺北市大同區長安西路37號前0.0公尺,晴,無照明,市區道路,50,圓環廣場,其他,路段,一般車道(未劃分快慢車道),柏油,乾燥,無缺陷,無障礙物,無遮蔽物,良好,閃光號誌,正常,雙向禁止超車線,無標記,車道線(無標記),未繪設快慢車道分隔線,無,車與車,側撞,駕駛者,左轉彎未依規定,死亡0;受傷1,2,機車,普通重型,女,43,戴非半罩式安全帽,不明,車的狀態,向前直行中,機車與自行車,前車頭,,,無(車輛駕駛者因素),尚未發現肇事因素,否,121.519564,25.050345
2024,8,20240802,114000,A2,新竹縣政府警察局,新竹縣竹北市中正西路703號,晴,無照明,市區道路,50,單路部分,彎曲路及附近,路段,慢車道,柏油,乾燥,無缺陷,無障礙物,無遮蔽物,良好,無號誌,無號誌,雙向禁止超車線,附標記,車道線(附標記),快慢車道分隔線,有,車與車,同向擦撞,駕駛者,恍神、緊張、心不在焉分心駕駛,死亡0;受傷1,1,機車,普通重型,女,59,戴半罩式安全帽,未使用,車的狀態,插入行列,機車與自行車,左側車身,,,駕駛者,恍神、緊張、心不在焉分心駕駛,否,120.984717,24.840503
2024,8,20240802,114000,A2,新竹縣政府警察局,新竹縣竹北市中正西路703號,晴,無照明,市區道路,50,單路部分,彎曲路及附近,路段,慢車道,柏油,乾燥,無缺陷,無障礙物,無遮蔽物,良好,無號誌,無號誌,雙向禁止超車線,附標記,車道線(附標記),快慢車道分隔線,有,車與車,同向擦撞,駕駛者,恍神、緊張、心不在焉分心駕駛,死亡0;受傷1,2,機車,普通重型,女,28,戴半罩式安全帽,未使用,車的狀態,向前直行中,機車與自行車,右側車身,,,駕駛者,恍神、緊張、心不在焉分心駕駛,否,120.984717,24.840503
2024,8,20240802,114200,A2,臺中市政府警察局,臺中市大甲區奉化里經國路695號前0.0公尺,晴,無照明,市區道路,60,單路部分,彎曲路及附近,其他,其他,柏油,乾燥,無缺陷,無障礙物,無遮蔽物,良好,無號誌,無號誌,中央分向島,寬式(50公分以上),車道線(無標記),快慢車道分隔線,有,車與車,側撞,駕駛者,迴轉未依規定,死亡0;受傷1,1,小客車(含客、貨兩用),自用,男,59,繫安全帶(使用幼童安全椅),未使用,車的狀態,迴轉或橫越道路中,汽車,左前車頭(身),,,駕駛者,迴轉未依規定,否,120.619537,24.355314
2024,8,20240802,114200,A2,臺中市政府警察局,臺中市大甲區奉化里經國路695號前0.0公尺,晴,無照明,市區道路,60,單路部分,彎曲路及附近,其他,其他,柏油,乾燥,無缺陷,無障礙物,無遮蔽物,良好,無號誌,無號誌,中央分向島,寬式(50公分以上),車道線(無標記),快慢車道分隔線,有,車與車,側撞,駕駛者,迴轉未依規定,死亡0;受傷1,2,機車,普通重型,男,21,戴半罩式安全帽,未使用,車的狀態,向前直行中,機車與自行車,右側車身,,,無(車輛駕駛者因素),尚未發現肇事因素,否,120.619537,24.355314
2024,8,20240802,114300,A2,臺中市政府警察局,臺中市神岡區三角里崇德路38之1號前0.0公尺,晴,有照明未開啟或故障,市區道路,60,單路部分,彎曲路及附近,路段,路肩、路緣,柏油,乾燥,無缺陷,無障礙物,無遮蔽物,良好,無號誌,無號誌,中央分向島,寬式(50公分以上),車道線(無標記),快慢車道分隔線,有,車與車,其他,駕駛者,恍神、緊張、心不在焉分心駕駛,死亡0;受傷1,1,機車,普通重型,男,25,戴非半罩式安全帽,不明,車的狀態,其他,機車與自行車,前車頭,,,駕駛者,恍神、緊張、心不在焉分心駕駛,否,120.691593,24.231901
2024,8,20240802,114300,A2,臺中市政府警察局,臺中市神岡區三角里崇德路38之1號前0.0公尺,晴,有照明未開啟或故障,市區道路,60,單路部分,彎曲路及附近,路段,路肩、路緣,柏油,乾燥,無缺陷,無障礙物,無遮蔽物,良好,無號誌,無號誌,中央分向島,寬式(50公分以上),車道線(無標記),快慢車道分隔線,有,車與車,其他,駕駛者,恍神、緊張、心不在焉分心駕駛,死亡0;受傷1,2,小客車(含客、貨兩用),自用,男,53,不明,不明,車的狀態,靜止(引擎熄火),汽車,右後車尾(身),,,無(車輛駕駛者因素),尚未發現肇事因素,否,120.691593,24.231901
2024,8,20240802,115156,A2,宜蘭縣政府警察局,宜蘭縣五結鄉中正路2段口 / 宜蘭縣五結鄉中興路3段口,晴,有照明且開啟,其他,50,交岔路,四岔路,交叉路口,交叉路口內,柏油,乾燥,無缺陷,無障礙物,無遮蔽物,良好,行車管制號誌,正常,雙向禁止超車線,無標記,未繪設車道線,未繪設快慢車道分隔線,有,車與車,其他,駕駛者,左轉彎未依規定,死亡0;受傷1,1,機車,普通重型,女,18,戴半罩式安全帽,未使用,車的狀態,左轉彎,機車與自行車,左側車身,,,駕駛者,左轉彎未依規定,否,121.769737,24.692864
2024,8,20240802,115156,A2,宜蘭縣政府警察局,宜蘭縣五結鄉中正路2段口 / 宜蘭縣五結鄉中興路3段口,晴,有照明且開啟,其他,50,交岔路,四岔路,交叉路口,交叉路口內,柏油,乾燥,無缺陷,無障礙物,無遮蔽物,良好,行車管制號誌,正常,雙向禁止超車線,無標記,未繪設車道線,未繪設快慢車道分隔線,有,車與車,其他,駕駛者,左轉彎未依規定,死亡0;受傷1,2,慢車,微型電動二輪車,男,17,戴半罩式安全帽,未使用,車的狀態,向前直行中,機車與自行車,右側車身,,,駕駛者,恍神、緊張、心不在焉分心駕駛,否,121.769737,24.692864
2024,8,20240802,115400,A2,臺中市政府警察局,臺中市大里區仁德里至善路132號前0.0公尺,風,有照明未開啟或故障,市區道路,50,交岔路,四岔路,交叉路口,交叉路口內,柏油,乾燥,無缺陷,無障礙物,無遮蔽物,良好,行車管制號誌,正常,雙向禁止超車線,無標記,未繪設車道線,未繪設快慢車道分隔線,有,車輛本身,路上翻車、摔倒,駕駛者,恍神、緊張、心不在焉分心駕駛,死亡0;受傷1,1,機車,普通重型,男,18,戴半罩式安全帽,未使用,車的狀態,其他,機車與自行車,右側車身,,,駕駛者,恍神、緊張、心不在焉分心駕駛,否,120.699780,24.094112
2024,8,20240802,115400,A2,臺中市政府警察局,臺中市大里區仁德里至善路132號前0.0公尺,風,有照明未開啟或故障,市區道路,50,交岔路,四岔路,交叉路口,交叉路口內,柏油,乾燥,無缺陷,無障礙物,無遮蔽物,良好,行車管制號誌,正常,雙向禁止超車線,無標記,未繪設車道線,未繪設快慢車道分隔線,有,車輛本身,路上翻車、摔倒,駕駛者,恍神、緊張、心不在焉分心駕駛,死亡0;受傷1,2,,,無或物(動物、堆置物),0,,,,,,,,,無(非車輛駕駛人因素),尚未發現肇事因素,否,120.699780,24.094112
2024,8,20240802,115500,A2,新北市政府警察局,新北市新莊區復興路1段 / 新北市新莊區復興路,晴,有照明未開啟或故障,市區道路,50,交岔路,三岔路,交叉路口,交叉路口內,柏油,乾燥,無缺陷,無障礙物,無遮蔽物,良好,無號誌,無號誌,雙向禁止超車線,無標記,未繪設車道線,未繪設快慢車道分隔線,有,車與車,側撞,駕駛者,無號誌路口，轉彎車未讓直行車先行,死亡0;受傷1,1,小客車(含客、貨兩用),自用,男,33,繫安全帶(使用幼童安全椅),未使用,車的狀態,左轉彎,汽車,前車頭,,,駕駛者,無號誌路口，轉彎車未讓直行車先行,否,121.447510,25.043251
2024,8,20240802,115500,A2,新北市政府警察局,新北市新莊區復興路1段 / 新北市新莊區復興路,晴,有照明未開啟或故障,市區道路,50,交岔路,三岔路,交叉路口,交叉路口內,柏油,乾燥,無缺陷,無障礙物,無遮蔽物,良好,無號誌,無號誌,雙向禁止超車線,無標記,未繪設車道線,未繪設快慢車道分隔線,有,車與車,側撞,駕駛者,無號誌路口，轉彎車未讓直行車先行,死亡0;受傷1,2,機車,普通重型,女,37,戴非半罩式安全帽,未使用,車的狀態,向前直行中,機車與自行車,前車頭,,,無(車輛駕駛者因素),尚未發現肇事因素,否,121.447510,25.043251
2024,8,20240802,120000,A2,國道公路警察局,桃園市平鎮區國道1號 62公里200.0公尺處南側向外側,晴,有照明未開啟或故障,國道,90,單路部分,直路,路段,快車道,柏油,乾燥,無缺陷,無障礙物,無遮蔽物,良好,無號誌,無號誌,中央分向島,寬式(50公分以上),車道線(附標記),未繪設快慢車道分隔線,有,車與車,同向擦撞,駕駛者,變換車道不當,死亡0;受傷1,1,半聯結車,營業用,男,42,繫安全帶(使用幼童安全椅),未使用,車的狀態,向右變換車道,汽車,右前車頭(身),,,駕駛者,變換車道不當,否,121.200295,24.957811
2024,8,20240802,120000,A2,國道公路警察局,桃園市平鎮區國道1號 62公里200.0公尺處南側向外側,晴,有照明未開啟或故障,國道,90,單路部分,直路,路段,快車道,柏油,乾燥,無缺陷,無障礙物,無遮蔽物,良好,無號誌,無號誌,中央分向島,寬式(50公分以上),車道線(附標記),未繪設快慢車道分隔線,有,車與車,同向擦撞,駕駛者,變換車道不當,死亡0;受傷1,2,小客車(含客、貨兩用),自用,女,29,繫安全帶(使用幼童安全椅),未使用,車的狀態,向前直行中,汽車,左側車身,,,無(車輛駕駛者因素),尚未發現肇事因素,否,121.200295,24.957811
2024,8,20240802,120326,A2,彰化縣警察局,彰化縣田中鎮中路里興工路口 / 彰化縣田中鎮中路里中新路口,晴,有照明未開啟或故障,村里道路,50,交岔路,四岔路,交叉路口,交叉口附近,柏油,乾燥,無缺陷,無障礙物,無遮蔽物,良好,行車管制號誌,正常,行車分向線,無標記,車道線(無標記),未繪設快慢車道分隔線,有,車與車,同向擦撞,駕駛者,右轉彎未依規定,死亡0;受傷1,1,小客車(含客、貨兩用),自用,男,74,不明,不明,車的狀態,右轉彎,汽車,右側車身,,,駕駛者,右轉彎未依規定,否,120.590784,23.857626
2024,8,20240802,120326,A2,彰化縣警察局,彰化縣田中鎮中路里興工路口 / 彰化縣田中鎮中路里中新路口,晴,有照明未開啟或故障,村里道路,50,交岔路,四岔路,交叉路口,交叉口附近,柏油,乾燥,無缺陷,無障礙物,無遮蔽物,良好,行車管制號誌,正常,行車分向線,無標記,車道線(無標記),未繪設快慢車道分隔線,有,車與車,同向擦撞,駕駛者,右轉彎未依規定,死亡0;受傷1,2,機車,普通重型,女,42,不明,不明,車的狀態,向前直行中,機車與自行車,前車頭,,,其他,其他不當駕車行為,否,120.590784,23.857626
2024,8,20240802,120500,A2,臺中市政府警察局,臺中市南屯區豐樂里文心南三路675號前0.0公尺,晴,無照明,市區道路,50,單路部分,直路,路段,快車道,柏油,乾燥,無缺陷,無障礙物,無遮蔽物,良好,無號誌,無號誌,行車分向線,無標記,車道線(無標記),快慢車道分隔線,無,車與車,側撞,駕駛者,迴轉未依規定,死亡0;受傷1,1,小客車(含客、貨兩用),自用,男,40,不明,不明,車的狀態,迴轉或橫越道路中,汽車,右前車頭(身),,,駕駛者,迴轉未依規定,否,120.643461,24.133276
2024,8,20240802,120500,A2,臺中市政府警察局,臺中市南屯區豐樂里文心南三路675號前0.0公尺,晴,無照明,市區道路,50,單路部分,直路,路段,快車道,柏油,乾燥,無缺陷,無障礙物,無遮蔽物,良好,無號誌,無號誌,行車分向線,無標記,車道線(無標記),快慢車道分隔線,無,車與車,側撞,駕駛者,迴轉未依規定,死亡0;受傷1,2,機車,普通重型,男,36,不明,不明,車的狀態,向前直行中,機車與自行車,右側車身,機車與自行車,左側車身,無(車輛駕駛者因素),尚未發現肇事因素,否,120.643461,24.133276
2024,8,20240802,120700,A2,臺中市政府警察局,臺中市南屯區永定里益豐路四段前0.0公尺,晴,有照明未開啟或故障,市區道路,50,交岔路,三岔路,交叉路口,交叉路口內,柏油,乾燥,無缺陷,無障礙物,無遮蔽物,良好,無號誌,無號誌,行車分向線,無標記,未繪設車道線,未繪設快慢車道分隔線,無,車與車,其他,駕駛者,右轉彎未依規定,死亡0;受傷1,1,小客車(含客、貨兩用),租賃車,男,31,繫安全帶(使用幼童安全椅),未使用,車的狀態,右轉彎,汽車,右側車身,,,駕駛者,右轉彎未依規定,否,120.628355,24.141209
2024,8,20240802,120700,A2,臺中市政府警察局,臺中市南屯區永定里益豐路四段前0.0公尺,晴,有照明未開啟或故障,市區道路,50,交岔路,三岔路,交叉路口,交叉路口內,柏油,乾燥,無缺陷,無障礙物,無遮蔽物,良好,無號誌,無號誌,行車分向線,無標記,未繪設車道線,未繪設快慢車道分隔線,無,車與車,其他,駕駛者,右轉彎未依規定,死亡0;受傷1,2,機車,普通重型,男,38,戴半罩式安全帽,未使用,車的狀態,向前直行中,機車與自行車,前車頭,,,無(車輛駕駛者因素),尚未發現肇事因素,否,120.628355,24.141209
2024,8,20240802,121000,A2,臺中市政府警察局,臺中市南區福平里復興路三段前0.0公尺,晴,有照明未開啟或故障,市區道路,50,交岔路,四岔路,交叉路口,交叉路口內,柏油,乾燥,無缺陷,無障礙物,無遮蔽物,良好,行車管制號誌,正常,無,無分向設施,未繪設車道線,未繪設快慢車道分隔線,無,車輛本身,路上翻車、摔倒,其他,其他不當駕車行為,死亡0;受傷1,1,機車,普通重型,女,27,不明,不明,車的狀態,向前直行中,其他,不明,,,其他,其他不當駕車行為,否,120.668789,24.128591
2024,8,20240802,121000,A2,臺中市政府警察局,臺中市南區福平里復興路三段前0.0公尺,晴,有照明未開啟或故障,市區道路,50,交岔路,四岔路,交叉路口,交叉路口內,柏油,乾燥,無缺陷,無障礙物,無遮蔽物,良好,行車管制號誌,正常,無,無分向設施,未繪設車道線,未繪設快慢車道分隔線,無,車輛本身,路上翻車、摔倒,其他,其他不當駕車行為,死亡0;受傷1,2,,,無或物(動物、堆置物),0,,,,,,,,,無(非車輛駕駛人因素),尚未發現肇事因素,否,120.668789,24.128591
2024,8,20240802,122000,A2,臺北市政府警察局,臺北市中山區中山北路1段 / 臺北市中山區中山北路1段,晴,無照明,市區道路,30,交岔路,三岔路,交叉路口,交叉路口內,柏油,乾燥,無缺陷,無障礙物,無遮蔽物,良好,無號誌,無號誌,中央分向島,寬式(50公分以上),未繪設車道線,未繪設快慢車道分隔線,無,車與車,同向擦撞,其他,肇事逃逸未查獲，無法查明肇因,死亡0;受傷1,1,,,肇事逃逸尚未查獲,0,,,,,,,,,,肇事逃逸未查獲，無法查明肇因,是,121.521087,25.050200
2024,8,20240802,122000,A2,臺北市政府警察局,臺北市中山區中山北路1段 / 臺北市中山區中山北路1段,晴,無照明,市區道路,30,交岔路,三岔路,交叉路口,交叉路口內,柏油,乾燥,無缺陷,無障礙物,無遮蔽物,良好,無號誌,無號誌,中央分向島,寬式(50公分以上),未繪設車道線,未繪設快慢車道分隔線,無,車與車,同向擦撞,其他,肇事逃逸未查獲，無法查明肇因,死亡0;受傷1,2,機車,普通重型,女,28,戴半罩式安全帽,未使用,車的狀態,等待(引擎未熄火),機車與自行車,左側車身,,,無(車輛駕駛者因素),尚未發現肇事因素,否,121.521087,25.050200
2024,8,20240802,122400,A2,南投縣政府警察局,南投縣草屯鎮中正路880號前,晴,有照明且開啟,省道,40,交岔路,三岔路,路段,一般車道(未劃分快慢車道),柏油,乾燥,無缺陷,無障礙物,無遮蔽物,良好,無號誌,無號誌,雙向禁止超車線,無標記,未繪設車道線,未繪設快慢車道分隔線,有,車與車,追撞,駕駛者,未保持行車安全距離,死亡0;受傷1,1,機車,普通重型,女,22,不明,不明,車的狀態,向前直行中,機車與自行車,前車頭,其他,不明,駕駛者,未保持行車安全距離,否,120.686592,23.984624
2024,8,20240802,122400,A2,南投縣政府警察局,南投縣草屯鎮中正路880號前,晴,有照明且開啟,省道,40,交岔路,三岔路,路段,一般車道(未劃分快慢車道),柏油,乾燥,無缺陷,無障礙物,無遮蔽物,良好,無號誌,無號誌,雙向禁止超車線,無標記,未繪設車道線,未繪設快慢車道分隔線,有,車與車,追撞,駕駛者,未保持行車安全距離,死亡0;受傷1,2,小客車(含客、貨兩用),自用,男,53,不明,不明,車的狀態,向前直行中,汽車,右後車尾(身),其他,不明,無(車輛駕駛者因素),尚未發現肇事因素,否,120.686592,23.984624
2024,8,20240802,122500,A2,基隆市警察局,基隆市仁愛區忠三路21號前0.0公尺,晴,有照明且開啟,市區道路,50,單路部分,直路,路段,一般車道(未劃分快慢車道),柏油,乾燥,無缺陷,無障礙物,無遮蔽物,良好,無號誌,無號誌,行車分向線,附標記,車道線(附標記),未繪設快慢車道分隔線,有,車與車,追撞,駕駛者,恍神、緊張、心不在焉分心駕駛,死亡0;受傷1,1,小客車(含客、貨兩用),自用,女,49,繫安全帶(使用幼童安全椅),未使用,車的狀態,向前直行中,汽車,前車頭,,,駕駛者,恍神、緊張、心不在焉分心駕駛,否,121.740027,25.128782
2024,8,20240802,122500,A2,基隆市警察局,基隆市仁愛區忠三路21號前0.0公尺,晴,有照明且開啟,市區道路,50,單路部分,直路,路段,一般車道(未劃分快慢車道),柏油,乾燥,無缺陷,無障礙物,無遮蔽物,良好,無號誌,無號誌,行車分向線,附標記,車道線(附標記),未繪設快慢車道分隔線,有,車與車,追撞,駕駛者,恍神、緊張、心不在焉分心駕駛,死亡0;受傷1,2,機車,普通重型,女,58,戴半罩式安全帽,未使用,車的狀態,向前直行中,機車與自行車,後車尾,,,無(車輛駕駛者因素),尚未發現肇事因素,否,121.740027,25.128782
2024,8,20240802,123720,A2,嘉義縣警察局,嘉義縣六腳鄉工廠村34之11號前,晴,無照明,村里道路,30,交岔路,三岔路,交叉路口,交叉路口內,柏油,乾燥,無缺陷,無障礙物,無遮蔽物,良好,無號誌,無號誌,無,無分向設施,未繪設車道線,未繪設快慢車道分隔線,有,車與車,側撞,駕駛者,無號誌路口，轉彎車未讓直行車先行,死亡0;受傷1,1,機車,普通重型,男,62,戴半罩式安全帽,未使用,車的狀態,右轉彎,機車與自行車,前車頭,,,駕駛者,無號誌路口，轉彎車未讓直行車先行,否,120.296350,23.481189
2024,8,20240802,123720,A2,嘉義縣警察局,嘉義縣六腳鄉工廠村34之11號前,晴,無照明,村里道路,30,交岔路,三岔路,交叉路口,交叉路口內,柏油,乾燥,無缺陷,無障礙物,無遮蔽物,良好,無號誌,無號誌,無,無分向設施,未繪設車道線,未繪設快慢車道分隔線,有,車與車,側撞,駕駛者,無號誌路口，轉彎車未讓直行車先行,死亡0;受傷1,2,小客車(含客、貨兩用),自用,男,49,繫安全帶(使用幼童安全椅),未使用,車的狀態,向前直行中,汽車,左前車頭(身),,,駕駛者,閃避不當(慎),否,120.296350,23.481189
2024,8,20240802,124200,A2,新竹縣政府警察局,新竹縣竹北市新光二街口 / 新竹縣竹北市華興五街口,晴,無照明,市區道路,50,交岔路,四岔路,交叉路口,交叉路口內,柏油,乾燥,無缺陷,無障礙物,無遮蔽物,良好,無號誌,無號誌,雙向禁止超車線,無標記,未繪設車道線,未繪設快慢車道分隔線,有,車與車,路口交岔撞,駕駛者,未依規定減速,死亡0;受傷2,1,小客車(含客、貨兩用),自用,女,53,繫安全帶(使用幼童安全椅),未使用,車的狀態,向前直行中,汽車,左前車頭(身),,,駕駛者,未依規定減速,否,120.996382,24.838675
2024,8,20240802,124200,A2,新竹縣政府警察局,新竹縣竹北市新光二街口 / 新竹縣竹北市華興五街口,晴,無照明,市區道路,50,交岔路,四岔路,交叉路口,交叉路口內,柏油,乾燥,無缺陷,無障礙物,無遮蔽物,良好,無號誌,無號誌,雙向禁止超車線,無標記,未繪設車道線,未繪設快慢車道分隔線,有,車與車,路口交岔撞,駕駛者,未依規定減速,死亡0;受傷2,2,機車,普通重型,男,19,戴半罩式安全帽,未使用,車的狀態,向前直行中,機車與自行車,前車頭,,,駕駛者,其他未依規定讓車,否,120.996382,24.838675
2024,8,20240802,124200,A2,新竹縣政府警察局,新竹縣竹北市新光二街口 / 新竹縣竹北市華興五街口,晴,無照明,市區道路,50,交岔路,四岔路,交叉路口,交叉路口內,柏油,乾燥,無缺陷,無障礙物,無遮蔽物,良好,無號誌,無號誌,雙向禁止超車線,無標記,未繪設車道線,未繪設快慢車道分隔線,有,車與車,路口交岔撞,駕駛者,未依規定減速,死亡0;受傷2,3,人,乘客,女,29,戴半罩式安全帽,非駕駛人,人的狀態,其他,其他,非汽、機及自行車,,,無(非車輛駕駛人因素),尚未發現肇事因素,否,120.996382,24.838675
2024,8,20240802,124500,A2,臺中市政府警察局,臺中市大雅區大雅里中清路三段 / 臺中市大雅區大雅里中清路三段,晴,有照明未開啟或故障,市區道路,60,交岔路,三岔路,交叉路口,交叉口附近,柏油,乾燥,無缺陷,無障礙物,無遮蔽物,良好,無號誌,無號誌,中央分向島,寬式(50公分以上),車道線(無標記),快慢車道分隔線,有,車與車,其他,駕駛者,無號誌路口，轉彎車未讓直行車先行,死亡0;受傷1,1,小客車(含客、貨兩用),自用,女,32,繫安全帶(使用幼童安全椅),未使用,車的狀態,右轉彎,汽車,後車尾,,,駕駛者,無號誌路口，轉彎車未讓直行車先行,否,120.646524,24.223057
2024,8,20240802,124500,A2,臺中市政府警察局,臺中市大雅區大雅里中清路三段 / 臺中市大雅區大雅里中清路三段,晴,有照明未開啟或故障,市區道路,60,交岔路,三岔路,交叉路口,交叉口附近,柏油,乾燥,無缺陷,無障礙物,無遮蔽物,良好,無號誌,無號誌,中央分向島,寬式(50公分以上),車道線(無標記),快慢車道分隔線,有,車與車,其他,駕駛者,無號誌路口，轉彎車未讓直行車先行,死亡0;受傷1,2,機車,普通重型,女,74,戴半罩式安全帽,未使用,車的狀態,向前直行中,機車與自行車,前車頭,,,駕駛者,未依規定減速,否,120.646524,24.223057
2024,8,20240802,124500,A2,臺中市政府警察局,臺中市豐原區翁明里東北街前0.0公尺,晴,有照明未開啟或故障,市區道路,30,交岔路,三岔路,交叉路口,交叉路口內,柏油,乾燥,無缺陷,無障礙物,無遮蔽物,良好,無號誌,無號誌,無,無分向設施,未繪設車道線,未繪設快慢車道分隔線,有,車與車,其他,駕駛者,起步時未注意安全,死亡0;受傷1,1,慢車,微型電動二輪車,男,20,不明,不明,車的狀態,起步,機車與自行車,左側車身,,,駕駛者,起步時未注意安全,否,120.731990,24.262967
2024,8,20240802,124500,A2,臺中市政府警察局,臺中市豐原區翁明里東北街前0.0公尺,晴,有照明未開啟或故障,市區道路,30,交岔路,三岔路,交叉路口,交叉路口內,柏油,乾燥,無缺陷,無障礙物,無遮蔽物,良好,無號誌,無號誌,無,無分向設施,未繪設車道線,未繪設快慢車道分隔線,有,車與車,其他,駕駛者,起步時未注意安全,死亡0;受傷1,2,機車,普通重型,男,28,不明,不明,車的狀態,向前直行中,機車與自行車,前車頭,,,無(車輛駕駛者因素),尚未發現肇事因素,否,120.731990,24.262967
2024,8,20240802,125000,A2,臺北市政府警察局,臺北市中正區仁愛路1段 / 臺北市中正區杭州南路1段,晴,有照明未開啟或故障,市區道路,50,交岔路,四岔路,交叉路口,交叉口附近,柏油,乾燥,無缺陷,無障礙物,無遮蔽物,良好,行車管制號誌,正常,行車分向線,附標記,車道線(無標記),寬式快慢車道分隔島(50公分以上),有,人與車,其他,其他,車輛或機械操作不當(慎),死亡0;受傷1,1,大客車,民營公車,男,62,繫安全帶(使用幼童安全椅),未使用,車的狀態,向前直行中,汽車,車底,,,其他,車輛或機械操作不當(慎),否,121.523623,25.038469
2024,8,20240802,125000,A2,臺北市政府警察局,臺北市中正區仁愛路1段 / 臺北市中正區杭州南路1段,晴,有照明未開啟或故障,市區道路,50,交岔路,四岔路,交叉路口,交叉口附近,柏油,乾燥,無缺陷,無障礙物,無遮蔽物,良好,行車管制號誌,正常,行車分向線,附標記,車道線(無標記),寬式快慢車道分隔島(50公分以上),有,人與車,其他,其他,車輛或機械操作不當(慎),死亡0;受傷1,2,人,乘客,男,75,其他(無需使用保護裝備之人),非駕駛人,人的狀態,上、下車,其他,非汽、機及自行車,,,非駕駛者,上下車輛時未注意安全,否,121.523623,25.038469
2024,8,20240802,125259,A2,新竹縣政府警察局,新竹縣竹北市自強五路口 / 新竹縣竹北市成功六街口,晴,無照明,市區道路,50,交岔路,多岔路,交叉路口,交叉口附近,無鋪裝,乾燥,無缺陷,無障礙物,無遮蔽物,良好,行車管制號誌,正常,無,無分向設施,未繪設車道線,未繪設快慢車道分隔線,有,車與車,側撞,無(車輛駕駛者因素),尚未發現肇事因素,死亡0;受傷1,1,小客車(含客、貨兩用),自用,女,48,繫安全帶(使用幼童安全椅),未使用,車的狀態,左轉彎,汽車,左後車尾(身),,,無(車輛駕駛者因素),尚未發現肇事因素,否,121.022837,24.817495
2024,8,20240802,125259,A2,新竹縣政府警察局,新竹縣竹北市自強五路口 / 新竹縣竹北市成功六街口,晴,無照明,市區道路,50,交岔路,多岔路,交叉路口,交叉口附近,無鋪裝,乾燥,無缺陷,無障礙物,無遮蔽物,良好,行車管制號誌,正常,無,無分向設施,未繪設車道線,未繪設快慢車道分隔線,有,車與車,側撞,無(車輛駕駛者因素),尚未發現肇事因素,死亡0;受傷1,2,機車,普通重型,男,64,戴非半罩式安全帽,未使用,車的狀態,向前直行中,機車與自行車,右側車身,,,無(車輛駕駛者因素),尚未發現肇事因素,否,121.022837,24.817495
2024,8,20240802,125500,A2,臺中市政府警察局,臺中市南屯區永定里永春東七路 / 臺中市南屯區永定里益昌三街,晴,無照明,市區道路,50,單路部分,直路,路段,一般車道(未劃分快慢車道),柏油,乾燥,無缺陷,無障礙物,無遮蔽物,良好,無號誌,無號誌,雙向禁止超車線,無標記,車道線(無標記),未繪設快慢車道分隔線,無,車與車,同向擦撞,駕駛者,未保持行車安全間隔,死亡0;受傷1,1,小客車(含客、貨兩用),自用,男,39,繫安全帶(使用幼童安全椅),未使用,車的狀態,向前直行中,汽車,右側車身,,,駕駛者,未保持行車安全間隔,否,120.633723,24.142063
2024,8,20240802,125500,A2,臺中市政府警察局,臺中市南屯區永定里永春東七路 / 臺中市南屯區永定里益昌三街,晴,無照明,市區道路,50,單路部分,直路,路段,一般車道(未劃分快慢車道),柏油,乾燥,無缺陷,無障礙物,無遮蔽物,良好,無號誌,無號誌,雙向禁止超車線,無標記,車道線(無標記),未繪設快慢車道分隔線,無,車與車,同向擦撞,駕駛者,未保持行車安全間隔,死亡0;受傷1,2,機車,普通重型,男,50,戴半罩式安全帽,未使用,車的狀態,向前直行中,機車與自行車,左側車身,,,駕駛者,未保持行車安全間隔,否,120.633723,24.142063