發生年度,發生月份,發生日期,發生時間,事故類別名稱,處理單位名稱警局層,發生地點,天候名稱,光線名稱,道路類別-第1當事者-名稱,速限-第1當事者,道路型態大類別名稱,道路型態子類別名稱,事故位置大類別名稱,事故位置子類別名稱,路面狀況-路面鋪裝名稱,路面狀況-路面狀態名稱,路面狀況-路面缺陷名稱,道路障礙-障礙物名稱,道路障礙-視距品質名稱,道路障礙-視距名稱,號誌-號誌種類名稱,號誌-號誌動作名稱,車道劃分設施-分向設施大類別名稱,車道劃分設施-分向設施子類別名稱,車道劃分設施-分道設施-快車道或一般車道間名稱,車道劃分設施-分道設施-快慢車道間名稱,車道劃分設施-分道設施-路面邊線名稱,事故類型及型態大類別名稱,事故類型及型態子類別名稱,肇因研判大類別名稱-主要,肇因研判子類別名稱-主要,死亡受傷人數,當事者順位,當事者區分-類別-大類別名稱-車種,當事者區分-類別-子類別名稱-車種,當事者屬-性-別名稱,當事者事故發生時年齡,保護裝備名稱,行動電話或電腦或其他相類功能裝置名稱,當事者行動狀態大類別名稱,當事者行動狀態子類別名稱,車輛撞擊部位大類別名稱-最初,車輛撞擊部位子類別名稱-最初,車輛撞擊部位大類別名稱-其他,車輛撞擊部位子類別名稱-其他,肇因研判大類別名稱-個別,肇因研判子類別名稱-個別,肇事逃逸類別名稱-是否肇逃,經度,緯度
2024,8,20240802,130100,A2,臺中市政府警察局,臺中市北屯區廍子里太原路三段前0.0公尺,晴,無照明,市區道路,40,單路部分,直路,路段,慢車道,柏油,乾燥,無缺陷,無障礙物,無遮蔽物,良好,無號誌,無號誌,中央分向島,寬式(50公分以上),車道線(無標記),寬式快慢車道分隔島(50公分以上),無,車與車,追撞,駕駛者,未保持行車安全距離,死亡0;受傷2,1,機車,普通重型,女,20,不明,不明,車的狀態,向前直行中,機車與自行車,前車頭,,,駕駛者,未保持行車安全距離,否,120.726832,24.161287
2024,8,20240802,130100,A2,臺中市政府警察局,臺中市北屯區廍子里太原路三段前0.0公尺,晴,無照明,市區道路,40,單路部分,直路,路段,慢車道,柏油,乾燥,無缺陷,無障礙物,無遮蔽物,良好,無號誌,無號誌,中央分向島,寬式(50公分以上),車道線(無標記),寬式快慢車道分隔島(50公分以上),無,車與車,追撞,駕駛者,未保持行車安全距離,死亡0;受傷2,2,機車,普通重型,女,24,不明,不明,車的狀態,向前直行中,機車與自行車,後車尾,,,無(車輛駕駛者因素),尚未發現肇事因素,否,120.726832,24.161287
2024,8,20240802,130300,A2,南投縣政府警察局,南投縣草屯鎮明正里中正路753號前,晴,有照明未開啟或故障,省道,50,單路部分,直路,路段,一般車道(未劃分快慢車道),柏油,乾燥,無缺陷,無障礙物,無遮蔽物,良好,無號誌,無號誌,雙向禁止超車線,無標記,未繪設車道線,未繪設快慢車道分隔線,有,車與車,其他,駕駛者,違反其他標誌(線)禁制,死亡0;受傷3,1,機車,普通重型,女,19,戴非半罩式安全帽,未使用,車的狀態,左轉彎,機車與自行車,前車頭,,,駕駛者,違反其他標誌(線)禁制,否,120.684575,23.981312
2024,8,20240802,130300,A2,南投縣政府警察局,南投縣草屯鎮明正里中正路753號前,晴,有照明未開啟或故障,省道,50,單路部分,直路,路段,一般車道(未劃分快慢車道),柏油,乾燥,無缺陷,無障礙物,無遮蔽物,良好,無號誌,無號誌,雙向禁止超車線,無標記,未繪設車道線,未繪設快慢車道分隔線,有,車與車,其他,駕駛者,違反其他標誌(線)禁制,死亡0;受傷3,2,機車,普通重型,男,20,戴非半罩式安全帽,未使用,車的狀態,向前直行中,機車與自行車,左側車身,,,無(車輛駕駛者因素),尚未發現肇事因素,否,120.684575,23.981312
2024,8,20240802,130300,A2,南投縣政府警察局,南投縣草屯鎮明正里中正路753號前,晴,有照明未開啟或故障,省道,50,單路部分,直路,路段,一般車道(未劃分快慢車道),柏油,乾燥,無缺陷,無障礙物,無遮蔽物,良好,無號誌,無號誌,雙向禁止超車線,無標記,未繪設車道線,未繪設快慢車道分隔線,有,車與車,其他,駕駛者,違反其他標誌(線)禁制,死亡0;受傷3,3,人,乘客,男,11,戴非半罩式安全帽,非駕駛人,人的狀態,靜立(止),其他,非汽、機及自行車,,,無(非車輛駕駛人因素),尚未發現肇事因素,否,120.684575,23.981312
2024,8,20240802,130500,A2,宜蘭縣政府警察局,宜蘭縣壯圍鄉新南橋溪尾17號電桿(南端),晴,無照明,其他,30,單路部分,直路,路段,一般車道(未劃分快慢車道),柏油,乾燥,無缺陷,無障礙物,無遮蔽物,良好,無號誌,無號誌,無,無分向設施,未繪設車道線,未繪設快慢車道分隔線,有,車輛本身,撞電桿,駕駛者,閃避不當(慎),死亡0;受傷1,1,小客車(含客、貨兩用),自用,女,43,繫安全帶(使用幼童安全椅),未使用,車的狀態,向前直行中,汽車,前車頭,,,駕駛者,閃避不當(慎),否,121.807573,24.723721
2024,8,20240802,130500,A2,宜蘭縣政府警察局,宜蘭縣壯圍鄉新南橋溪尾17號電桿(南端),晴,無照明,其他,30,單路部分,直路,路段,一般車道(未劃分快慢車道),柏油,乾燥,無缺陷,無障礙物,無遮蔽物,良好,無號誌,無號誌,無,無分向設施,未繪設車道線,未繪設快慢車道分隔線,有,車輛本身,撞電桿,駕駛者,閃避不當(慎),死亡0;受傷1,2,,,無或物(動物、堆置物),-1,,,,,,,,,無(非車輛駕駛人因素),尚未發現肇事因素,否,121.807573,24.723721
2024,8,20240802,131000,A2,臺中市政府警察局,臺中市大里區仁德里成功二路120巷19之2號前0.0公尺,晴,有照明未開啟或故障,市區道路,30,單路部分,直路,路段,一般車道(未劃分快慢車道),柏油,乾燥,無缺陷,無障礙物,無遮蔽物,良好,無號誌,無號誌,無,無分向設施,未繪設車道線,未繪設快慢車道分隔線,無,車與車,其他,駕駛者,未保持行車安全間隔,死亡0;受傷1,1,機車,普通重型,男,66,戴半罩式安全帽,未使用,車的狀態,向前直行中,機車與自行車,前車頭,,,駕駛者,未保持行車安全間隔,否,120.705338,24.094956
2024,8,20240802,131000,A2,臺中市政府警察局,臺中市大里區仁德里成功二路120巷19之2號前0.0公尺,晴,有照明未開啟或故障,市區道路,30,單路部分,直路,路段,一般車道(未劃分快慢車道),柏油,乾燥,無缺陷,無障礙物,無遮蔽物,良好,無號誌,無號誌,無,無分向設施,未繪設車道線,未繪設快慢車道分隔線,無,車與車,其他,駕駛者,未保持行車安全間隔,死亡0;受傷1,2,小貨車,自用,男,66,不明,不明,車的狀態,靜止(引擎熄火),汽車,左後車尾(身),,,無(車輛駕駛者因素),尚未發現肇事因素,否,120.705338,24.094956
2024,8,20240802,131300,A2,臺北市政府警察局,臺北市大同區大龍街238號前0.0公尺,陰,有照明未開啟或故障,市區道路,50,單路部分,直路,路段,一般車道(未劃分快慢車道),柏油,乾燥,無缺陷,無障礙物,無遮蔽物,良好,無號誌,無號誌,行車分向線,附標記,車道線(無標記),未繪設快慢車道分隔線,無,車與車,側撞,其他,相關跡證不足且無具體影像紀錄，當事人各執一詞，經分析後無法釐清肇事原因,死亡0;受傷2,1,小客車(含客、貨兩用),自用,男,49,不明,不明,車的狀態,起步,汽車,左前車頭(身),,,其他,相關跡證不足且無具體影像紀錄，當事人各執一詞，經分析後無法釐清肇事原因,否,121.515927,25.069663
2024,8,20240802,131300,A2,臺北市政府警察局,臺北市大同區大龍街238號前0.0公尺,陰,有照明未開啟或故障,市區道路,50,單路部分,直路,路段,一般車道(未劃分快慢車道),柏油,乾燥,無缺陷,無障礙物,無遮蔽物,良好,無號誌,無號誌,行車分向線,附標記,車道線(無標記),未繪設快慢車道分隔線,無,車與車,側撞,其他,相關跡證不足且無具體影像紀錄，當事人各執一詞，經分析後無法釐清肇事原因,死亡0;受傷2,2,機車,普通重型,女,28,不明,不明,車的狀態,向前直行中,機車與自行車,前車頭,,,其他,相關跡證不足且無具體影像紀錄，當事人各執一詞，經分析後無法釐清肇事原因,否,121.515927,25.069663
2024,8,20240802,131300,A2,臺北市政府警察局,臺北市大同區大龍街238號前0.0公尺,陰,有照明未開啟或故障,市區道路,50,單路部分,直路,路段,一般車道(未劃分快慢車道),柏油,乾燥,無缺陷,無障礙物,無遮蔽物,良好,無號誌,無號誌,行車分向線,附標記,車道線(無標記),未繪設快慢車道分隔線,無,車與車,側撞,其他,相關跡證不足且無具體影像紀錄，當事人各執一詞，經分析後無法釐清肇事原因,死亡0;受傷2,3,人,乘客,女,18,不明,非駕駛人,人的狀態,其他,其他,非汽、機及自行車,,,無(非車輛駕駛人因素),尚未發現肇事因素,否,121.515927,25.069663
2024,8,20240802,131611,A2,新竹市警察局,新竹市北區光華街與光華南街,晴,無照明,市區道路,50,交岔路,四岔路,交叉路口,交叉路口內,柏油,乾燥,無缺陷,道路工事(程)中,無遮蔽物,良好,行車管制號誌,正常,無,無分向設施,未繪設車道線,未繪設快慢車道分隔線,無,車與車,側撞,駕駛者,右轉彎未依規定,死亡0;受傷1,1,小客車(含客、貨兩用),自用,男,62,不明,不明,車的狀態,右轉彎,汽車,右側車身,汽車,右前車頭(身),駕駛者,右轉彎未依規定,否,120.972314,24.816569
2024,8,20240802,131611,A2,新竹市警察局,新竹市北區光華街與光華南街,晴,無照明,市區道路,50,交岔路,四岔路,交叉路口,交叉路口內,柏油,乾燥,無缺陷,道路工事(程)中,無遮蔽物,良好,行車管制號誌,正常,無,無分向設施,未繪設車道線,未繪設快慢車道分隔線,無,車與車,側撞,駕駛者,右轉彎未依規定,死亡0;受傷1,2,機車,普通重型,女,39,不明,不明,車的狀態,向前直行中,機車與自行車,前車頭,,,駕駛者,未依規定減速,否,120.972314,24.816569
2024,8,20240802,133000,A2,臺北市政府警察局,臺北市松山區南京東路4段 / 臺北市松山區敦化北路,晴,有照明且開啟,村里道路,50,交岔路,四岔路,交叉路口,交叉路口內,柏油,乾燥,無缺陷,無障礙物,無遮蔽物,良好,行車管制號誌,正常,中央分向島,寬式(50公分以上),車道線(無標記),未繪設快慢車道分隔線,無,車與車,同向擦撞,駕駛者,其他未依規定讓車,死亡0;受傷1,1,機車,普通重型,男,39,戴非半罩式安全帽,未使用,車的狀態,向右變換車道,機車與自行車,後車尾,,,駕駛者,其他未依規定讓車,否,121.549005,25.051857
2024,8,20240802,133000,A2,臺北市政府警察局,臺北市松山區南京東路4段 / 臺北市松山區敦化北路,晴,有照明且開啟,村里道路,50,交岔路,四岔路,交叉路口,交叉路口內,柏油,乾燥,無缺陷,無障礙物,無遮蔽物,良好,行車管制號誌,正常,中央分向島,寬式(50公分以上),車道線(無標記),未繪設快慢車道分隔線,無,車與車,同向擦撞,駕駛者,其他未依規定讓車,死亡0;受傷1,2,機車,普通重型,男,45,戴半罩式安全帽,未使用,車的狀態,向前直行中,機車與自行車,前車頭,,,無(車輛駕駛者因素),尚未發現肇事因素,否,121.549005,25.051857
2024,8,20240802,135500,A2,臺北市政府警察局,臺北市中山區自強隧道(外)前0.0公尺,晴,有照明未開啟或故障,村里道路,50,圓環廣場,圓環,路段,一般車道(未劃分快慢車道),柏油,乾燥,無缺陷,無障礙物,無遮蔽物,良好,行車管制號誌,正常,中央分向島,寬式(50公分以上),車道線(無標記),未繪設快慢車道分隔線,無,車與車,追撞,無(車輛駕駛者因素),尚未發現肇事因素,死亡0;受傷1,1,小客車(含客、貨兩用),自用,女,33,不明,不明,車的狀態,向前直行中,汽車,右前車頭(身),,,無(車輛駕駛者因素),尚未發現肇事因素,否,121.549949,25.085252
2024,8,20240802,135500,A2,臺北市政府警察局,臺北市中山區自強隧道(外)前0.0公尺,晴,有照明未開啟或故障,村里道路,50,圓環廣場,圓環,路段,一般車道(未劃分快慢車道),柏油,乾燥,無缺陷,無障礙物,無遮蔽物,良好,行車管制號誌,正常,中央分向島,寬式(50公分以上),車道線(無標記),未繪設快慢車道分隔線,無,車與車,追撞,無(車輛駕駛者因素),尚未發現肇事因素,死亡0;受傷1,2,機車,普通重型,男,26,戴非半罩式安全帽,不明,車的狀態,向前直行中,機車與自行車,後車尾,,,無(車輛駕駛者因素),尚未發現肇事因素,否,121.549949,25.085252
2024,8,20240802,135600,A2,宜蘭縣政府警察局,宜蘭縣羅東鎮中山路2段317號前0.0公尺,晴,有照明未開啟或故障,省道,60,單路部分,直路,路段,一般車道(未劃分快慢車道),柏油,乾燥,無缺陷,無障礙物,無遮蔽物,良好,無號誌,無號誌,雙向禁止超車線,附標記,未繪設車道線,快慢車道分隔線,有,車與車,側撞,駕駛者,起步時未注意安全,死亡0;受傷1,1,機車,普通重型,男,49,戴半罩式安全帽,未使用,車的狀態,起步,機車與自行車,前車頭,,,駕駛者,起步時未注意安全,否,121.778358,24.674448
2024,8,20240802,135600,A2,宜蘭縣政府警察局,宜蘭縣羅東鎮中山路2段317號前0.0公尺,晴,有照明未開啟或故障,省道,60,單路部分,直路,路段,一般車道(未劃分快慢車道),柏油,乾燥,無缺陷,無障礙物,無遮蔽物,良好,無號誌,無號誌,雙向禁止超車線,附標記,未繪設車道線,快慢車道分隔線,有,車與車,側撞,駕駛者,起步時未注意安全,死亡0;受傷1,2,機車,普通重型,女,18,戴非半罩式安全帽,未使用,車的狀態,向前直行中,機車與自行車,前車頭,,,無(車輛駕駛者因素),尚未發現肇事因素,否,121.778358,24.674448
2024,8,20240802,140300,A2,臺中市政府警察局,臺中市南屯區春安里春安二街2號前0.0公尺,晴,有照明未開啟或故障,市區道路,30,單路部分,直路,路段,一般車道(未劃分快慢車道),柏油,乾燥,無缺陷,無障礙物,無遮蔽物,良好,無號誌,無號誌,無,無分向設施,未繪設車道線,未繪設快慢車道分隔線,無,車與車,其他,駕駛者,倒車未依規定,死亡0;受傷1,1,小客車(含客、貨兩用),自用,男,39,繫安全帶(使用幼童安全椅),未使用,車的狀態,倒車,汽車,後車尾,,,駕駛者,倒車未依規定,否,120.609402,24.134697
2024,8,20240802,140300,A2,臺中市政府警察局,臺中市南屯區春安里春安二街2號前0.0公尺,晴,有照明未開啟或故障,市區道路,30,單路部分,直路,路段,一般車道(未劃分快慢車道),柏油,乾燥,無缺陷,無障礙物,無遮蔽物,良好,無號誌,無號誌,無,無分向設施,未繪設車道線,未繪設快慢車道分隔線,無,車與車,其他,駕駛者,倒車未依規定,死亡0;受傷1,2,機車,普通重型,女,27,戴半罩式安全帽,未使用,車的狀態,向前直行中,機車與自行車,前車頭,,,無(車輛駕駛者因素),尚未發現肇事因素,否,120.609402,24.134697
2024,8,20240802,140400,A2,臺北市政府警察局,臺北市信義區莊敬路362號前0.0公尺,晴,有照明未開啟或故障,市區道路,50,單路部分,直路,路段,快車道,柏油,乾燥,無缺陷,無障礙物,無遮蔽物,良好,無號誌,無號誌,行車分向線,無標記,車道線(無標記),快慢車道分隔線,無,車與車,其他,駕駛者,迴轉未依規定,死亡0;受傷1,1,小客車(含客、貨兩用),自用,男,22,繫安全帶(使用幼童安全椅),未使用,車的狀態,迴轉或橫越道路中,其他,無撞擊,,,駕駛者,迴轉未依規定,否,121.564616,25.027769
2024,8,20240802,140400,A2,臺北市政府警察局,臺北市信義區莊敬路362號前0.0公尺,晴,有照明未開啟或故障,市區道路,50,單路部分,直路,路段,快車道,柏油,乾燥,無缺陷,無障礙物,無遮蔽物,良好,無號誌,無號誌,行車分向線,無標記,車道線(無標記),快慢車道分隔線,無,車與車,其他,駕駛者,迴轉未依規定,死亡0;受傷1,2,機車,普通重型,女,26,戴非半罩式安全帽,未使用,車的狀態,向前直行中,機車與自行車,左側車身,,,無(車輛駕駛者因素),尚未發現肇事因素,否,121.564616,25.027769
2024,8,20240802,141420,A2,嘉義縣警察局,嘉義縣六腳鄉豐美村台19線道路與縣道145道路路口處附近,晴,有照明未開啟或故障,省道,50,交岔路,三岔路,交叉路口,交叉口附近,柏油,乾燥,無缺陷,無障礙物,無遮蔽物,良好,行車管制號誌,正常,雙向禁止超車線,無標記,車道線(無標記),快慢車道分隔線,有,車與車,同向擦撞,駕駛者,違反其他標誌(線)禁制,死亡0;受傷1,1,小貨車,自用,男,57,繫安全帶(使用幼童安全椅),未使用,車的狀態,迴轉或橫越道路中,汽車,右後車尾(身),,,駕駛者,違反其他標誌(線)禁制,否,120.281990,23.529606
2024,8,20240802,141420,A2,嘉義縣警察局,嘉義縣六腳鄉豐美村台19線道路與縣道145道路路口處附近,晴,有照明未開啟或故障,省道,50,交岔路,三岔路,交叉路口,交叉口附近,柏油,乾燥,無缺陷,無障礙物,無遮蔽物,良好,行車管制號誌,正常,雙向禁止超車線,無標記,車道線(無標記),快慢車道分隔線,有,車與車,同向擦撞,駕駛者,違反其他標誌(線)禁制,死亡0;受傷1,2,機車,普通重型,男,19,戴非半罩式安全帽,未使用,車的狀態,向前直行中,機車與自行車,前車頭,,,駕駛者,閃避不當(慎),否,120.281990,23.529606
2024,8,20240802,142300,A2,臺北市政府警察局,臺北市大同區市民大道1段 / 臺北市大同區承德路1段,晴,有照明未開啟或故障,市區道路,40,交岔路,多岔路,交叉路口,交叉路口內,柏油,乾燥,無缺陷,無障礙物,無遮蔽物,良好,行車管制號誌(附設行人專用號誌),正常,中央分向島,寬式(50公分以上),車道線(無標記),未繪設快慢車道分隔線,無,車與車,其他,駕駛者,其他未依規定讓車,死亡0;受傷1,1,小客車(含客、貨兩用),自用,男,23,繫安全帶(使用幼童安全椅),未使用,車的狀態,左轉彎,汽車,左側車身,,,駕駛者,其他未依規定讓車,否,121.516429,25.048706
2024,8,20240802,142300,A2,臺北市政府警察局,臺北市大同區市民大道1段 / 臺北市大同區承德路1段,晴,有照明未開啟或故障,市區道路,40,交岔路,多岔路,交叉路口,交叉路口內,柏油,乾燥,無缺陷,無障礙物,無遮蔽物,良好,行車管制號誌(附設行人專用號誌),正常,中央分向島,寬式(50公分以上),車道線(無標記),未繪設快慢車道分隔線,無,車與車,其他,駕駛者,其他未依規定讓車,死亡0;受傷1,2,機車,普通重型,女,24,戴非半罩式安全帽,未使用,車的狀態,向前直行中,機車與自行車,右側車身,,,無(車輛駕駛者因素),尚未發現肇事因素,否,121.516429,25.048706
2024,8,20240802,142500,A2,臺中市政府警察局,臺中市梧棲區大村里中央路一段 / 臺中市梧棲區大村里立德街,晴,有照明未開啟或故障,市區道路,50,交岔路,四岔路,交叉路口,交叉路口內,柏油,乾燥,無缺陷,無障礙物,無遮蔽物,良好,行車管制號誌,正常,雙向禁止超車線,無標記,車道線(無標記),未繪設快慢車道分隔線,有,車與車,路口交岔撞,駕駛者,闖紅燈直行,死亡0;受傷1,1,小客車(含客、貨兩用),自用,男,48,繫安全帶(使用幼童安全椅),未使用,車的狀態,向前直行中,汽車,右後車尾(身),,,駕駛者,闖紅燈直行,否,120.537141,24.242338
2024,8,20240802,142500,A2,臺中市政府警察局,臺中市梧棲區大村里中央路一段 / 臺中市梧棲區大村里立德街,晴,有照明未開啟或故障,市區道路,50,交岔路,四岔路,交叉路口,交叉路口內,柏油,乾燥,無缺陷,無障礙物,無遮蔽物,良好,行車管制號誌,正常,雙向禁止超車線,無標記,車道線(無標記),未繪設快慢車道分隔線,有,車與車,路口交岔撞,駕駛者,闖紅燈直行,死亡0;受傷1,2,機車,普通重型,女,20,戴非半罩式安全帽,未使用,車的狀態,向前直行中,機車與自行車,前車頭,,,無(車輛駕駛者因素),尚未發現肇事因素,否,120.537141,24.242338
2024,8,20240802,143000,A2,新竹縣政府警察局,新竹縣新埔鎮新湖路128巷1號,晴,無照明,市區道路,0,單路部分,彎曲路及附近,路段,一般車道(未劃分快慢車道),柏油,乾燥,無缺陷,無障礙物,無遮蔽物,良好,無號誌,無號誌,雙向禁止超車線,附標記,車道線(附標記),未繪設快慢車道分隔線,有,車輛本身,路上翻車、摔倒,無(非車輛駕駛人因素),尚未發現肇事因素,死亡0;受傷1,1,,,無或物(動物、堆置物),-1,,,,,,,,,無(非車輛駕駛人因素),尚未發現肇事因素,否,121.029673,24.850435
2024,8,20240802,143000,A2,新竹縣政府警察局,新竹縣新埔鎮新湖路128巷1號,晴,無照明,市區道路,0,單路部分,彎曲路及附近,路段,一般車道(未劃分快慢車道),柏油,乾燥,無缺陷,無障礙物,無遮蔽物,良好,無號誌,無號誌,雙向禁止超車線,附標記,車道線(附標記),未繪設快慢車道分隔線,有,車輛本身,路上翻車、摔倒,無(非車輛駕駛人因素),尚未發現肇事因素,死亡0;受傷1,2,機車,普通重型,男,19,戴半罩式安全帽,未使用,車的狀態,左轉彎,機車與自行車,左側車身,機車與自行車,左側車身,無(車輛駕駛者因素),尚未發現肇事因素,否,121.029673,24.850435
2024,8,20240802,143100,A2,臺北市政府警察局,臺北市萬華區環河南路3段 / 臺北市萬華區西園路2段,晴,有照明且開啟,其他,50,圓環廣場,其他,其他,其他,柏油,乾燥,無缺陷,無障礙物,無遮蔽物,良好,無號誌,無號誌,無,無分向設施,未繪設車道線,未繪設快慢車道分隔線,無,車與車,其他,其他,其他不當駕車行為,死亡0;受傷1,1,機車,普通重型,男,47,不明,不明,車的狀態,右轉彎,機車與自行車,右側車身,,,其他,其他不當駕車行為,否,121.491206,25.024011
2024,8,20240802,143100,A2,臺北市政府警察局,臺北市萬華區環河南路3段 / 臺北市萬華區西園路2段,晴,有照明且開啟,其他,50,圓環廣場,其他,其他,其他,柏油,乾燥,無缺陷,無障礙物,無遮蔽物,良好,無號誌,無號誌,無,無分向設施,未繪設車道線,未繪設快慢車道分隔線,無,車與車,其他,其他,其他不當駕車行為,死亡0;受傷1,2,小貨車,租賃小貨車,男,42,不明,不明,車的狀態,向前直行中,其他,無撞擊,,,其他,其他不當駕車行為,否,121.491206,25.024011
2024,8,20240802,143300,A2,臺中市政府警察局,臺中市豐原區葫蘆里中正路273號前0.0公尺,晴,無照明,市區道路,40,單路部分,直路,路段,慢車道,柏油,乾燥,無缺陷,無障礙物,無遮蔽物,良好,無號誌,無號誌,雙向禁止超車線,無標記,未繪設車道線,快慢車道分隔線,無,車與車,其他,駕駛者,變換車道不當,死亡0;受傷1,1,小客車(含客、貨兩用),自用,男,51,不明,不明,車的狀態,向右變換車道,汽車,右前車頭(身),,,駕駛者,變換車道不當,否,120.716368,24.251533
2024,8,20240802,143300,A2,臺中市政府警察局,臺中市豐原區葫蘆里中正路273號前0.0公尺,晴,無照明,市區道路,40,單路部分,直路,路段,慢車道,柏油,乾燥,無缺陷,無障礙物,無遮蔽物,良好,無號誌,無號誌,雙向禁止超車線,無標記,未繪設車道線,快慢車道分隔線,無,車與車,其他,駕駛者,變換車道不當,死亡0;受傷1,2,機車,普通重型,女,47,戴半罩式安全帽,不明,車的狀態,向前直行中,機車與自行車,左側車身,,,無(車輛駕駛者因素),尚未發現肇事因素,否,120.716368,24.251533
2024,8,20240802,144000,A2,臺中市政府警察局,臺中市沙鹿區鹿寮里光華路 / 臺中市沙鹿區鹿寮里成功東街,晴,有照明且開啟,市區道路,50,交岔路,三岔路,交叉路口,交叉路口內,柏油,乾燥,無缺陷,無障礙物,無遮蔽物,良好,行車管制號誌(附設行人專用號誌),正常,無,無分向設施,未繪設車道線,未繪設快慢車道分隔線,無,車與車,側撞,駕駛者,有號誌路口，轉彎車未讓直行車先行,死亡0;受傷1,1,小客車(含客、貨兩用),自用,女,52,繫安全帶(使用幼童安全椅),未使用,車的狀態,左轉彎,汽車,前車頭,,,駕駛者,有號誌路口，轉彎車未讓直行車先行,否,120.564972,24.241809
2024,8,20240802,144000,A2,臺中市政府警察局,臺中市沙鹿區鹿寮里光華路 / 臺中市沙鹿區鹿寮里成功東街,晴,有照明且開啟,市區道路,50,交岔路,三岔路,交叉路口,交叉路口內,柏油,乾燥,無缺陷,無障礙物,無遮蔽物,良好,行車管制號誌(附設行人專用號誌),正常,無,無分向設施,未繪設車道線,未繪設快慢車道分隔線,無,車與車,側撞,駕駛者,有號誌路口，轉彎車未讓直行車先行,死亡0;受傷1,2,機車,普通重型,男,36,戴半罩式安全帽,未使用,車的狀態,向前直行中,機車與自行車,左側車身,,,駕駛者,未依規定減速,否,120.564972,24.241809
2024,8,20240802,144300,A2,臺中市政府警察局,臺中市西區中興里公益路 / 臺中市西區中興里中美街,晴,無照明,市區道路,50,交岔路,四岔路,交叉路口,交叉口附近,柏油,乾燥,無缺陷,無障礙物,無遮蔽物,良好,行車管制號誌,正常,雙向禁止超車線,無標記,車道線(無標記),未繪設快慢車道分隔線,無,車與車,同向擦撞,其他,其他不當駕車行為,死亡0;受傷1,1,機車,普通重型,女,57,戴半罩式安全帽,未使用,車的狀態,其他,機車與自行車,左側車身,,,其他,其他不當駕車行為,否,120.660201,24.150840
2024,8,20240802,144300,A2,臺中市政府警察局,臺中市西區中興里公益路 / 臺中市西區中興里中美街,晴,無照明,市區道路,50,交岔路,四岔路,交叉路口,交叉口附近,柏油,乾燥,無缺陷,無障礙物,無遮蔽物,良好,行車管制號誌,正常,雙向禁止超車線,無標記,車道線(無標記),未繪設快慢車道分隔線,無,車與車,同向擦撞,其他,其他不當駕車行為,死亡0;受傷1,2,小客車(含客、貨兩用),自用,男,23,繫安全帶(使用幼童安全椅),未使用,車的狀態,向前直行中,汽車,左前車頭(身),,,其他,其他不當駕車行為,否,120.660201,24.150840
2024,8,20240802,144300,A2,臺中市政府警察局,臺中市西區中興里公益路 / 臺中市西區中興里中美街,晴,無照明,市區道路,50,交岔路,四岔路,交叉路口,交叉口附近,柏油,乾燥,無缺陷,無障礙物,無遮蔽物,良好,行車管制號誌,正常,雙向禁止超車線,無標記,車道線(無標記),未繪設快慢車道分隔線,無,車與車,同向擦撞,其他,其他不當駕車行為,死亡0;受傷1,3,小貨車,自用,男,50,繫安全帶(使用幼童安全椅),未使用,車的狀態,等待(引擎未熄火),其他,無撞擊,,,其他,違規(臨時)停車,否,120.660201,24.150840
2024,8,20240802,144400,A2,臺中市政府警察局,臺中市烏日區光明里五光路 / 臺中市烏日區光明里五光路,晴,無照明,市區道路,50,交岔路,四岔路,交叉路口,交叉路口內,柏油,乾燥,無缺陷,無障礙物,無遮蔽物,良好,閃光號誌,正常,無,無分向設施,未繪設車道線,未繪設快慢車道分隔線,無,車與車,路口交岔撞,駕駛者,其他未依規定讓車,死亡0;受傷1,1,小貨車,租賃小貨車,男,22,繫安全帶(使用幼童安全椅),未使用,車的狀態,向前直行中,汽車,左側車身,,,駕駛者,其他未依規定讓車,否,120.640349,24.098318
2024,8,20240802,144400,A2,臺中市政府警察局,臺中市烏日區光明里五光路 / 臺中市烏日區光明里五光路,晴,無照明,市區道路,50,交岔路,四岔路,交叉路口,交叉路口內,柏油,乾燥,無缺陷,無障礙物,無遮蔽物,良好,閃光號誌,正常,無,無分向設施,未繪設車道線,未繪設快慢車道分隔線,無,車與車,路口交岔撞,駕駛者,其他未依規定讓車,死亡0;受傷1,2,機車,普通重型,女,18,戴半罩式安全帽,未使用,車的狀態,向前直行中,機車與自行車,前車頭,,,駕駛者,未依規定減速,否,120.640349,24.098318
2024,8,20240802,144436,A2,彰化縣警察局,彰化縣福興鄉番花路2段口 / 彰化縣福興鄉番社街口,晴,無照明,其他,30,交岔路,四岔路,交叉路口,交叉路口內,柏油,乾燥,無缺陷,無障礙物,無遮蔽物,良好,閃光號誌,正常,雙向禁止超車線,無標記,未繪設車道線,未繪設快慢車道分隔線,有,車與車,路口交岔撞,駕駛者,其他未依規定讓車,死亡0;受傷1,1,小客車(含客、貨兩用),自用,女,39,不明,不明,車的狀態,向前直行中,汽車,左前車頭(身),,,駕駛者,其他未依規定讓車,否,120.460514,24.021509