發生年度,發生月份,發生日期,發生時間,事故類別名稱,處理單位名稱警局層,發生地點,天候名稱,光線名稱,道路類別-第1當事者-名稱,速限-第1當事者,道路型態大類別名稱,道路型態子類別名稱,事故位置大類別名稱,事故位置子類別名稱,路面狀況-路面鋪裝名稱,路面狀況-路面狀態名稱,路面狀況-路面缺陷名稱,道路障礙-障礙物名稱,道路障礙-視距品質名稱,道路障礙-視距名稱,號誌-號誌種類名稱,號誌-號誌動作名稱,車道劃分設施-分向設施大類別名稱,車道劃分設施-分向設施子類別名稱,車道劃分設施-分道設施-快車道或一般車道間名稱,車道劃分設施-分道設施-快慢車道間名稱,車道劃分設施-分道設施-路面邊線名稱,事故類型及型態大類別名稱,事故類型及型態子類別名稱,肇因研判大類別名稱-主要,肇因研判子類別名稱-主要,死亡受傷人數,當事者順位,當事者區分-類別-大類別名稱-車種,當事者區分-類別-子類別名稱-車種,當事者屬-性-別名稱,當事者事故發生時年齡,保護裝備名稱,行動電話或電腦或其他相類功能裝置名稱,當事者行動狀態大類別名稱,當事者行動狀態子類別名稱,車輛撞擊部位大類別名稱-最初,車輛撞擊部位子類別名稱-最初,車輛撞擊部位大類別名稱-其他,車輛撞擊部位子類別名稱-其他,肇因研判大類別名稱-個別,肇因研判子類別名稱-個別,肇事逃逸類別名稱-是否肇逃,經度,緯度
2024,8,20240802,144436,A2,彰化縣警察局,彰化縣福興鄉番花路2段口 / 彰化縣福興鄉番社街口,晴,無照明,其他,30,交岔路,四岔路,交叉路口,交叉路口內,柏油,乾燥,無缺陷,無障礙物,無遮蔽物,良好,閃光號誌,正常,雙向禁止超車線,無標記,未繪設車道線,未繪設快慢車道分隔線,有,車與車,路口交岔撞,駕駛者,其他未依規定讓車,死亡0;受傷1,2,機車,大型重型2(250-550C.C.),男,55,不明,不明,車的狀態,向前直行中,機車與自行車,前車頭,,,駕駛者,未依規定減速,否,120.460514,24.021509
2024,8,20240802,144600,A2,臺中市政府警察局,臺中市北區長青里中清路一段 / 臺中市北區長青里天津路一段,晴,有照明未開啟或故障,市區道路,50,交岔路,四岔路,交叉路口,交叉路口內,柏油,乾燥,無缺陷,無障礙物,無遮蔽物,良好,行車管制號誌,正常,雙向禁止超車線,無標記,未繪設車道線,快慢車道分隔線,無,車與車,側撞,駕駛者,有號誌路口，轉彎車未讓直行車先行,死亡0;受傷1,1,小客車(含客、貨兩用),自用,男,61,繫安全帶(使用幼童安全椅),未使用,車的狀態,右轉彎,汽車,右側車身,,,駕駛者,有號誌路口，轉彎車未讓直行車先行,否,120.672109,24.170044
2024,8,20240802,144600,A2,臺中市政府警察局,臺中市北區長青里中清路一段 / 臺中市北區長青里天津路一段,晴,有照明未開啟或故障,市區道路,50,交岔路,四岔路,交叉路口,交叉路口內,柏油,乾燥,無缺陷,無障礙物,無遮蔽物,良好,行車管制號誌,正常,雙向禁止超車線,無標記,未繪設車道線,快慢車道分隔線,無,車與車,側撞,駕駛者,有號誌路口，轉彎車未讓直行車先行,死亡0;受傷1,2,機車,普通重型,男,53,戴半罩式安全帽,未使用,車的狀態,向前直行中,機車與自行車,左側車身,,,無(車輛駕駛者因素),尚未發現肇事因素,否,120.672109,24.170044
2024,8,20240802,145000,A2,臺北市政府警察局,臺北市萬華區環河南路2段 / 臺北市萬華區長順街,晴,有照明未開啟或故障,市區道路,50,交岔路,四岔路,交叉路口,交叉路口內,柏油,乾燥,無缺陷,無障礙物,無遮蔽物,良好,行車管制號誌(附設行人專用號誌),正常,中央分向島,寬式(50公分以上),未繪設車道線,未繪設快慢車道分隔線,無,車與車,側撞,駕駛者,左轉彎未依規定,死亡0;受傷1,1,機車,普通重型,女,28,戴非半罩式安全帽,未使用,車的狀態,左轉彎,機車與自行車,後車尾,,,駕駛者,左轉彎未依規定,否,121.490708,25.031256
2024,8,20240802,145000,A2,臺北市政府警察局,臺北市萬華區環河南路2段 / 臺北市萬華區長順街,晴,有照明未開啟或故障,市區道路,50,交岔路,四岔路,交叉路口,交叉路口內,柏油,乾燥,無缺陷,無障礙物,無遮蔽物,良好,行車管制號誌(附設行人專用號誌),正常,中央分向島,寬式(50公分以上),未繪設車道線,未繪設快慢車道分隔線,無,車與車,側撞,駕駛者,左轉彎未依規定,死亡0;受傷1,2,小客車(含客、貨兩用),自用,男,112,不明,不明,車的狀態,向前直行中,汽車,前車頭,,,無(車輛駕駛者因素),尚未發現肇事因素,否,121.490708,25.031256
2024,8,20240802,145000,A2,臺中市政府警察局,臺中市北屯區松強里崇德十路一段 / 臺中市北屯區松強里昌平東一路,晴,無照明,市區道路,50,交岔路,三岔路,交叉路口,交叉路口內,柏油,乾燥,無缺陷,無障礙物,無遮蔽物,良好,無號誌,無號誌,無,無分向設施,未繪設車道線,未繪設快慢車道分隔線,無,車與車,側撞,駕駛者,無號誌路口，支線道未讓幹線道先行,死亡0;受傷1,1,小客車(含客、貨兩用),自用,女,58,不明,不明,車的狀態,左轉彎,汽車,前車頭,,,駕駛者,無號誌路口，支線道未讓幹線道先行,否,120.686935,24.188250
2024,8,20240802,145000,A2,臺中市政府警察局,臺中市北屯區松強里崇德十路一段 / 臺中市北屯區松強里昌平東一路,晴,無照明,市區道路,50,交岔路,三岔路,交叉路口,交叉路口內,柏油,乾燥,無缺陷,無障礙物,無遮蔽物,良好,無號誌,無號誌,無,無分向設施,未繪設車道線,未繪設快慢車道分隔線,無,車與車,側撞,駕駛者,無號誌路口，支線道未讓幹線道先行,死亡0;受傷1,2,機車,普通重型,男,63,不明,不明,車的狀態,向前直行中,機車與自行車,右側車身,,,駕駛者,未依規定減速,否,120.686935,24.188250
2024,8,20240802,150213,A2,屏東縣政府警察局,屏東縣東港鎮船頭路14之3號,晴,無照明,市區道路,50,交岔路,三岔路,交叉路口,交叉路口內,柏油,乾燥,無缺陷,無障礙物,無遮蔽物,良好,行車管制號誌,正常,雙向禁止超車線,附標記,車道線(無標記),未繪設快慢車道分隔線,有,車與車,側撞,駕駛者,左轉彎未依規定,死亡0;受傷1,1,小客車(含客、貨兩用),自用,女,49,繫安全帶(使用幼童安全椅),未使用,車的狀態,左轉彎,汽車,右側車身,,,駕駛者,左轉彎未依規定,否,120.467465,22.465063
2024,8,20240802,150213,A2,屏東縣政府警察局,屏東縣東港鎮船頭路14之3號,晴,無照明,市區道路,50,交岔路,三岔路,交叉路口,交叉路口內,柏油,乾燥,無缺陷,無障礙物,無遮蔽物,良好,行車管制號誌,正常,雙向禁止超車線,附標記,車道線(無標記),未繪設快慢車道分隔線,有,車與車,側撞,駕駛者,左轉彎未依規定,死亡0;受傷1,2,機車,普通重型,男,34,戴半罩式安全帽,未使用,車的狀態,向前直行中,機車與自行車,前車頭,,,無(車輛駕駛者因素),尚未發現肇事因素,否,120.467465,22.465063
2024,8,20240802,150507,A2,嘉義縣警察局,嘉義縣朴子市竹圍里博文街89號前,晴,有照明未開啟或故障,村里道路,30,交岔路,三岔路,交叉路口,交叉路口內,柏油,乾燥,無缺陷,無障礙物,無遮蔽物,良好,無號誌,無號誌,無,無分向設施,未繪設車道線,未繪設快慢車道分隔線,無,車與車,側撞,駕駛者,無號誌路口，轉彎車未讓直行車先行,死亡0;受傷1,1,小客車(含客、貨兩用),自用,女,62,繫安全帶(使用幼童安全椅),未使用,車的狀態,左轉彎,汽車,右前車頭(身),,,駕駛者,無號誌路口，轉彎車未讓直行車先行,否,120.239566,23.462675
2024,8,20240802,150507,A2,嘉義縣警察局,嘉義縣朴子市竹圍里博文街89號前,晴,有照明未開啟或故障,村里道路,30,交岔路,三岔路,交叉路口,交叉路口內,柏油,乾燥,無缺陷,無障礙物,無遮蔽物,良好,無號誌,無號誌,無,無分向設施,未繪設車道線,未繪設快慢車道分隔線,無,車與車,側撞,駕駛者,無號誌路口，轉彎車未讓直行車先行,死亡0;受傷1,2,機車,普通重型,男,63,戴半罩式安全帽,未使用,車的狀態,向前直行中,機車與自行車,左側車身,,,無(車輛駕駛者因素),尚未發現肇事因素,否,120.239566,23.462675
2024,8,20240802,150900,A2,臺中市政府警察局,臺中市豐原區北湳里三豐路一段182號前0.0公尺,晴,有照明未開啟或故障,市區道路,50,單路部分,直路,路段,快車道,柏油,乾燥,無缺陷,無障礙物,無遮蔽物,良好,閃光號誌,正常,雙向禁止超車線,無標記,未繪設車道線,快慢車道分隔線,無,車與車,其他,駕駛者,未保持行車安全距離,死亡0;受傷3,1,機車,普通重型,女,25,戴非半罩式安全帽,未使用,車的狀態,向前直行中,機車與自行車,前車頭,,,駕駛者,未保持行車安全距離,否,120.721610,24.257628
2024,8,20240802,150900,A2,臺中市政府警察局,臺中市豐原區北湳里三豐路一段182號前0.0公尺,晴,有照明未開啟或故障,市區道路,50,單路部分,直路,路段,快車道,柏油,乾燥,無缺陷,無障礙物,無遮蔽物,良好,閃光號誌,正常,雙向禁止超車線,無標記,未繪設車道線,快慢車道分隔線,無,車與車,其他,駕駛者,未保持行車安全距離,死亡0;受傷3,2,機車,普通重型,男,27,戴非半罩式安全帽,未使用,車的狀態,向前直行中,機車與自行車,後車尾,,,無(車輛駕駛者因素),尚未發現肇事因素,否,120.721610,24.257628
2024,8,20240802,150900,A2,臺中市政府警察局,臺中市豐原區北湳里三豐路一段182號前0.0公尺,晴,有照明未開啟或故障,市區道路,50,單路部分,直路,路段,快車道,柏油,乾燥,無缺陷,無障礙物,無遮蔽物,良好,閃光號誌,正常,雙向禁止超車線,無標記,未繪設車道線,快慢車道分隔線,無,車與車,其他,駕駛者,未保持行車安全距離,死亡0;受傷3,3,人,行人,男,67,其他(無需使用保護裝備之人),非駕駛人,人的狀態,步行,其他,非汽、機及自行車,,,非駕駛者,未依標誌或標線穿越道路,否,120.721610,24.257628
2024,8,20240802,150900,A2,新北市政府警察局,新北市新莊區光華街 / 新北市新莊區西盛街,晴,有照明未開啟或故障,市區道路,30,交岔路,四岔路,交叉路口,交叉路口內,柏油,乾燥,無缺陷,無障礙物,無遮蔽物,良好,無號誌,無號誌,無,無分向設施,未繪設車道線,未繪設快慢車道分隔線,有,車與車,路口交岔撞,駕駛者,其他未依規定讓車,死亡0;受傷2,1,機車,普通重型,女,69,戴非半罩式安全帽,未使用,車的狀態,向前直行中,機車與自行車,右側車身,,,駕駛者,其他未依規定讓車,否,121.428414,25.011844
2024,8,20240802,150900,A2,新北市政府警察局,新北市新莊區光華街 / 新北市新莊區西盛街,晴,有照明未開啟或故障,市區道路,30,交岔路,四岔路,交叉路口,交叉路口內,柏油,乾燥,無缺陷,無障礙物,無遮蔽物,良好,無號誌,無號誌,無,無分向設施,未繪設車道線,未繪設快慢車道分隔線,有,車與車,路口交岔撞,駕駛者,其他未依規定讓車,死亡0;受傷2,2,機車,普通重型,男,28,戴非半罩式安全帽,未使用,車的狀態,向前直行中,機車與自行車,左側車身,,,無(車輛駕駛者因素),尚未發現肇事因素,否,121.428414,25.011844
2024,8,20240802,151000,A2,臺北市政府警察局,臺北市內湖區五分街 / 臺北市內湖區安康路,晴,有照明未開啟或故障,市區道路,30,交岔路,三岔路,交叉路口,交叉口附近,柏油,乾燥,無缺陷,無障礙物,無遮蔽物,良好,無號誌,無號誌,無,無分向設施,未繪設車道線,未繪設快慢車道分隔線,無,車與車,側撞,駕駛者,左轉彎未依規定,死亡0;受傷1,1,小貨車,自用,男,38,繫安全帶(使用幼童安全椅),未使用,車的狀態,左轉彎,汽車,左前車頭(身),,,駕駛者,左轉彎未依規定,否,121.616362,25.066679
2024,8,20240802,151000,A2,臺北市政府警察局,臺北市內湖區五分街 / 臺北市內湖區安康路,晴,有照明未開啟或故障,市區道路,30,交岔路,三岔路,交叉路口,交叉口附近,柏油,乾燥,無缺陷,無障礙物,無遮蔽物,良好,無號誌,無號誌,無,無分向設施,未繪設車道線,未繪設快慢車道分隔線,無,車與車,側撞,駕駛者,左轉彎未依規定,死亡0;受傷1,2,機車,普通重型,男,61,戴半罩式安全帽,未使用,車的狀態,向前直行中,機車與自行車,右側車身,,,無(車輛駕駛者因素),尚未發現肇事因素,否,121.616362,25.066679
2024,8,20240802,151200,A2,彰化縣警察局,彰化縣福興鄉福興路62之42號前路口,晴,有照明未開啟或故障,村里道路,50,交岔路,三岔路,交叉路口,交叉路口內,柏油,乾燥,無缺陷,無障礙物,無遮蔽物,良好,行車管制號誌,正常,雙向禁止超車線,無標記,未繪設車道線,未繪設快慢車道分隔線,有,車與車,側撞,駕駛者,有號誌路口，轉彎車未讓直行車先行,死亡0;受傷1,1,慢車,微型電動二輪車,男,18,戴非半罩式安全帽,未使用,車的狀態,左轉彎,機車與自行車,前車頭,,,駕駛者,有號誌路口，轉彎車未讓直行車先行,否,120.429276,24.053190
2024,8,20240802,151200,A2,彰化縣警察局,彰化縣福興鄉福興路62之42號前路口,晴,有照明未開啟或故障,村里道路,50,交岔路,三岔路,交叉路口,交叉路口內,柏油,乾燥,無缺陷,無障礙物,無遮蔽物,良好,行車管制號誌,正常,雙向禁止超車線,無標記,未繪設車道線,未繪設快慢車道分隔線,有,車與車,側撞,駕駛者,有號誌路口，轉彎車未讓直行車先行,死亡0;受傷1,2,機車,普通重型,男,17,戴非半罩式安全帽,未使用,車的狀態,向前直行中,機車與自行車,左側車身,,,無(車輛駕駛者因素),尚未發現肇事因素,是,120.429276,24.053190
2024,8,20240802,151200,A2,臺中市政府警察局,臺中市梧棲區草湳里港埠路一段237-1號前0.0公尺,晴,有照明未開啟或故障,市區道路,40,交岔路,四岔路,交叉路口,交叉口附近,柏油,乾燥,無缺陷,無障礙物,無遮蔽物,良好,行車管制號誌(附設行人專用號誌),正常,中央分向島,寬式(50公分以上),車道線(無標記),寬式快慢車道分隔島(50公分以上),有,車與車,側撞,駕駛者,未保持行車安全距離,死亡0;受傷1,1,機車,普通重型,男,19,戴非半罩式安全帽,未使用,車的狀態,向前直行中,機車與自行車,左側車身,,,駕駛者,未保持行車安全距離,否,120.527556,24.230152
2024,8,20240802,151200,A2,臺中市政府警察局,臺中市梧棲區草湳里港埠路一段237-1號前0.0公尺,晴,有照明未開啟或故障,市區道路,40,交岔路,四岔路,交叉路口,交叉口附近,柏油,乾燥,無缺陷,無障礙物,無遮蔽物,良好,行車管制號誌(附設行人專用號誌),正常,中央分向島,寬式(50公分以上),車道線(無標記),寬式快慢車道分隔島(50公分以上),有,車與車,側撞,駕駛者,未保持行車安全距離,死亡0;受傷1,2,小貨車,自用,男,61,繫安全帶(使用幼童安全椅),未使用,車的狀態,右轉彎,汽車,右側車身,,,駕駛者,恍神、緊張、心不在焉分心駕駛,否,120.527556,24.230152
2024,8,20240802,151735,A2,宜蘭縣政府警察局,宜蘭縣大同鄉台7甲線 21公里500.0公尺處,晴,無照明,省道,50,單路部分,彎曲路及附近,路段,一般車道(未劃分快慢車道),柏油,乾燥,無缺陷,無障礙物,無遮蔽物,良好,無號誌,無號誌,雙向禁止超車線,附標記,禁止變換車道線(無標記),未繪設快慢車道分隔線,有,車輛本身,路上翻車、摔倒,無(車輛駕駛者因素),尚未發現肇事因素,死亡0;受傷1,1,機車,普通輕型,男,19,戴非半罩式安全帽,未使用,車的狀態,向前直行中,機車與自行車,左側車身,,,無(車輛駕駛者因素),尚未發現肇事因素,否,121.411737,24.468020
2024,8,20240802,151735,A2,宜蘭縣政府警察局,宜蘭縣大同鄉台7甲線 21公里500.0公尺處,晴,無照明,省道,50,單路部分,彎曲路及附近,路段,一般車道(未劃分快慢車道),柏油,乾燥,無缺陷,無障礙物,無遮蔽物,良好,無號誌,無號誌,雙向禁止超車線,附標記,禁止變換車道線(無標記),未繪設快慢車道分隔線,有,車輛本身,路上翻車、摔倒,無(車輛駕駛者因素),尚未發現肇事因素,死亡0;受傷1,2,,,無或物(動物、堆置物),-1,,,,,,,,,無(非車輛駕駛人因素),尚未發現肇事因素,否,121.411737,24.468020
2024,8,20240802,151800,A2,彰化縣警察局,彰化縣田中鎮西路里中州路1段口 / 彰化縣田中鎮西路里中正路口,晴,有照明未開啟或故障,村里道路,50,交岔路,四岔路,交叉路口,交叉口附近,柏油,乾燥,無缺陷,無障礙物,無遮蔽物,良好,行車管制號誌,正常,無,無分向設施,未繪設車道線,未繪設快慢車道分隔線,無,車與車,追撞,其他,其他不當駕車行為,死亡0;受傷1,1,小客車(含客、貨兩用),自用,女,33,繫安全帶(使用幼童安全椅),未使用,車的狀態,左轉彎,汽車,前車頭,,,其他,其他不當駕車行為,否,120.583101,23.857548
2024,8,20240802,151800,A2,彰化縣警察局,彰化縣田中鎮西路里中州路1段口 / 彰化縣田中鎮西路里中正路口,晴,有照明未開啟或故障,村里道路,50,交岔路,四岔路,交叉路口,交叉口附近,柏油,乾燥,無缺陷,無障礙物,無遮蔽物,良好,行車管制號誌,正常,無,無分向設施,未繪設車道線,未繪設快慢車道分隔線,無,車與車,追撞,其他,其他不當駕車行為,死亡0;受傷1,2,機車,普通重型,女,81,戴半罩式安全帽,未使用,車的狀態,向前直行中,機車與自行車,後車尾,,,無(車輛駕駛者因素),尚未發現肇事因素,否,120.583101,23.857548
2024,8,20240802,152230,A2,保安警察第二總隊,臺南市新市區大順九路與大順八路口,晴,有照明未開啟或故障,市區道路,40,交岔路,三岔路,交叉路口,交叉路口內,柏油,乾燥,無缺陷,無障礙物,無遮蔽物,良好,閃光號誌,正常,無,無分向設施,未繪設車道線,未繪設快慢車道分隔線,無,車與車,其他,其他,車輛或機械操作不當(慎),死亡0;受傷2,1,機車,普通重型,男,22,戴非半罩式安全帽,未使用,車的狀態,左轉彎,機車與自行車,右側車身,,,其他,車輛或機械操作不當(慎),否,120.285801,23.108068
2024,8,20240802,152230,A2,保安警察第二總隊,臺南市新市區大順九路與大順八路口,晴,有照明未開啟或故障,市區道路,40,交岔路,三岔路,交叉路口,交叉路口內,柏油,乾燥,無缺陷,無障礙物,無遮蔽物,良好,閃光號誌,正常,無,無分向設施,未繪設車道線,未繪設快慢車道分隔線,無,車與車,其他,其他,車輛或機械操作不當(慎),死亡0;受傷2,2,機車,普通重型,男,47,戴非半罩式安全帽,未使用,車的狀態,向前直行中,機車與自行車,左側車身,,,無(車輛駕駛者因素),尚未發現肇事因素,否,120.285801,23.108068
2024,8,20240802,152500,A2,臺中市政府警察局,臺中市南區和平里忠明南路 / 臺中市南區和平里南平路,晴,有照明未開啟或故障,市區道路,40,交岔路,四岔路,交叉路口,交叉口附近,柏油,乾燥,無缺陷,無障礙物,無遮蔽物,良好,行車管制號誌,正常,中央分向島,寬式(50公分以上),車道線(無標記),快慢車道分隔線,無,車與車,其他,其他,其他不當駕車行為,死亡0;受傷2,1,機車,普通重型,男,19,戴半罩式安全帽,未使用,車的狀態,向前直行中,機車與自行車,左側車身,,,其他,其他不當駕車行為,否,120.662472,24.120397
2024,8,20240802,152500,A2,臺中市政府警察局,臺中市南區和平里忠明南路 / 臺中市南區和平里南平路,晴,有照明未開啟或故障,市區道路,40,交岔路,四岔路,交叉路口,交叉口附近,柏油,乾燥,無缺陷,無障礙物,無遮蔽物,良好,行車管制號誌,正常,中央分向島,寬式(50公分以上),車道線(無標記),快慢車道分隔線,無,車與車,其他,其他,其他不當駕車行為,死亡0;受傷2,2,機車,大型重型2(250-550C.C.),男,43,戴非半罩式安全帽,未使用,車的狀態,左轉彎,機車與自行車,右側車身,,,無(車輛駕駛者因素),尚未發現肇事因素,否,120.662472,24.120397
2024,8,20240802,152500,A2,臺中市政府警察局,臺中市南區和平里忠明南路 / 臺中市南區和平里南平路,晴,有照明未開啟或故障,市區道路,40,交岔路,四岔路,交叉路口,交叉口附近,柏油,乾燥,無缺陷,無障礙物,無遮蔽物,良好,行車管制號誌,正常,中央分向島,寬式(50公分以上),車道線(無標記),快慢車道分隔線,無,車與車,其他,其他,其他不當駕車行為,死亡0;受傷2,3,人,乘客,男,48,戴半罩式安全帽,非駕駛人,人的狀態,其他,其他,非汽、機及自行車,,,無(非車輛駕駛人因素),尚未發現肇事因素,否,120.662472,24.120397
2024,8,20240802,153300,A2,彰化縣警察局,彰化縣秀水鄉曾厝村曾福巷128弄67號前0.0公尺,晴,無照明,村里道路,60,交岔路,四岔路,交叉路口,交叉口附近,柏油,乾燥,無缺陷,無障礙物,無遮蔽物,良好,無號誌,無號誌,無,無分向設施,未繪設車道線,未繪設快慢車道分隔線,有,車與車,其他,駕駛者,無號誌路口，左方車未讓右方車先行,死亡0;受傷1,1,機車,普通重型,男,36,戴半罩式安全帽,未使用,車的狀態,向前直行中,機車與自行車,前車頭,,,駕駛者,無號誌路口，左方車未讓右方車先行,否,120.498729,24.026568
2024,8,20240802,153300,A2,彰化縣警察局,彰化縣秀水鄉曾厝村曾福巷128弄67號前0.0公尺,晴,無照明,村里道路,60,交岔路,四岔路,交叉路口,交叉口附近,柏油,乾燥,無缺陷,無障礙物,無遮蔽物,良好,無號誌,無號誌,無,無分向設施,未繪設車道線,未繪設快慢車道分隔線,有,車與車,其他,駕駛者,無號誌路口，左方車未讓右方車先行,死亡0;受傷1,2,小客車(含客、貨兩用),自用,女,64,繫安全帶(使用幼童安全椅),未使用,車的狀態,向前直行中,汽車,前車頭,,,駕駛者,其他未依規定讓車,否,120.498729,24.026568
2024,8,20240802,153400,A2,臺北市政府警察局,臺北市文山區興隆路3段96號前0.0公尺,晴,有照明未開啟或故障,市區道路,50,單路部分,直路,路段,一般車道(未劃分快慢車道),柏油,乾燥,無缺陷,無障礙物,無遮蔽物,良好,無號誌,無號誌,中央分向島,寬式(50公分以上),車道線(無標記),未繪設快慢車道分隔線,無,車與車,追撞,駕駛者,未保持行車安全距離,死亡0;受傷2,1,機車,普通重型,男,23,戴非半罩式安全帽,未使用,車的狀態,向前直行中,機車與自行車,後車尾,,,駕駛者,未保持行車安全距離,否,121.556987,24.999592
2024,8,20240802,153400,A2,臺北市政府警察局,臺北市文山區興隆路3段96號前0.0公尺,晴,有照明未開啟或故障,市區道路,50,單路部分,直路,路段,一般車道(未劃分快慢車道),柏油,乾燥,無缺陷,無障礙物,無遮蔽物,良好,無號誌,無號誌,中央分向島,寬式(50公分以上),車道線(無標記),未繪設快慢車道分隔線,無,車與車,追撞,駕駛者,未保持行車安全距離,死亡0;受傷2,2,機車,普通重型,男,53,戴非半罩式安全帽,未使用,車的狀態,向前直行中,機車與自行車,後車尾,,,無(車輛駕駛者因素),尚未發現肇事因素,否,121.556987,24.999592
2024,8,20240802,153836,A2,彰化縣警察局,彰化縣和美鎮太平路152號,晴,無照明,村里道路,50,單路部分,直路,路段,一般車道(未劃分快慢車道),柏油,乾燥,無缺陷,無障礙物,無遮蔽物,良好,無號誌,無號誌,無,無分向設施,車道線(無標記),未繪設快慢車道分隔線,有,車與車,側撞,駕駛者,其他未依規定讓車,死亡0;受傷1,1,小客車(含客、貨兩用),自用,男,27,繫安全帶(使用幼童安全椅),未使用,車的狀態,左轉彎,汽車,前車頭,,,駕駛者,其他未依規定讓車,否,120.509813,24.089003
2024,8,20240802,153836,A2,彰化縣警察局,彰化縣和美鎮太平路152號,晴,無照明,村里道路,50,單路部分,直路,路段,一般車道(未劃分快慢車道),柏油,乾燥,無缺陷,無障礙物,無遮蔽物,良好,無號誌,無號誌,無,無分向設施,車道線(無標記),未繪設快慢車道分隔線,有,車與車,側撞,駕駛者,其他未依規定讓車,死亡0;受傷1,2,機車,普通重型,男,62,戴半罩式安全帽,未使用,車的狀態,向前直行中,機車與自行車,右側車身,,,無(車輛駕駛者因素),尚未發現肇事因素,否,120.509813,24.089003
2024,8,20240802,153900,A2,臺中市政府警察局,臺中市南區工學里文心南路 / 臺中市南區工學里慶順路,晴,有照明未開啟或故障,市區道路,50,交岔路,四岔路,交叉路口,交叉路口內,柏油,乾燥,無缺陷,無障礙物,無遮蔽物,良好,行車管制號誌,正常,雙向禁止超車線,無標記,未繪設車道線,未繪設快慢車道分隔線,無,車與車,其他,駕駛者,其他未依規定讓車,死亡0;受傷1,1,小貨車,自用,男,16,繫安全帶(使用幼童安全椅),未使用,車的狀態,右轉彎,汽車,右側車身,,,駕駛者,其他未依規定讓車,否,120.654167,24.116536
2024,8,20240802,153900,A2,臺中市政府警察局,臺中市南區工學里文心南路 / 臺中市南區工學里慶順路,晴,有照明未開啟或故障,市區道路,50,交岔路,四岔路,交叉路口,交叉路口內,柏油,乾燥,無缺陷,無障礙物,無遮蔽物,良好,行車管制號誌,正常,雙向禁止超車線,無標記,未繪設車道線,未繪設快慢車道分隔線,無,車與車,其他,駕駛者,其他未依規定讓車,死亡0;受傷1,2,機車,普通重型,女,58,戴半罩式安全帽,未使用,車的狀態,向前直行中,機車與自行車,左側車身,,,其他,其他不當駕車行為,否,120.654167,24.116536
2024,8,20240802,154000,A2,屏東縣政府警察局,屏東縣東港鎮中正路162號前0.0公尺附近,晴,有照明且開啟,市區道路,50,單路部分,直路,路段,一般車道(未劃分快慢車道),柏油,乾燥,無缺陷,無障礙物,無遮蔽物,良好,無號誌,無號誌,雙向禁止超車線,無標記,未繪設車道線,快慢車道分隔線,有,車與車,同向擦撞,駕駛者,未保持行車安全間隔,死亡0;受傷2,1,機車,普通重型,女,46,戴非半罩式安全帽,未使用,車的狀態,向左變換車道,機車與自行車,前車頭,,,駕駛者,未保持行車安全間隔,否,120.450944,22.468537
2024,8,20240802,154000,A2,屏東縣政府警察局,屏東縣東港鎮中正路162號前0.0公尺附近,晴,有照明且開啟,市區道路,50,單路部分,直路,路段,一般車道(未劃分快慢車道),柏油,乾燥,無缺陷,無障礙物,無遮蔽物,良好,無號誌,無號誌,雙向禁止超車線,無標記,未繪設車道線,快慢車道分隔線,有,車與車,同向擦撞,駕駛者,未保持行車安全間隔,死亡0;受傷2,2,機車,普通重型,女,52,戴非半罩式安全帽,未使用,車的狀態,向右變換車道,機車與自行車,後車尾,,,駕駛者,未保持行車安全間隔,否,120.450944,22.468537
2024,8,20240802,155600,A2,南投縣政府警察局,南投縣竹山鎮江西路38之12號附近,晴,無照明,村里道路,50,單路部分,直路,路段,一般車道(未劃分快慢車道),柏油,乾燥,無缺陷,無障礙物,無遮蔽物,良好,無號誌,無號誌,雙向禁止超車線,無標記,未繪設車道線,快慢車道分隔線,有,車與車,追撞,駕駛者,未保持行車安全距離,死亡0;受傷1,1,小貨車,自用,男,47,繫安全帶(使用幼童安全椅),未使用,車的狀態,向前直行中,汽車,前車頭,,,駕駛者,未保持行車安全距離,否,120.705242,23.782149
2024,8,20240802,155600,A2,南投縣政府警察局,南投縣竹山鎮江西路38之12號附近,晴,無照明,村里道路,50,單路部分,直路,路段,一般車道(未劃分快慢車道),柏油,乾燥,無缺陷,無障礙物,無遮蔽物,良好,無號誌,無號誌,雙向禁止超車線,無標記,未繪設車道線,快慢車道分隔線,有,車與車,追撞,駕駛者,未保持行車安全距離,死亡0;受傷1,2,小客車(含客、貨兩用),自用,男,62,繫安全帶(使用幼童安全椅),未使用,車的狀態,向前直行中,汽車,後車尾,,,無(車輛駕駛者因素),尚未發現肇事因素,否,120.705242,23.782149
2024,8,20240802,155600,A2,南投縣政府警察局,南投縣竹山鎮江西路38之12號附近,晴,無照明,村里道路,50,單路部分,直路,路段,一般車道(未劃分快慢車道),柏油,乾燥,無缺陷,無障礙物,無遮蔽物,良好,無號誌,無號誌,雙向禁止超車線,無標記,未繪設車道線,快慢車道分隔線,有,車與車,追撞,駕駛者,未保持行車安全距離,死亡0;受傷1,3,人,乘客,女,60,繫安全帶(使用幼童安全椅),非駕駛人,人的狀態,其他,其他,非汽、機及自行車,,,無(非車輛駕駛人因素),尚未發現肇事因素,否,120.705242,23.782149