發生年度,發生月份,發生日期,發生時間,事故類別名稱,處理單位名稱警局層,發生地點,天候名稱,光線名稱,道路類別-第1當事者-名稱,速限-第1當事者,道路型態大類別名稱,道路型態子類別名稱,事故位置大類別名稱,事故位置子類別名稱,路面狀況-路面鋪裝名稱,路面狀況-路面狀態名稱,路面狀況-路面缺陷名稱,道路障礙-障礙物名稱,道路障礙-視距品質名稱,道路障礙-視距名稱,號誌-號誌種類名稱,號誌-號誌動作名稱,車道劃分設施-分向設施大類別名稱,車道劃分設施-分向設施子類別名稱,車道劃分設施-分道設施-快車道或一般車道間名稱,車道劃分設施-分道設施-快慢車道間名稱,車道劃分設施-分道設施-路面邊線名稱,事故類型及型態大類別名稱,事故類型及型態子類別名稱,肇因研判大類別名稱-主要,肇因研判子類別名稱-主要,死亡受傷人數,當事者順位,當事者區分-類別-大類別名稱-車種,當事者區分-類別-子類別名稱-車種,當事者屬-性-別名稱,當事者事故發生時年齡,保護裝備名稱,行動電話或電腦或其他相類功能裝置名稱,當事者行動狀態大類別名稱,當事者行動狀態子類別名稱,車輛撞擊部位大類別名稱-最初,車輛撞擊部位子類別名稱-最初,車輛撞擊部位大類別名稱-其他,車輛撞擊部位子類別名稱-其他,肇因研判大類別名稱-個別,肇因研判子類別名稱-個別,肇事逃逸類別名稱-是否肇逃,經度,緯度
2024,8,20240802,164952,A2,彰化縣警察局,彰化縣秀水鄉番花路口 / 彰化縣秀水鄉正興路口,晴,無照明,其他,50,交岔路,四岔路,交叉路口,交叉路口內,柏油,乾燥,無缺陷,無障礙物,無遮蔽物,良好,行車管制號誌,正常,雙向禁止超車線,無標記,未繪設車道線,未繪設快慢車道分隔線,有,車與車,側撞,駕駛者,右轉彎未依規定,死亡0;受傷1,2,機車,普通重型,男,18,不明,不明,車的狀態,向前直行中,機車與自行車,左側車身,,,駕駛者,未依規定減速,否,120.524441,24.014493
2024,8,20240802,165000,A2,新竹縣政府警察局,新竹縣竹北市新光二街與華興三街口,晴,有照明未開啟或故障,市區道路,50,交岔路,四岔路,交叉路口,交叉路口內,柏油,乾燥,無缺陷,無障礙物,無遮蔽物,良好,無號誌,無號誌,行車分向線,無標記,未繪設車道線,未繪設快慢車道分隔線,有,車與車,路口交岔撞,駕駛者,未依規定減速,死亡0;受傷1,1,小貨車,自用,男,44,繫安全帶(使用幼童安全椅),未使用,車的狀態,向前直行中,汽車,右前車頭(身),汽車,右前車頭(身),駕駛者,未依規定減速,否,120.996894,24.838960
2024,8,20240802,165000,A2,新竹縣政府警察局,新竹縣竹北市新光二街與華興三街口,晴,有照明未開啟或故障,市區道路,50,交岔路,四岔路,交叉路口,交叉路口內,柏油,乾燥,無缺陷,無障礙物,無遮蔽物,良好,無號誌,無號誌,行車分向線,無標記,未繪設車道線,未繪設快慢車道分隔線,有,車與車,路口交岔撞,駕駛者,未依規定減速,死亡0;受傷1,2,機車,大型重型2(250-550C.C.),男,23,戴半罩式安全帽,未使用,車的狀態,向前直行中,機車與自行車,前車頭,機車與自行車,左側車身,駕駛者,未依規定減速,否,120.996894,24.838960
2024,8,20240802,165100,A2,臺中市政府警察局,臺中市西區公民里五權路前0.0公尺,晴,有照明未開啟或故障,市區道路,50,單路部分,直路,路段,一般車道(未劃分快慢車道),柏油,乾燥,無缺陷,無障礙物,無遮蔽物,良好,無號誌,無號誌,中央分向島,窄式無柵欄,禁止變換車道線(無標記),未繪設快慢車道分隔線,無,車與車,其他,駕駛者,違反禁止變換車道標線,死亡0;受傷2,1,機車,普通重型,女,18,不明,不明,車的狀態,向左變換車道,機車與自行車,左側車身,,,駕駛者,違反禁止變換車道標線,否,120.665768,24.140002
2024,8,20240802,165100,A2,臺中市政府警察局,臺中市西區公民里五權路前0.0公尺,晴,有照明未開啟或故障,市區道路,50,單路部分,直路,路段,一般車道(未劃分快慢車道),柏油,乾燥,無缺陷,無障礙物,無遮蔽物,良好,無號誌,無號誌,中央分向島,窄式無柵欄,禁止變換車道線(無標記),未繪設快慢車道分隔線,無,車與車,其他,駕駛者,違反禁止變換車道標線,死亡0;受傷2,2,小客車(含客、貨兩用),自用,女,38,不明,不明,車的狀態,向前直行中,汽車,右側車身,,,無(車輛駕駛者因素),尚未發現肇事因素,否,120.665768,24.140002
2024,8,20240802,165100,A2,臺中市政府警察局,臺中市西區公民里五權路前0.0公尺,晴,有照明未開啟或故障,市區道路,50,單路部分,直路,路段,一般車道(未劃分快慢車道),柏油,乾燥,無缺陷,無障礙物,無遮蔽物,良好,無號誌,無號誌,中央分向島,窄式無柵欄,禁止變換車道線(無標記),未繪設快慢車道分隔線,無,車與車,其他,駕駛者,違反禁止變換車道標線,死亡0;受傷2,3,人,乘客,女,12,不明,非駕駛人,人的狀態,其他,其他,非汽、機及自行車,,,無(非車輛駕駛人因素),尚未發現肇事因素,否,120.665768,24.140002
2024,8,20240802,165600,A2,臺中市政府警察局,臺中市西屯區大鵬里成都路319號前0.0公尺,晴,有照明未開啟或故障,市區道路,50,單路部分,直路,路段,一般車道(未劃分快慢車道),柏油,乾燥,無缺陷,無障礙物,無遮蔽物,良好,無號誌,無號誌,中央分向島,寬式(50公分以上),車道線(無標記),寬式快慢車道分隔島(50公分以上),無,車與車,追撞,駕駛者,未保持行車安全距離,死亡0;受傷2,1,機車,普通重型,男,21,不明,不明,車的狀態,向前直行中,機車與自行車,前車頭,,,駕駛者,未保持行車安全距離,否,120.663744,24.172806
2024,8,20240802,165600,A2,臺中市政府警察局,臺中市西屯區大鵬里成都路319號前0.0公尺,晴,有照明未開啟或故障,市區道路,50,單路部分,直路,路段,一般車道(未劃分快慢車道),柏油,乾燥,無缺陷,無障礙物,無遮蔽物,良好,無號誌,無號誌,中央分向島,寬式(50公分以上),車道線(無標記),寬式快慢車道分隔島(50公分以上),無,車與車,追撞,駕駛者,未保持行車安全距離,死亡0;受傷2,2,機車,普通重型,男,29,不明,不明,車的狀態,向前直行中,機車與自行車,後車尾,,,無(車輛駕駛者因素),尚未發現肇事因素,否,120.663744,24.172806
2024,8,20240802,165600,A2,臺中市政府警察局,臺中市南屯區黎明里黎明路二段前0.0公尺,晴,有照明未開啟或故障,市區道路,50,交岔路,四岔路,交叉路口,交叉路口內,柏油,乾燥,無缺陷,無障礙物,無遮蔽物,良好,行車管制號誌,正常,雙向禁止超車線,無標記,車道線(無標記),快慢車道分隔線,無,車與車,其他,駕駛者,未保持行車安全距離,死亡0;受傷2,1,機車,普通重型,男,61,戴半罩式安全帽,未使用,車的狀態,向前直行中,機車與自行車,前車頭,,,駕駛者,未保持行車安全距離,否,120.634432,24.155706
2024,8,20240802,165600,A2,臺中市政府警察局,臺中市南屯區黎明里黎明路二段前0.0公尺,晴,有照明未開啟或故障,市區道路,50,交岔路,四岔路,交叉路口,交叉路口內,柏油,乾燥,無缺陷,無障礙物,無遮蔽物,良好,行車管制號誌,正常,雙向禁止超車線,無標記,車道線(無標記),快慢車道分隔線,無,車與車,其他,駕駛者,未保持行車安全距離,死亡0;受傷2,2,機車,普通重型,男,25,戴半罩式安全帽,未使用,車的狀態,向前直行中,機車與自行車,後車尾,,,無(車輛駕駛者因素),尚未發現肇事因素,否,120.634432,24.155706
2024,8,20240802,165600,A2,臺中市政府警察局,臺中市南屯區黎明里黎明路二段前0.0公尺,晴,有照明未開啟或故障,市區道路,50,交岔路,四岔路,交叉路口,交叉路口內,柏油,乾燥,無缺陷,無障礙物,無遮蔽物,良好,行車管制號誌,正常,雙向禁止超車線,無標記,車道線(無標記),快慢車道分隔線,無,車與車,其他,駕駛者,未保持行車安全距離,死亡0;受傷2,3,機車,普通重型,男,26,戴半罩式安全帽,未使用,車的狀態,向前直行中,機車與自行車,前車頭,,,駕駛者,未保持行車安全距離,否,120.634432,24.155706
2024,8,20240802,165800,A2,臺北市政府警察局,臺北市中山區長安東路2段 / 臺北市中山區建國北路1段,晴,無照明,市區道路,50,交岔路,四岔路,交叉路口,交叉路口內,柏油,乾燥,無缺陷,無障礙物,無遮蔽物,良好,行車管制號誌,正常,雙向禁止超車線,無標記,車道線(無標記),未繪設快慢車道分隔線,無,車與車,其他,無(車輛駕駛者因素),尚未發現肇事因素,死亡0;受傷1,1,機車,普通重型,男,51,不明,不明,車的狀態,向前直行中,機車與自行車,左側車身,,,無(車輛駕駛者因素),尚未發現肇事因素,否,121.536543,25.048334
2024,8,20240802,165800,A2,臺北市政府警察局,臺北市中山區長安東路2段 / 臺北市中山區建國北路1段,晴,無照明,市區道路,50,交岔路,四岔路,交叉路口,交叉路口內,柏油,乾燥,無缺陷,無障礙物,無遮蔽物,良好,行車管制號誌,正常,雙向禁止超車線,無標記,車道線(無標記),未繪設快慢車道分隔線,無,車與車,其他,無(車輛駕駛者因素),尚未發現肇事因素,死亡0;受傷1,2,小客車(含客、貨兩用),計程車,男,33,不明,不明,車的狀態,右轉彎,汽車,右前車頭(身),,,無(車輛駕駛者因素),尚未發現肇事因素,否,121.536543,25.048334
2024,8,20240802,170500,A2,臺北市政府警察局,臺北市內湖區瑞光路 / 臺北市內湖區洲子街,晴,有照明未開啟或故障,市區道路,30,交岔路,多岔路,交叉路口,交叉路口內,柏油,乾燥,無缺陷,無障礙物,無遮蔽物,良好,行車管制號誌,正常,行車分向線,附標記,車道線(附標記),未繪設快慢車道分隔線,有,車與車,側撞,其他,相關跡證不足且無具體影像紀錄，當事人各執一詞，經分析後無法釐清肇事原因,死亡0;受傷1,1,機車,普通重型,女,55,戴半罩式安全帽,未使用,車的狀態,向前直行中,機車與自行車,左側車身,,,其他,相關跡證不足且無具體影像紀錄，當事人各執一詞，經分析後無法釐清肇事原因,否,121.573216,25.079088
2024,8,20240802,170500,A2,臺北市政府警察局,臺北市內湖區瑞光路 / 臺北市內湖區洲子街,晴,有照明未開啟或故障,市區道路,30,交岔路,多岔路,交叉路口,交叉路口內,柏油,乾燥,無缺陷,無障礙物,無遮蔽物,良好,行車管制號誌,正常,行車分向線,附標記,車道線(附標記),未繪設快慢車道分隔線,有,車與車,側撞,其他,相關跡證不足且無具體影像紀錄，當事人各執一詞，經分析後無法釐清肇事原因,死亡0;受傷1,2,小客車(含客、貨兩用),計程車,男,63,繫安全帶(使用幼童安全椅),未使用,車的狀態,等待(引擎未熄火),汽車,右前車頭(身),,,其他,相關跡證不足且無具體影像紀錄，當事人各執一詞，經分析後無法釐清肇事原因,否,121.573216,25.079088
2024,8,20240802,170700,A2,臺北市政府警察局,臺北市北投區知行路 / 臺北市北投區知行路,晴,有照明且開啟,市區道路,30,交岔路,四岔路,交叉路口,交叉路口內,柏油,乾燥,無缺陷,無障礙物,無遮蔽物,良好,無號誌,無號誌,無,無分向設施,未繪設車道線,未繪設快慢車道分隔線,無,車與車,側撞,駕駛者,左轉彎未依規定,死亡0;受傷2,1,慢車,腳踏自行車,男,61,其他(無需使用保護裝備之人),未使用,車的狀態,左轉彎,機車與自行車,前車頭,,,駕駛者,左轉彎未依規定,否,121.467211,25.118191
2024,8,20240802,170700,A2,臺北市政府警察局,臺北市北投區知行路 / 臺北市北投區知行路,晴,有照明且開啟,市區道路,30,交岔路,四岔路,交叉路口,交叉路口內,柏油,乾燥,無缺陷,無障礙物,無遮蔽物,良好,無號誌,無號誌,無,無分向設施,未繪設車道線,未繪設快慢車道分隔線,無,車與車,側撞,駕駛者,左轉彎未依規定,死亡0;受傷2,2,機車,普通重型,男,26,戴半罩式安全帽,未使用,車的狀態,向前直行中,機車與自行車,右側車身,,,無(車輛駕駛者因素),尚未發現肇事因素,否,121.467211,25.118191
2024,8,20240802,170900,A2,臺中市政府警察局,臺中市西區土庫里五權西路一段前0.0公尺,晴,無照明,市區道路,50,交岔路,四岔路,交叉路口,交叉路口內,柏油,乾燥,無缺陷,無障礙物,無遮蔽物,良好,行車管制號誌,正常,無,無分向設施,未繪設車道線,未繪設快慢車道分隔線,無,車與車,側撞,駕駛者,有號誌路口，轉彎車未讓直行車先行,死亡0;受傷1,1,小客車(含客、貨兩用),自用,男,50,繫安全帶(使用幼童安全椅),未使用,車的狀態,右轉彎,汽車,右側車身,,,駕駛者,有號誌路口，轉彎車未讓直行車先行,否,120.661688,24.140163
2024,8,20240802,170900,A2,臺中市政府警察局,臺中市西區土庫里五權西路一段前0.0公尺,晴,無照明,市區道路,50,交岔路,四岔路,交叉路口,交叉路口內,柏油,乾燥,無缺陷,無障礙物,無遮蔽物,良好,行車管制號誌,正常,無,無分向設施,未繪設車道線,未繪設快慢車道分隔線,無,車與車,側撞,駕駛者,有號誌路口，轉彎車未讓直行車先行,死亡0;受傷1,2,機車,普通重型,女,31,戴半罩式安全帽,未使用,車的狀態,向前直行中,機車與自行車,左側車身,,,其他,其他不當駕車行為,否,120.661688,24.140163
2024,8,20240802,170900,A2,臺中市政府警察局,臺中市潭子區東寶里雅潭路二段296號前0.0公尺,晴,有照明未開啟或故障,市區道路,50,交岔路,三岔路,交叉路口,交叉口附近,柏油,乾燥,無缺陷,無障礙物,無遮蔽物,良好,行車管制號誌,正常,中央分向島,寬式(50公分以上),車道線(無標記),快慢車道分隔線,有,車與車,其他,駕駛者,其他未依規定讓車,死亡0;受傷1,1,小客車(含客、貨兩用),自用,男,60,繫安全帶(使用幼童安全椅),未使用,車的狀態,迴轉或橫越道路中,汽車,左後車尾(身),,,駕駛者,其他未依規定讓車,否,120.690144,24.215971
2024,8,20240802,170900,A2,臺中市政府警察局,臺中市潭子區東寶里雅潭路二段296號前0.0公尺,晴,有照明未開啟或故障,市區道路,50,交岔路,三岔路,交叉路口,交叉口附近,柏油,乾燥,無缺陷,無障礙物,無遮蔽物,良好,行車管制號誌,正常,中央分向島,寬式(50公分以上),車道線(無標記),快慢車道分隔線,有,車與車,其他,駕駛者,其他未依規定讓車,死亡0;受傷1,2,機車,普通重型,男,37,戴非半罩式安全帽,未使用,車的狀態,向前直行中,機車與自行車,前車頭,,,駕駛者,未依規定減速,否,120.690144,24.215971
2024,8,20240802,171400,A2,臺中市政府警察局,臺中市西屯區廣福里中科路 / 臺中市西屯區廣福里廣福路,晴,有照明未開啟或故障,市區道路,40,交岔路,三岔路,交叉路口,交叉路口內,柏油,乾燥,無缺陷,無障礙物,無遮蔽物,良好,無號誌,無號誌,無,無分向設施,未繪設車道線,未繪設快慢車道分隔線,無,車與車,追撞,駕駛者,未保持行車安全距離,死亡0;受傷1,1,機車,普通重型,男,38,不明,未使用,車的狀態,向前直行中,機車與自行車,右側車身,,,駕駛者,未保持行車安全距離,否,120.644164,24.201417
2024,8,20240802,171400,A2,臺中市政府警察局,臺中市西屯區廣福里中科路 / 臺中市西屯區廣福里廣福路,晴,有照明未開啟或故障,市區道路,40,交岔路,三岔路,交叉路口,交叉路口內,柏油,乾燥,無缺陷,無障礙物,無遮蔽物,良好,無號誌,無號誌,無,無分向設施,未繪設車道線,未繪設快慢車道分隔線,無,車與車,追撞,駕駛者,未保持行車安全距離,死亡0;受傷1,2,機車,普通重型,男,23,不明,未使用,車的狀態,向前直行中,機車與自行車,左側車身,,,無(車輛駕駛者因素),尚未發現肇事因素,否,120.644164,24.201417
2024,8,20240802,171500,A2,基隆市警察局,基隆市暖暖區東勢街 / 基隆市暖暖區暖暖街,晴,無照明,市區道路,50,交岔路,三岔路,交叉路口,交叉路口內,柏油,乾燥,無缺陷,無障礙物,無遮蔽物,良好,無號誌,無號誌,無,無分向設施,未繪設車道線,未繪設快慢車道分隔線,無,人與車,穿越道路中,非駕駛者,未依規定行走地下道、天橋穿越道路,死亡0;受傷2,1,人,行人,女,65,其他(無需使用保護裝備之人),非駕駛人,人的狀態,步行,其他,非汽、機及自行車,,,非駕駛者,未依規定行走地下道、天橋穿越道路,否,121.736108,25.100491
2024,8,20240802,171500,A2,基隆市警察局,基隆市暖暖區東勢街 / 基隆市暖暖區暖暖街,晴,無照明,市區道路,50,交岔路,三岔路,交叉路口,交叉路口內,柏油,乾燥,無缺陷,無障礙物,無遮蔽物,良好,無號誌,無號誌,無,無分向設施,未繪設車道線,未繪設快慢車道分隔線,無,人與車,穿越道路中,非駕駛者,未依規定行走地下道、天橋穿越道路,死亡0;受傷2,2,機車,普通重型,男,43,戴半罩式安全帽,未使用,車的狀態,向前直行中,機車與自行車,前車頭,,,無(車輛駕駛者因素),尚未發現肇事因素,否,121.736108,25.100491
2024,8,20240802,171845,A2,屏東縣政府警察局,屏東縣九如鄉東都街47號前,晴,有照明未開啟或故障,村里道路,30,交岔路,四岔路,交叉路口,交叉路口內,柏油,乾燥,無缺陷,無障礙物,無遮蔽物,良好,無號誌,無號誌,無,無分向設施,未繪設車道線,未繪設快慢車道分隔線,有,車與車,路口交岔撞,駕駛者,無號誌路口，支線道未讓幹線道先行,死亡0;受傷1,1,小客車(含客、貨兩用),自用,女,34,繫安全帶(使用幼童安全椅),未使用,車的狀態,向前直行中,汽車,前車頭,,,駕駛者,無號誌路口，支線道未讓幹線道先行,否,120.498398,22.733803
2024,8,20240802,171845,A2,屏東縣政府警察局,屏東縣九如鄉東都街47號前,晴,有照明未開啟或故障,村里道路,30,交岔路,四岔路,交叉路口,交叉路口內,柏油,乾燥,無缺陷,無障礙物,無遮蔽物,良好,無號誌,無號誌,無,無分向設施,未繪設車道線,未繪設快慢車道分隔線,有,車與車,路口交岔撞,駕駛者,無號誌路口，支線道未讓幹線道先行,死亡0;受傷1,2,機車,普通重型,男,53,戴非半罩式安全帽,未使用,車的狀態,向前直行中,機車與自行車,右側車身,,,駕駛者,恍神、緊張、心不在焉分心駕駛,否,120.498398,22.733803
2024,8,20240802,171845,A2,屏東縣政府警察局,屏東縣九如鄉東都街47號前,晴,有照明未開啟或故障,村里道路,30,交岔路,四岔路,交叉路口,交叉路口內,柏油,乾燥,無缺陷,無障礙物,無遮蔽物,良好,無號誌,無號誌,無,無分向設施,未繪設車道線,未繪設快慢車道分隔線,有,車與車,路口交岔撞,駕駛者,無號誌路口，支線道未讓幹線道先行,死亡0;受傷1,3,人,乘客,女,42,戴非半罩式安全帽,非駕駛人,人的狀態,其他,其他,非汽、機及自行車,,,無(非車輛駕駛人因素),尚未發現肇事因素,否,120.498398,22.733803
2024,8,20240802,171900,A2,臺北市政府警察局,臺北市大安區信義路2段 / 臺北市大安區杭州南路2段,晴,有照明未開啟或故障,市區道路,50,交岔路,四岔路,交叉路口,交叉路口內,柏油,乾燥,無缺陷,無障礙物,無遮蔽物,良好,行車管制號誌(附設行人專用號誌),正常,無,無分向設施,未繪設車道線,未繪設快慢車道分隔線,無,車與車,其他,無(車輛駕駛者因素),尚未發現肇事因素,死亡0;受傷1,1,小客車(含客、貨兩用),計程車,男,59,不明,不明,車的狀態,右轉彎,其他,不明,,,無(車輛駕駛者因素),尚未發現肇事因素,否,121.524333,25.035243
2024,8,20240802,171900,A2,臺北市政府警察局,臺北市大安區信義路2段 / 臺北市大安區杭州南路2段,晴,有照明未開啟或故障,市區道路,50,交岔路,四岔路,交叉路口,交叉路口內,柏油,乾燥,無缺陷,無障礙物,無遮蔽物,良好,行車管制號誌(附設行人專用號誌),正常,無,無分向設施,未繪設車道線,未繪設快慢車道分隔線,無,車與車,其他,無(車輛駕駛者因素),尚未發現肇事因素,死亡0;受傷1,2,機車,普通重型,男,67,戴非半罩式安全帽,不明,車的狀態,向前直行中,其他,不明,,,無(車輛駕駛者因素),尚未發現肇事因素,否,121.524333,25.035243
2024,8,20240802,172000,A2,臺中市政府警察局,臺中市豐原區豐田里豐南街 / 臺中市豐原區豐田里豐南街,晴,無照明,市區道路,30,交岔路,四岔路,交叉路口,交叉路口內,柏油,乾燥,無缺陷,無障礙物,無遮蔽物,良好,無號誌,無號誌,雙向禁止超車線,無標記,禁止變換車道線(無標記),未繪設快慢車道分隔線,無,車與車,路口交岔撞,駕駛者,行經圓環未依規定讓車,死亡0;受傷2,1,機車,普通重型,女,72,戴半罩式安全帽,不明,車的狀態,向前直行中,機車與自行車,右側車身,,,駕駛者,行經圓環未依規定讓車,否,120.719581,24.237751
2024,8,20240802,172000,A2,臺中市政府警察局,臺中市豐原區豐田里豐南街 / 臺中市豐原區豐田里豐南街,晴,無照明,市區道路,30,交岔路,四岔路,交叉路口,交叉路口內,柏油,乾燥,無缺陷,無障礙物,無遮蔽物,良好,無號誌,無號誌,雙向禁止超車線,無標記,禁止變換車道線(無標記),未繪設快慢車道分隔線,無,車與車,路口交岔撞,駕駛者,行經圓環未依規定讓車,死亡0;受傷2,2,機車,普通重型,男,36,戴半罩式安全帽,不明,車的狀態,向前直行中,機車與自行車,前車頭,,,駕駛者,未依規定減速,否,120.719581,24.237751
2024,8,20240802,172000,A2,臺中市政府警察局,臺中市清水區西寧里高美路56-2號前0.0公尺,晴,有照明未開啟或故障,市區道路,50,單路部分,直路,路段,一般車道(未劃分快慢車道),柏油,乾燥,無缺陷,無障礙物,無遮蔽物,良好,無號誌,無號誌,行車分向線,附標記,車道線(附標記),未繪設快慢車道分隔線,無,車與車,側撞,駕駛者,違反禁止迴轉或迴車標誌,死亡0;受傷2,1,慢車,電動輔助自行車,男,71,戴半罩式安全帽,未使用,車的狀態,迴轉或橫越道路中,機車與自行車,後車尾,,,駕駛者,違反禁止迴轉或迴車標誌,否,120.576273,24.277002
2024,8,20240802,172000,A2,臺中市政府警察局,臺中市清水區西寧里高美路56-2號前0.0公尺,晴,有照明未開啟或故障,市區道路,50,單路部分,直路,路段,一般車道(未劃分快慢車道),柏油,乾燥,無缺陷,無障礙物,無遮蔽物,良好,無號誌,無號誌,行車分向線,附標記,車道線(附標記),未繪設快慢車道分隔線,無,車與車,側撞,駕駛者,違反禁止迴轉或迴車標誌,死亡0;受傷2,2,機車,普通重型,男,19,戴半罩式安全帽,未使用,車的狀態,向前直行中,機車與自行車,前車頭,,,無(車輛駕駛者因素),尚未發現肇事因素,否,120.576273,24.277002
2024,8,20240802,172300,A2,彰化縣警察局,彰化縣鹿港鎮彰頂路與彰頂路260巷口,晴,有照明未開啟或故障,村里道路,0,交岔路,三岔路,交叉路口,交叉路口內,柏油,乾燥,無缺陷,無障礙物,有遮蔽物,路上停放車輛,無號誌,無號誌,中央分向島,窄式附柵欄,禁止變換車道線(無標記),窄式快慢車道分隔島(附柵欄),有,人與車,穿越道路中,非駕駛者,穿越道路未注意左右來車,死亡0;受傷2,1,人,行人,女,45,其他(無需使用保護裝備之人),非駕駛人,人的狀態,奔跑,其他,非汽、機及自行車,,,非駕駛者,穿越道路未注意左右來車,否,120.483803,24.085193
2024,8,20240802,172300,A2,彰化縣警察局,彰化縣鹿港鎮彰頂路與彰頂路260巷口,晴,有照明未開啟或故障,村里道路,0,交岔路,三岔路,交叉路口,交叉路口內,柏油,乾燥,無缺陷,無障礙物,有遮蔽物,路上停放車輛,無號誌,無號誌,中央分向島,窄式附柵欄,禁止變換車道線(無標記),窄式快慢車道分隔島(附柵欄),有,人與車,穿越道路中,非駕駛者,穿越道路未注意左右來車,死亡0;受傷2,2,機車,普通重型,男,71,戴非半罩式安全帽,未使用,車的狀態,向前直行中,機車與自行車,前車頭,,,無(車輛駕駛者因素),尚未發現肇事因素,否,120.483803,24.085193
2024,8,20240802,172537,A2,新竹縣政府警察局,新竹縣竹北市復興三路2段附近 / 新竹縣竹北市嘉豐十路附近,晴,有照明未開啟或故障,市區道路,50,交岔路,三岔路,交叉路口,交叉口附近,柏油,乾燥,無缺陷,無障礙物,無遮蔽物,良好,無號誌,無號誌,中央分向島,寬式(50公分以上),未繪設車道線,未繪設快慢車道分隔線,無,車與車,追撞,駕駛者,未保持行車安全距離,死亡0;受傷1,1,機車,普通重型,男,28,戴非半罩式安全帽,未使用,車的狀態,向前直行中,機車與自行車,前車頭,,,駕駛者,未保持行車安全距離,否,121.034749,24.809316
2024,8,20240802,172537,A2,新竹縣政府警察局,新竹縣竹北市復興三路2段附近 / 新竹縣竹北市嘉豐十路附近,晴,有照明未開啟或故障,市區道路,50,交岔路,三岔路,交叉路口,交叉口附近,柏油,乾燥,無缺陷,無障礙物,無遮蔽物,良好,無號誌,無號誌,中央分向島,寬式(50公分以上),未繪設車道線,未繪設快慢車道分隔線,無,車與車,追撞,駕駛者,未保持行車安全距離,死亡0;受傷1,2,小客車(含客、貨兩用),自用,男,33,繫安全帶(使用幼童安全椅),未使用,車的狀態,向前直行中,汽車,右後車尾(身),,,無(車輛駕駛者因素),尚未發現肇事因素,否,121.034749,24.809316
2024,8,20240802,172800,A2,南投縣政府警察局,南投縣竹山鎮中和路12之16號前,雨,有照明未開啟或故障,村里道路,50,單路部分,直路,路段,一般車道(未劃分快慢車道),柏油,濕潤,無缺陷,無障礙物,無遮蔽物,良好,無號誌,無號誌,行車分向線,無標記,未繪設車道線,未繪設快慢車道分隔線,有,車與車,對撞,駕駛者,患病或服用藥物(疲勞)駕駛,死亡0;受傷3,1,小客車(含客、貨兩用),自用,男,27,繫安全帶(使用幼童安全椅),未使用,車的狀態,向前直行中,汽車,前車頭,,,駕駛者,患病或服用藥物(疲勞)駕駛,否,120.664108,23.758804
2024,8,20240802,172800,A2,南投縣政府警察局,南投縣竹山鎮中和路12之16號前,雨,有照明未開啟或故障,村里道路,50,單路部分,直路,路段,一般車道(未劃分快慢車道),柏油,濕潤,無缺陷,無障礙物,無遮蔽物,良好,無號誌,無號誌,行車分向線,無標記,未繪設車道線,未繪設快慢車道分隔線,有,車與車,對撞,駕駛者,患病或服用藥物(疲勞)駕駛,死亡0;受傷3,2,小客車(含客、貨兩用),自用,男,63,繫安全帶(使用幼童安全椅),未使用,車的狀態,向前直行中,汽車,前車頭,,,無(車輛駕駛者因素),尚未發現肇事因素,否,120.664108,23.758804
2024,8,20240802,172800,A2,南投縣政府警察局,南投縣竹山鎮中和路12之16號前,雨,有照明未開啟或故障,村里道路,50,單路部分,直路,路段,一般車道(未劃分快慢車道),柏油,濕潤,無缺陷,無障礙物,無遮蔽物,良好,無號誌,無號誌,行車分向線,無標記,未繪設車道線,未繪設快慢車道分隔線,有,車與車,對撞,駕駛者,患病或服用藥物(疲勞)駕駛,死亡0;受傷3,3,人,乘客,女,59,繫安全帶(使用幼童安全椅),非駕駛人,人的狀態,其他,其他,非汽、機及自行車,,,無(非車輛駕駛人因素),尚未發現肇事因素,否,120.664108,23.758804
2024,8,20240802,173000,A2,臺中市政府警察局,臺中市南屯區春社里永春路42-38號前0.0公尺,晴,無照明,市區道路,50,單路部分,直路,路段,一般車道(未劃分快慢車道),柏油,乾燥,無缺陷,無障礙物,無遮蔽物,良好,無號誌,無號誌,雙向禁止超車線,無標記,車道線(無標記),未繪設快慢車道分隔線,無,車與車,同向擦撞,駕駛者,違反其他標誌(線)禁制,死亡0;受傷2,1,機車,普通重型,女,34,戴非半罩式安全帽,未使用,車的狀態,插入行列,機車與自行車,前車頭,,,駕駛者,違反其他標誌(線)禁制,否,120.614391,24.139367
2024,8,20240802,173000,A2,臺中市政府警察局,臺中市南屯區春社里永春路42-38號前0.0公尺,晴,無照明,市區道路,50,單路部分,直路,路段,一般車道(未劃分快慢車道),柏油,乾燥,無缺陷,無障礙物,無遮蔽物,良好,無號誌,無號誌,雙向禁止超車線,無標記,車道線(無標記),未繪設快慢車道分隔線,無,車與車,同向擦撞,駕駛者,違反其他標誌(線)禁制,死亡0;受傷2,2,機車,普通重型,男,48,戴非半罩式安全帽,未使用,車的狀態,向前直行中,機車與自行車,前車頭,,,無(車輛駕駛者因素),尚未發現肇事因素,否,120.614391,24.139367