發生年度,發生月份,發生日期,發生時間,事故類別名稱,處理單位名稱警局層,發生地點,天候名稱,光線名稱,道路類別-第1當事者-名稱,速限-第1當事者,道路型態大類別名稱,道路型態子類別名稱,事故位置大類別名稱,事故位置子類別名稱,路面狀況-路面鋪裝名稱,路面狀況-路面狀態名稱,路面狀況-路面缺陷名稱,道路障礙-障礙物名稱,道路障礙-視距品質名稱,道路障礙-視距名稱,號誌-號誌種類名稱,號誌-號誌動作名稱,車道劃分設施-分向設施大類別名稱,車道劃分設施-分向設施子類別名稱,車道劃分設施-分道設施-快車道或一般車道間名稱,車道劃分設施-分道設施-快慢車道間名稱,車道劃分設施-分道設施-路面邊線名稱,事故類型及型態大類別名稱,事故類型及型態子類別名稱,肇因研判大類別名稱-主要,肇因研判子類別名稱-主要,死亡受傷人數,當事者順位,當事者區分-類別-大類別名稱-車種,當事者區分-類別-子類別名稱-車種,當事者屬-性-別名稱,當事者事故發生時年齡,保護裝備名稱,行動電話或電腦或其他相類功能裝置名稱,當事者行動狀態大類別名稱,當事者行動狀態子類別名稱,車輛撞擊部位大類別名稱-最初,車輛撞擊部位子類別名稱-最初,車輛撞擊部位大類別名稱-其他,車輛撞擊部位子類別名稱-其他,肇因研判大類別名稱-個別,肇因研判子類別名稱-個別,肇事逃逸類別名稱-是否肇逃,經度,緯度
2024,8,20240802,173000,A2,臺中市政府警察局,臺中市南屯區春社里永春路42-38號前0.0公尺,晴,無照明,市區道路,50,單路部分,直路,路段,一般車道(未劃分快慢車道),柏油,乾燥,無缺陷,無障礙物,無遮蔽物,良好,無號誌,無號誌,雙向禁止超車線,無標記,車道線(無標記),未繪設快慢車道分隔線,無,車與車,同向擦撞,駕駛者,違反其他標誌(線)禁制,死亡0;受傷2,3,小客車(含客、貨兩用),自用,男,34,繫安全帶(使用幼童安全椅),未使用,車的狀態,等待(引擎未熄火),汽車,右側車身,,,無(車輛駕駛者因素),尚未發現肇事因素,否,120.614391,24.139367
2024,8,20240802,173400,A2,臺中市政府警察局,臺中市西屯區何德里西屯路二段36號前0.0公尺,晴,有照明未開啟或故障,市區道路,50,單路部分,直路,路段,一般車道(未劃分快慢車道),柏油,乾燥,無缺陷,無障礙物,無遮蔽物,良好,無號誌,無號誌,無,無分向設施,未繪設車道線,未繪設快慢車道分隔線,無,車與車,同向擦撞,駕駛者,未保持行車安全間隔,死亡0;受傷1,1,小客車(含客、貨兩用),自用,女,33,不明,不明,車的狀態,向前直行中,汽車,右前車頭(身),,,駕駛者,未保持行車安全間隔,否,120.659164,24.164652
2024,8,20240802,173400,A2,臺中市政府警察局,臺中市西屯區何德里西屯路二段36號前0.0公尺,晴,有照明未開啟或故障,市區道路,50,單路部分,直路,路段,一般車道(未劃分快慢車道),柏油,乾燥,無缺陷,無障礙物,無遮蔽物,良好,無號誌,無號誌,無,無分向設施,未繪設車道線,未繪設快慢車道分隔線,無,車與車,同向擦撞,駕駛者,未保持行車安全間隔,死亡0;受傷1,2,機車,普通重型,女,33,不明,不明,車的狀態,向前直行中,機車與自行車,左側車身,,,無(車輛駕駛者因素),尚未發現肇事因素,否,120.659164,24.164652
2024,8,20240802,173500,A2,臺中市政府警察局,臺中市東區東信里振興路 / 臺中市東區東信里東和街,晴,有照明且開啟,市區道路,50,交岔路,四岔路,交叉路口,交叉路口內,柏油,乾燥,無缺陷,無障礙物,無遮蔽物,良好,無號誌,無號誌,無,無分向設施,未繪設車道線,未繪設快慢車道分隔線,無,車與車,路口交岔撞,駕駛者,無號誌路口，左方車未讓右方車先行,死亡0;受傷1,1,機車,普通重型,男,62,戴半罩式安全帽,未使用,車的狀態,向前直行中,機車與自行車,右側車身,,,駕駛者,無號誌路口，左方車未讓右方車先行,否,120.705747,24.131229
2024,8,20240802,173500,A2,臺中市政府警察局,臺中市東區東信里振興路 / 臺中市東區東信里東和街,晴,有照明且開啟,市區道路,50,交岔路,四岔路,交叉路口,交叉路口內,柏油,乾燥,無缺陷,無障礙物,無遮蔽物,良好,無號誌,無號誌,無,無分向設施,未繪設車道線,未繪設快慢車道分隔線,無,車與車,路口交岔撞,駕駛者,無號誌路口，左方車未讓右方車先行,死亡0;受傷1,2,小客車(含客、貨兩用),計程車,女,53,繫安全帶(使用幼童安全椅),未使用,車的狀態,向前直行中,汽車,前車頭,,,駕駛者,未依規定減速,否,120.705747,24.131229
2024,8,20240802,173737,A2,彰化縣警察局,彰化縣伸港鄉溪底村彰新路七段口 / 彰化縣伸港鄉溪底村溪底路口,晴,有照明未開啟或故障,村里道路,50,交岔路,四岔路,交叉路口,交叉路口內,柏油,乾燥,無缺陷,無障礙物,無遮蔽物,良好,行車管制號誌,正常,行車分向線,無標記,車道線(無標記),快慢車道分隔線,有,車與車,側撞,駕駛者,左轉彎未依規定,死亡0;受傷1,1,大貨車,自用,男,60,繫安全帶(使用幼童安全椅),未使用,車的狀態,左轉彎,汽車,前車頭,,,駕駛者,左轉彎未依規定,否,120.501372,24.156562
2024,8,20240802,173737,A2,彰化縣警察局,彰化縣伸港鄉溪底村彰新路七段口 / 彰化縣伸港鄉溪底村溪底路口,晴,有照明未開啟或故障,村里道路,50,交岔路,四岔路,交叉路口,交叉路口內,柏油,乾燥,無缺陷,無障礙物,無遮蔽物,良好,行車管制號誌,正常,行車分向線,無標記,車道線(無標記),快慢車道分隔線,有,車與車,側撞,駕駛者,左轉彎未依規定,死亡0;受傷1,2,機車,普通重型,男,24,戴非半罩式安全帽,未使用,車的狀態,向前直行中,機車與自行車,前車頭,,,駕駛者,未依規定減速,否,120.501372,24.156562
2024,8,20240802,174200,A2,保安警察第二總隊,新竹市東區新安路上(同步輻射中心出入口前),晴,有照明未開啟或故障,市區道路,50,交岔路,多岔路,交叉路口,交叉路口內,柏油,乾燥,無缺陷,無障礙物,無遮蔽物,良好,行車管制號誌,正常,中央分向島,窄式無柵欄,未繪設車道線,未繪設快慢車道分隔線,無,車與車,路口交岔撞,無(車輛駕駛者因素),尚未發現肇事因素,死亡0;受傷2,1,機車,普通重型,女,23,不明,不明,車的狀態,向前直行中,機車與自行車,前車頭,,,無(車輛駕駛者因素),尚未發現肇事因素,否,120.994723,24.783780
2024,8,20240802,174200,A2,保安警察第二總隊,新竹市東區新安路上(同步輻射中心出入口前),晴,有照明未開啟或故障,市區道路,50,交岔路,多岔路,交叉路口,交叉路口內,柏油,乾燥,無缺陷,無障礙物,無遮蔽物,良好,行車管制號誌,正常,中央分向島,窄式無柵欄,未繪設車道線,未繪設快慢車道分隔線,無,車與車,路口交岔撞,無(車輛駕駛者因素),尚未發現肇事因素,死亡0;受傷2,2,機車,普通重型,女,24,不明,不明,車的狀態,向前直行中,機車與自行車,右側車身,,,駕駛者,闖紅燈直行,否,120.994723,24.783780
2024,8,20240802,174300,A2,臺北市政府警察局,臺北市大同區長安西路 / 臺北市大同區延平北路1段,晴,有照明未開啟或故障,市區道路,50,交岔路,多岔路,交叉路口,交叉路口內,柏油,乾燥,無缺陷,無障礙物,無遮蔽物,良好,行車管制號誌(附設行人專用號誌),正常,雙向禁止超車線,無標記,禁止變換車道線(無標記),未繪設快慢車道分隔線,無,車與車,其他,駕駛者,左轉彎未依規定,死亡0;受傷1,1,小客車(含客、貨兩用),自用,男,40,繫安全帶(使用幼童安全椅),不明,車的狀態,左轉彎,汽車,左側車身,,,駕駛者,左轉彎未依規定,否,121.512511,25.051706
2024,8,20240802,174300,A2,臺北市政府警察局,臺北市大同區長安西路 / 臺北市大同區延平北路1段,晴,有照明未開啟或故障,市區道路,50,交岔路,多岔路,交叉路口,交叉路口內,柏油,乾燥,無缺陷,無障礙物,無遮蔽物,良好,行車管制號誌(附設行人專用號誌),正常,雙向禁止超車線,無標記,禁止變換車道線(無標記),未繪設快慢車道分隔線,無,車與車,其他,駕駛者,左轉彎未依規定,死亡0;受傷1,2,機車,普通重型,女,54,戴半罩式安全帽,不明,車的狀態,向前直行中,機車與自行車,右側車身,,,無(車輛駕駛者因素),尚未發現肇事因素,否,121.512511,25.051706
2024,8,20240802,174300,A2,臺中市政府警察局,臺中市東區東英里台74線前0.0公尺,晴,有照明未開啟或故障,專用道路,80,單路部分,直路,路段,一般車道(未劃分快慢車道),柏油,乾燥,無缺陷,無障礙物,無遮蔽物,良好,無號誌,無號誌,中央分向島,寬式(50公分以上),車道線(無標記),未繪設快慢車道分隔線,無,車與車,其他,駕駛者,變換車道不當,死亡0;受傷1,1,小客車(含客、貨兩用),自用,男,48,繫安全帶(使用幼童安全椅),未使用,車的狀態,向右變換車道,汽車,右前車頭(身),汽車,右側車身,駕駛者,變換車道不當,否,120.711182,24.143034
2024,8,20240802,174300,A2,臺中市政府警察局,臺中市東區東英里台74線前0.0公尺,晴,有照明未開啟或故障,專用道路,80,單路部分,直路,路段,一般車道(未劃分快慢車道),柏油,乾燥,無缺陷,無障礙物,無遮蔽物,良好,無號誌,無號誌,中央分向島,寬式(50公分以上),車道線(無標記),未繪設快慢車道分隔線,無,車與車,其他,駕駛者,變換車道不當,死亡0;受傷1,2,小客車(含客、貨兩用),自用,女,45,繫安全帶(使用幼童安全椅),未使用,車的狀態,向前直行中,汽車,左前車頭(身),汽車,右前車頭(身),無(車輛駕駛者因素),尚未發現肇事因素,否,120.711182,24.143034
2024,8,20240802,174300,A2,臺中市政府警察局,臺中市東區東英里台74線前0.0公尺,晴,有照明未開啟或故障,專用道路,80,單路部分,直路,路段,一般車道(未劃分快慢車道),柏油,乾燥,無缺陷,無障礙物,無遮蔽物,良好,無號誌,無號誌,中央分向島,寬式(50公分以上),車道線(無標記),未繪設快慢車道分隔線,無,車與車,其他,駕駛者,變換車道不當,死亡0;受傷1,3,小客車(含客、貨兩用),自用,男,50,繫安全帶(使用幼童安全椅),未使用,車的狀態,向右變換車道,其他,無撞擊,,,駕駛者,變換車道不當,否,120.711182,24.143034
2024,8,20240802,174300,A2,臺中市政府警察局,臺中市神岡區山皮里高鐵下平面道路 / 臺中市神岡區山皮里光復路,晴,無照明,市區道路,50,交岔路,四岔路,交叉路口,交叉路口內,柏油,乾燥,無缺陷,無障礙物,無遮蔽物,良好,行車管制號誌,正常,中央分向島,寬式(50公分以上),未繪設車道線,未繪設快慢車道分隔線,有,車與車,其他,駕駛者,有號誌路口，轉彎車未讓直行車先行,死亡0;受傷1,1,機車,普通重型,男,19,戴半罩式安全帽,未使用,車的狀態,左轉彎,機車與自行車,右側車身,,,駕駛者,有號誌路口，轉彎車未讓直行車先行,否,120.646223,24.250699
2024,8,20240802,174300,A2,臺中市政府警察局,臺中市神岡區山皮里高鐵下平面道路 / 臺中市神岡區山皮里光復路,晴,無照明,市區道路,50,交岔路,四岔路,交叉路口,交叉路口內,柏油,乾燥,無缺陷,無障礙物,無遮蔽物,良好,行車管制號誌,正常,中央分向島,寬式(50公分以上),未繪設車道線,未繪設快慢車道分隔線,有,車與車,其他,駕駛者,有號誌路口，轉彎車未讓直行車先行,死亡0;受傷1,2,小客車(含客、貨兩用),自用,男,24,繫安全帶(使用幼童安全椅),未使用,車的狀態,向前直行中,汽車,右前車頭(身),,,駕駛者,未依規定減速,否,120.646223,24.250699
2024,8,20240802,174300,A2,臺中市政府警察局,臺中市神岡區山皮里高鐵下平面道路 / 臺中市神岡區山皮里光復路,晴,無照明,市區道路,50,交岔路,四岔路,交叉路口,交叉路口內,柏油,乾燥,無缺陷,無障礙物,無遮蔽物,良好,行車管制號誌,正常,中央分向島,寬式(50公分以上),未繪設車道線,未繪設快慢車道分隔線,有,車與車,其他,駕駛者,有號誌路口，轉彎車未讓直行車先行,死亡0;受傷1,3,人,乘客,女,19,戴半罩式安全帽,非駕駛人,人的狀態,靜立(止),其他,非汽、機及自行車,,,無(非車輛駕駛人因素),尚未發現肇事因素,否,120.646223,24.250699
2024,8,20240802,174500,A2,臺中市政府警察局,臺中市大雅區四德里中山路168巷前0.0公尺,晴,有照明未開啟或故障,市區道路,50,交岔路,三岔路,路段,一般車道(未劃分快慢車道),柏油,乾燥,無缺陷,無障礙物,無遮蔽物,良好,行車管制號誌,正常,無,無分向設施,車道線(無標記),未繪設快慢車道分隔線,有,車與車,其他,駕駛者,未保持行車安全距離,死亡0;受傷2,1,機車,普通重型,男,42,戴半罩式安全帽,未使用,車的狀態,向前直行中,機車與自行車,前車頭,,,駕駛者,未保持行車安全距離,否,120.645923,24.211134
2024,8,20240802,174500,A2,臺中市政府警察局,臺中市大雅區四德里中山路168巷前0.0公尺,晴,有照明未開啟或故障,市區道路,50,交岔路,三岔路,路段,一般車道(未劃分快慢車道),柏油,乾燥,無缺陷,無障礙物,無遮蔽物,良好,行車管制號誌,正常,無,無分向設施,車道線(無標記),未繪設快慢車道分隔線,有,車與車,其他,駕駛者,未保持行車安全距離,死亡0;受傷2,2,機車,普通重型,男,34,戴半罩式安全帽,未使用,車的狀態,等待(引擎未熄火),機車與自行車,後車尾,,,無(車輛駕駛者因素),尚未發現肇事因素,否,120.645923,24.211134
2024,8,20240802,174600,A2,臺中市政府警察局,臺中市西屯區何仁里文心路三段 / 臺中市西屯區何仁里櫻花路,晴,有照明且開啟,市區道路,50,交岔路,三岔路,交叉路口,交叉路口內,柏油,乾燥,無缺陷,無障礙物,無遮蔽物,良好,行車管制號誌(附設行人專用號誌),正常,無,無分向設施,未繪設車道線,未繪設快慢車道分隔線,無,車與車,追撞,駕駛者,未保持行車安全距離,死亡0;受傷1,1,機車,普通重型,男,57,不明,未使用,車的狀態,右轉彎,機車與自行車,前車頭,,,駕駛者,未保持行車安全距離,否,120.654038,24.167953
2024,8,20240802,174600,A2,臺中市政府警察局,臺中市西屯區何仁里文心路三段 / 臺中市西屯區何仁里櫻花路,晴,有照明且開啟,市區道路,50,交岔路,三岔路,交叉路口,交叉路口內,柏油,乾燥,無缺陷,無障礙物,無遮蔽物,良好,行車管制號誌(附設行人專用號誌),正常,無,無分向設施,未繪設車道線,未繪設快慢車道分隔線,無,車與車,追撞,駕駛者,未保持行車安全距離,死亡0;受傷1,2,小客車(含客、貨兩用),自用,男,27,不明,未使用,車的狀態,向前直行中,汽車,後車尾,,,無(車輛駕駛者因素),尚未發現肇事因素,否,120.654038,24.167953
2024,8,20240802,174900,A2,新竹縣政府警察局,新竹縣新埔鎮文德路一段212號前0.0公尺,晴,有照明未開啟或故障,縣道,50,單路部分,直路,路段,一般車道(未劃分快慢車道),柏油,乾燥,無缺陷,無障礙物,無遮蔽物,良好,無號誌,無號誌,行車分向線,無標記,車道線(無標記),未繪設快慢車道分隔線,有,車與車,追撞,駕駛者,未保持行車安全距離,死亡0;受傷1,1,機車,普通重型,男,34,不明,不明,車的狀態,向前直行中,機車與自行車,前車頭,,,駕駛者,未保持行車安全距離,否,121.084788,24.797125
2024,8,20240802,174900,A2,新竹縣政府警察局,新竹縣新埔鎮文德路一段212號前0.0公尺,晴,有照明未開啟或故障,縣道,50,單路部分,直路,路段,一般車道(未劃分快慢車道),柏油,乾燥,無缺陷,無障礙物,無遮蔽物,良好,無號誌,無號誌,行車分向線,無標記,車道線(無標記),未繪設快慢車道分隔線,有,車與車,追撞,駕駛者,未保持行車安全距離,死亡0;受傷1,2,小客車(含客、貨兩用),自用,女,35,不明,不明,車的狀態,向前直行中,汽車,後車尾,,,無(車輛駕駛者因素),尚未發現肇事因素,否,121.084788,24.797125
2024,8,20240802,175200,A2,臺北市政府警察局,臺北市信義區信義路5段 / 臺北市信義區信義路5段,陰,有照明且開啟,市區道路,50,交岔路,三岔路,交叉路口,交叉路口內,柏油,乾燥,無缺陷,無障礙物,無遮蔽物,良好,無號誌,無號誌,無,無分向設施,未繪設車道線,未繪設快慢車道分隔線,無,車與車,側撞,駕駛者,左轉彎未依規定,死亡0;受傷1,1,機車,普通重型,男,64,戴半罩式安全帽,未使用,車的狀態,左轉彎,機車與自行車,前車頭,,,駕駛者,左轉彎未依規定,否,121.569052,25.028523
2024,8,20240802,175200,A2,臺北市政府警察局,臺北市信義區信義路5段 / 臺北市信義區信義路5段,陰,有照明且開啟,市區道路,50,交岔路,三岔路,交叉路口,交叉路口內,柏油,乾燥,無缺陷,無障礙物,無遮蔽物,良好,無號誌,無號誌,無,無分向設施,未繪設車道線,未繪設快慢車道分隔線,無,車與車,側撞,駕駛者,左轉彎未依規定,死亡0;受傷1,2,小客車(含客、貨兩用),自用,男,36,繫安全帶(使用幼童安全椅),未使用,車的狀態,向前直行中,汽車,左後車尾(身),,,無(車輛駕駛者因素),尚未發現肇事因素,否,121.569052,25.028523
2024,8,20240802,175300,A2,臺北市政府警察局,臺北市大安區基隆路3段 / 臺北市大安區長興街,晴,有照明未開啟或故障,市區道路,50,交岔路,四岔路,交叉路口,交叉路口內,柏油,乾燥,無缺陷,無障礙物,無遮蔽物,良好,行車管制號誌,正常,無,無分向設施,未繪設車道線,未繪設快慢車道分隔線,無,車與車,其他,無(車輛駕駛者因素),尚未發現肇事因素,死亡0;受傷2,1,機車,普通重型,男,28,戴非半罩式安全帽,未使用,車的狀態,右轉彎,機車與自行車,後車尾,,,無(車輛駕駛者因素),尚未發現肇事因素,否,121.544496,25.017208
2024,8,20240802,175300,A2,臺北市政府警察局,臺北市大安區基隆路3段 / 臺北市大安區長興街,晴,有照明未開啟或故障,市區道路,50,交岔路,四岔路,交叉路口,交叉路口內,柏油,乾燥,無缺陷,無障礙物,無遮蔽物,良好,行車管制號誌,正常,無,無分向設施,未繪設車道線,未繪設快慢車道分隔線,無,車與車,其他,無(車輛駕駛者因素),尚未發現肇事因素,死亡0;受傷2,2,慢車,腳踏自行車,女,56,其他(無需使用保護裝備之人),未使用,車的狀態,向前直行中,其他,不明,,,無(車輛駕駛者因素),尚未發現肇事因素,否,121.544496,25.017208
2024,8,20240802,175400,A2,臺中市政府警察局,臺中市西屯區何仁里西屯路二段132號前0.0公尺,晴,有照明未開啟或故障,市區道路,50,單路部分,直路,路段,一般車道(未劃分快慢車道),柏油,乾燥,無缺陷,無障礙物,無遮蔽物,良好,無號誌,無號誌,雙向禁止超車線,無標記,未繪設車道線,未繪設快慢車道分隔線,無,車與車,追撞,駕駛者,恍神、緊張、心不在焉分心駕駛,死亡0;受傷1,1,機車,普通重型,男,84,不明,不明,車的狀態,向前直行中,機車與自行車,前車頭,,,駕駛者,恍神、緊張、心不在焉分心駕駛,否,120.650942,24.167073
2024,8,20240802,175400,A2,臺中市政府警察局,臺中市西屯區何仁里西屯路二段132號前0.0公尺,晴,有照明未開啟或故障,市區道路,50,單路部分,直路,路段,一般車道(未劃分快慢車道),柏油,乾燥,無缺陷,無障礙物,無遮蔽物,良好,無號誌,無號誌,雙向禁止超車線,無標記,未繪設車道線,未繪設快慢車道分隔線,無,車與車,追撞,駕駛者,恍神、緊張、心不在焉分心駕駛,死亡0;受傷1,2,小貨車,自用,男,67,不明,不明,車的狀態,靜止(引擎熄火),汽車,左後車尾(身),,,無(車輛駕駛者因素),尚未發現肇事因素,否,120.650942,24.167073
2024,8,20240802,175500,A2,臺中市政府警察局,臺中市南屯區春社里永春南路前0.0公尺,晴,無照明,市區道路,50,單路部分,直路,路段,一般車道(未劃分快慢車道),柏油,乾燥,無缺陷,無障礙物,無遮蔽物,良好,無號誌,無號誌,雙向禁止超車線,無標記,車道線(無標記),未繪設快慢車道分隔線,無,車與車,同向擦撞,其他,因光線、視線遮蔽致生事故,死亡0;受傷1,1,機車,普通重型,男,65,戴非半罩式安全帽,未使用,車的狀態,向前直行中,機車與自行車,前車頭,,,其他,因光線、視線遮蔽致生事故,否,120.605141,24.139017
2024,8,20240802,175500,A2,臺中市政府警察局,臺中市南屯區春社里永春南路前0.0公尺,晴,無照明,市區道路,50,單路部分,直路,路段,一般車道(未劃分快慢車道),柏油,乾燥,無缺陷,無障礙物,無遮蔽物,良好,無號誌,無號誌,雙向禁止超車線,無標記,車道線(無標記),未繪設快慢車道分隔線,無,車與車,同向擦撞,其他,因光線、視線遮蔽致生事故,死亡0;受傷1,2,小貨車,自用,男,44,不明,不明,車的狀態,靜止(引擎熄火),汽車,左後車尾(身),,,其他,違規(臨時)停車,否,120.605141,24.139017
2024,8,20240802,175900,A2,臺中市政府警察局,臺中市南區崇倫里西川二路 / 臺中市南區崇倫里東興二街,晴,有照明未開啟或故障,市區道路,50,交岔路,四岔路,交叉路口,交叉路口內,柏油,乾燥,無缺陷,無障礙物,無遮蔽物,良好,無號誌,無號誌,無,無分向設施,未繪設車道線,未繪設快慢車道分隔線,無,車與車,路口交岔撞,駕駛者,無號誌路口，左方車未讓右方車先行,死亡0;受傷1,1,機車,普通重型,女,49,戴非半罩式安全帽,未使用,車的狀態,向前直行中,機車與自行車,前車頭,,,駕駛者,無號誌路口，左方車未讓右方車先行,否,120.656036,24.126602
2024,8,20240802,175900,A2,臺中市政府警察局,臺中市南區崇倫里西川二路 / 臺中市南區崇倫里東興二街,晴,有照明未開啟或故障,市區道路,50,交岔路,四岔路,交叉路口,交叉路口內,柏油,乾燥,無缺陷,無障礙物,無遮蔽物,良好,無號誌,無號誌,無,無分向設施,未繪設車道線,未繪設快慢車道分隔線,無,車與車,路口交岔撞,駕駛者,無號誌路口，左方車未讓右方車先行,死亡0;受傷1,2,小客車(含客、貨兩用),自用,男,38,繫安全帶(使用幼童安全椅),未使用,車的狀態,向前直行中,汽車,左前車頭(身),,,其他,其他不當駕車行為,否,120.656036,24.126602
2024,8,20240802,180000,A2,臺中市政府警察局,臺中市豐原區豐西里豐西街98號前0.0公尺,晴,有照明未開啟或故障,市區道路,50,單路部分,直路,路段,一般車道(未劃分快慢車道),柏油,乾燥,無缺陷,無障礙物,無遮蔽物,良好,無號誌,無號誌,行車分向線,無標記,未繪設車道線,未繪設快慢車道分隔線,有,車與車,側撞,駕駛者,其他未依規定讓車,死亡0;受傷3,1,機車,普通重型,男,24,戴非半罩式安全帽,未使用,車的狀態,左轉彎,機車與自行車,右側車身,,,駕駛者,其他未依規定讓車,否,120.711379,24.251484
2024,8,20240802,180000,A2,臺中市政府警察局,臺中市豐原區豐西里豐西街98號前0.0公尺,晴,有照明未開啟或故障,市區道路,50,單路部分,直路,路段,一般車道(未劃分快慢車道),柏油,乾燥,無缺陷,無障礙物,無遮蔽物,良好,無號誌,無號誌,行車分向線,無標記,未繪設車道線,未繪設快慢車道分隔線,有,車與車,側撞,駕駛者,其他未依規定讓車,死亡0;受傷3,2,機車,普通重型,男,19,戴非半罩式安全帽,未使用,車的狀態,向前直行中,機車與自行車,前車頭,,,駕駛者,恍神、緊張、心不在焉分心駕駛,否,120.711379,24.251484
2024,8,20240802,180000,A2,臺中市政府警察局,臺中市豐原區豐西里豐西街98號前0.0公尺,晴,有照明未開啟或故障,市區道路,50,單路部分,直路,路段,一般車道(未劃分快慢車道),柏油,乾燥,無缺陷,無障礙物,無遮蔽物,良好,無號誌,無號誌,行車分向線,無標記,未繪設車道線,未繪設快慢車道分隔線,有,車與車,側撞,駕駛者,其他未依規定讓車,死亡0;受傷3,3,機車,普通重型,男,59,不明,不明,車的狀態,靜止(引擎熄火),其他,不明,,,無(車輛駕駛者因素),尚未發現肇事因素,否,120.711379,24.251484
2024,8,20240802,180000,A2,臺中市政府警察局,臺中市豐原區豐西里豐西街98號前0.0公尺,晴,有照明未開啟或故障,市區道路,50,單路部分,直路,路段,一般車道(未劃分快慢車道),柏油,乾燥,無缺陷,無障礙物,無遮蔽物,良好,無號誌,無號誌,行車分向線,無標記,未繪設車道線,未繪設快慢車道分隔線,有,車與車,側撞,駕駛者,其他未依規定讓車,死亡0;受傷3,4,人,乘客,女,19,戴非半罩式安全帽,非駕駛人,人的狀態,靜立(止),其他,非汽、機及自行車,,,無(非車輛駕駛人因素),尚未發現肇事因素,否,120.711379,24.251484
2024,8,20240802,180700,A2,臺中市政府警察局,臺中市沙鹿區公明里中清路六段176號前0.0公尺,晴,有照明且開啟,市區道路,30,交岔路,三岔路,交叉路口,交叉路口內,柏油,乾燥,無缺陷,無障礙物,無遮蔽物,良好,無號誌,無號誌,無,無分向設施,未繪設車道線,未繪設快慢車道分隔線,無,車與車,其他,其他,相關跡證不足且無具體影像紀錄，當事人各執一詞，經分析後無法釐清肇事原因,死亡0;受傷1,1,小客車(含客、貨兩用),自用,女,22,繫安全帶(使用幼童安全椅),未使用,車的狀態,等待(引擎未熄火),汽車,前車頭,,,其他,相關跡證不足且無具體影像紀錄，當事人各執一詞，經分析後無法釐清肇事原因,否,120.609721,24.245927
2024,8,20240802,180700,A2,臺中市政府警察局,臺中市沙鹿區公明里中清路六段176號前0.0公尺,晴,有照明且開啟,市區道路,30,交岔路,三岔路,交叉路口,交叉路口內,柏油,乾燥,無缺陷,無障礙物,無遮蔽物,良好,無號誌,無號誌,無,無分向設施,未繪設車道線,未繪設快慢車道分隔線,無,車與車,其他,其他,相關跡證不足且無具體影像紀錄，當事人各執一詞，經分析後無法釐清肇事原因,死亡0;受傷1,2,機車,普通重型,男,43,戴半罩式安全帽,未使用,車的狀態,向前直行中,機車與自行車,右側車身,,,其他,相關跡證不足且無具體影像紀錄，當事人各執一詞，經分析後無法釐清肇事原因,否,120.609721,24.245927
2024,8,20240802,181000,A2,臺中市政府警察局,臺中市南區樹德里建國南路一段 / 臺中市南區樹德里五權南路,晴,有照明且開啟,市區道路,50,交岔路,四岔路,交叉路口,交叉路口內,柏油,乾燥,無缺陷,無障礙物,無遮蔽物,良好,行車管制號誌,正常,無,無分向設施,未繪設車道線,未繪設快慢車道分隔線,無,車與車,其他,其他,其他不當駕車行為,死亡0;受傷1,1,機車,普通重型,男,64,戴半罩式安全帽,未使用,車的狀態,向前直行中,機車與自行車,左側車身,,,其他,其他不當駕車行為,否,120.653289,24.121969
2024,8,20240802,181000,A2,臺中市政府警察局,臺中市南區樹德里建國南路一段 / 臺中市南區樹德里五權南路,晴,有照明且開啟,市區道路,50,交岔路,四岔路,交叉路口,交叉路口內,柏油,乾燥,無缺陷,無障礙物,無遮蔽物,良好,行車管制號誌,正常,無,無分向設施,未繪設車道線,未繪設快慢車道分隔線,無,車與車,其他,其他,其他不當駕車行為,死亡0;受傷1,2,小客車(含客、貨兩用),自用,男,30,繫安全帶(使用幼童安全椅),未使用,車的狀態,右轉彎,汽車,右側車身,,,無(車輛駕駛者因素),尚未發現肇事因素,否,120.653289,24.121969
2024,8,20240802,181154,A2,南投縣政府警察局,南投縣草屯鎮和平里碧山路121號前,晴,無照明,市區道路,50,交岔路,四岔路,交叉路口,交叉口附近,柏油,乾燥,無缺陷,無障礙物,無遮蔽物,良好,行車管制號誌,正常,雙向禁止超車線,無標記,未繪設車道線,未繪設快慢車道分隔線,有,車與車,追撞,駕駛者,未保持行車安全距離,死亡0;受傷1,1,機車,普通重型,女,55,戴非半罩式安全帽,未使用,車的狀態,向前直行中,機車與自行車,前車頭,,,駕駛者,未保持行車安全距離,否,120.684072,23.977968
2024,8,20240802,181154,A2,南投縣政府警察局,南投縣草屯鎮和平里碧山路121號前,晴,無照明,市區道路,50,交岔路,四岔路,交叉路口,交叉口附近,柏油,乾燥,無缺陷,無障礙物,無遮蔽物,良好,行車管制號誌,正常,雙向禁止超車線,無標記,未繪設車道線,未繪設快慢車道分隔線,有,車與車,追撞,駕駛者,未保持行車安全距離,死亡0;受傷1,2,小客車(含客、貨兩用),自用,女,47,繫安全帶(使用幼童安全椅),未使用,車的狀態,急減速或急停止,汽車,左後車尾(身),,,無(車輛駕駛者因素),尚未發現肇事因素,否,120.684072,23.977968