發生年度,發生月份,發生日期,發生時間,事故類別名稱,處理單位名稱警局層,發生地點,天候名稱,光線名稱,道路類別-第1當事者-名稱,速限-第1當事者,道路型態大類別名稱,道路型態子類別名稱,事故位置大類別名稱,事故位置子類別名稱,路面狀況-路面鋪裝名稱,路面狀況-路面狀態名稱,路面狀況-路面缺陷名稱,道路障礙-障礙物名稱,道路障礙-視距品質名稱,道路障礙-視距名稱,號誌-號誌種類名稱,號誌-號誌動作名稱,車道劃分設施-分向設施大類別名稱,車道劃分設施-分向設施子類別名稱,車道劃分設施-分道設施-快車道或一般車道間名稱,車道劃分設施-分道設施-快慢車道間名稱,車道劃分設施-分道設施-路面邊線名稱,事故類型及型態大類別名稱,事故類型及型態子類別名稱,肇因研判大類別名稱-主要,肇因研判子類別名稱-主要,死亡受傷人數,當事者順位,當事者區分-類別-大類別名稱-車種,當事者區分-類別-子類別名稱-車種,當事者屬-性-別名稱,當事者事故發生時年齡,保護裝備名稱,行動電話或電腦或其他相類功能裝置名稱,當事者行動狀態大類別名稱,當事者行動狀態子類別名稱,車輛撞擊部位大類別名稱-最初,車輛撞擊部位子類別名稱-最初,車輛撞擊部位大類別名稱-其他,車輛撞擊部位子類別名稱-其他,肇因研判大類別名稱-個別,肇因研判子類別名稱-個別,肇事逃逸類別名稱-是否肇逃,經度,緯度
2024,8,20240802,181400,A2,臺北市政府警察局,臺北市內湖區金莊路 / 臺北市內湖區金豐街,晴,有照明未開啟或故障,市區道路,50,單路部分,直路,路段,一般車道(未劃分快慢車道),柏油,乾燥,無缺陷,無障礙物,無遮蔽物,良好,無號誌,無號誌,行車分向線,無標記,未繪設車道線,未繪設快慢車道分隔線,無,車與車,其他,駕駛者,其他未依規定讓車,死亡0;受傷1,1,小客車(含客、貨兩用),自用,男,56,繫安全帶(使用幼童安全椅),未使用,車的狀態,左轉彎,汽車,右側車身,,,駕駛者,其他未依規定讓車,否,121.587655,25.065044
2024,8,20240802,181400,A2,臺北市政府警察局,臺北市內湖區金莊路 / 臺北市內湖區金豐街,晴,有照明未開啟或故障,市區道路,50,單路部分,直路,路段,一般車道(未劃分快慢車道),柏油,乾燥,無缺陷,無障礙物,無遮蔽物,良好,無號誌,無號誌,行車分向線,無標記,未繪設車道線,未繪設快慢車道分隔線,無,車與車,其他,駕駛者,其他未依規定讓車,死亡0;受傷1,2,機車,普通重型,男,27,戴半罩式安全帽,未使用,車的狀態,向前直行中,機車與自行車,前車頭,,,其他,其他不當駕車行為,否,121.587655,25.065044
2024,8,20240802,181400,A2,新北市政府警察局,新北市新莊區裕民街 / 新北市新莊區福營路,晴,有照明且開啟,其他,40,交岔路,三岔路,交叉路口,交叉口附近,柏油,乾燥,無缺陷,無障礙物,無遮蔽物,良好,無號誌,無號誌,雙向禁止超車線,無標記,未繪設車道線,未繪設快慢車道分隔線,有,車與車,其他,其他,其他不當駕車行為,死亡0;受傷2,1,機車,普通重型,男,46,戴半罩式安全帽,未使用,車的狀態,向前直行中,機車與自行車,前車頭,,,其他,其他不當駕車行為,否,121.419631,25.024788
2024,8,20240802,181400,A2,新北市政府警察局,新北市新莊區裕民街 / 新北市新莊區福營路,晴,有照明且開啟,其他,40,交岔路,三岔路,交叉路口,交叉口附近,柏油,乾燥,無缺陷,無障礙物,無遮蔽物,良好,無號誌,無號誌,雙向禁止超車線,無標記,未繪設車道線,未繪設快慢車道分隔線,有,車與車,其他,其他,其他不當駕車行為,死亡0;受傷2,2,機車,普通重型,女,60,戴半罩式安全帽,未使用,車的狀態,向前直行中,機車與自行車,後車尾,,,其他,其他不當駕車行為,否,121.419631,25.024788
2024,8,20240802,181900,A2,臺北市政府警察局,臺北市松山區敦化北路 / 臺北市松山區南京東路3段,晴,有照明且開啟,市區道路,40,交岔路,四岔路,交叉路口,交叉路口內,柏油,乾燥,無缺陷,無障礙物,無遮蔽物,良好,行車管制號誌(附設行人專用號誌),正常,中央分向島,寬式(50公分以上),車道線(無標記),未繪設快慢車道分隔線,無,車與車,路口交岔撞,駕駛者,其他未依規定讓車,死亡0;受傷1,1,小客車(含客、貨兩用),自用,女,48,繫安全帶(使用幼童安全椅),未使用,車的狀態,其他,汽車,前車頭,,,駕駛者,其他未依規定讓車,否,121.548611,25.051578
2024,8,20240802,181900,A2,臺北市政府警察局,臺北市松山區敦化北路 / 臺北市松山區南京東路3段,晴,有照明且開啟,市區道路,40,交岔路,四岔路,交叉路口,交叉路口內,柏油,乾燥,無缺陷,無障礙物,無遮蔽物,良好,行車管制號誌(附設行人專用號誌),正常,中央分向島,寬式(50公分以上),車道線(無標記),未繪設快慢車道分隔線,無,車與車,路口交岔撞,駕駛者,其他未依規定讓車,死亡0;受傷1,2,慢車,腳踏自行車,男,17,其他(無需使用保護裝備之人),未使用,車的狀態,向前直行中,機車與自行車,右側車身,,,駕駛者,未依規定減速,否,121.548611,25.051578
2024,8,20240802,182400,A2,基隆市警察局,基隆市中山區中華路153號前0.0公尺,晴,有照明且開啟,市區道路,50,單路部分,直路,路段,一般車道(未劃分快慢車道),柏油,乾燥,無缺陷,無障礙物,無遮蔽物,良好,無號誌,無號誌,雙向禁止超車線,無標記,未繪設車道線,未繪設快慢車道分隔線,有,車與車,追撞,駕駛者,未保持行車安全距離,死亡0;受傷1,1,機車,普通重型,女,43,戴半罩式安全帽,未使用,車的狀態,向前直行中,機車與自行車,前車頭,,,駕駛者,未保持行車安全距離,否,121.737136,25.149075
2024,8,20240802,182400,A2,基隆市警察局,基隆市中山區中華路153號前0.0公尺,晴,有照明且開啟,市區道路,50,單路部分,直路,路段,一般車道(未劃分快慢車道),柏油,乾燥,無缺陷,無障礙物,無遮蔽物,良好,無號誌,無號誌,雙向禁止超車線,無標記,未繪設車道線,未繪設快慢車道分隔線,有,車與車,追撞,駕駛者,未保持行車安全距離,死亡0;受傷1,2,小客車(含客、貨兩用),自用,男,22,繫安全帶(使用幼童安全椅),未使用,車的狀態,向前直行中,汽車,右後車尾(身),,,無(車輛駕駛者因素),尚未發現肇事因素,否,121.737136,25.149075
2024,8,20240802,182400,A2,基隆市警察局,基隆市中山區中華路153號前0.0公尺,晴,有照明且開啟,市區道路,50,單路部分,直路,路段,一般車道(未劃分快慢車道),柏油,乾燥,無缺陷,無障礙物,無遮蔽物,良好,無號誌,無號誌,雙向禁止超車線,無標記,未繪設車道線,未繪設快慢車道分隔線,有,車與車,追撞,駕駛者,未保持行車安全距離,死亡0;受傷1,3,機車,普通重型,男,27,戴半罩式安全帽,未使用,車的狀態,迴轉或橫越道路中,其他,無撞擊,,,駕駛者,違反其他標誌(線)禁制,否,121.737136,25.149075
2024,8,20240802,182500,A2,臺北市政府警察局,臺北市中山區中山北路3段前0.0公尺,晴,無照明,市區道路,50,單路部分,直路,路段,一般車道(未劃分快慢車道),柏油,乾燥,無缺陷,無障礙物,無遮蔽物,良好,行車管制號誌,正常,雙向禁止超車線,無標記,車道線(無標記),未繪設快慢車道分隔線,無,車輛本身,其他,無(非車輛駕駛人因素),尚未發現肇事因素,死亡0;受傷1,1,,,無或物(動物、堆置物),0,,,,,,,,,無(非車輛駕駛人因素),尚未發現肇事因素,否,121.523355,25.070678
2024,8,20240802,182500,A2,臺北市政府警察局,臺北市中山區中山北路3段前0.0公尺,晴,無照明,市區道路,50,單路部分,直路,路段,一般車道(未劃分快慢車道),柏油,乾燥,無缺陷,無障礙物,無遮蔽物,良好,行車管制號誌,正常,雙向禁止超車線,無標記,車道線(無標記),未繪設快慢車道分隔線,無,車輛本身,其他,無(非車輛駕駛人因素),尚未發現肇事因素,死亡0;受傷1,2,機車,普通重型,男,48,不明,不明,車的狀態,向前直行中,機車與自行車,前車頭,,,無(車輛駕駛者因素),尚未發現肇事因素,否,121.523355,25.070678
2024,8,20240802,182500,A2,臺北市政府警察局,臺北市中山區中山北路3段前0.0公尺,晴,無照明,市區道路,50,單路部分,直路,路段,一般車道(未劃分快慢車道),柏油,乾燥,無缺陷,無障礙物,無遮蔽物,良好,行車管制號誌,正常,雙向禁止超車線,無標記,車道線(無標記),未繪設快慢車道分隔線,無,車輛本身,其他,無(非車輛駕駛人因素),尚未發現肇事因素,死亡0;受傷1,3,,,肇事逃逸尚未查獲,0,,,,,,,,,,肇事逃逸未查獲，無法查明肇因,是,121.523355,25.070678
2024,8,20240802,182800,A2,臺中市政府警察局,臺中市中區公園里公園路 / 臺中市中區公園里市府路,晴,有照明未開啟或故障,市區道路,50,交岔路,三岔路,交叉路口,交叉路口內,柏油,乾燥,無缺陷,無障礙物,無遮蔽物,良好,行車管制號誌(附設行人專用號誌),正常,無,無分向設施,未繪設車道線,未繪設快慢車道分隔線,無,車輛本身,路上翻車、摔倒,無(車輛駕駛者因素),尚未發現肇事因素,死亡0;受傷1,1,機車,普通重型,女,31,戴半罩式安全帽,未使用,車的狀態,向前直行中,機車與自行車,左側車身,,,無(車輛駕駛者因素),尚未發現肇事因素,否,120.681818,24.140260
2024,8,20240802,182800,A2,臺中市政府警察局,臺中市中區公園里公園路 / 臺中市中區公園里市府路,晴,有照明未開啟或故障,市區道路,50,交岔路,三岔路,交叉路口,交叉路口內,柏油,乾燥,無缺陷,無障礙物,無遮蔽物,良好,行車管制號誌(附設行人專用號誌),正常,無,無分向設施,未繪設車道線,未繪設快慢車道分隔線,無,車輛本身,路上翻車、摔倒,無(車輛駕駛者因素),尚未發現肇事因素,死亡0;受傷1,2,,,無或物(動物、堆置物),0,,,,,,,,,無(非車輛駕駛人因素),尚未發現肇事因素,否,120.681818,24.140260
2024,8,20240802,183000,A2,臺北市政府警察局,臺北市內湖區瑞光路399號前0.0公尺,晴,有照明且開啟,市區道路,50,單路部分,直路,路段,一般車道(未劃分快慢車道),柏油,乾燥,無缺陷,無障礙物,無遮蔽物,良好,無號誌,無號誌,雙向禁止超車線,無標記,車道線(無標記),未繪設快慢車道分隔線,無,車與車,其他,駕駛者,變換車道不當,死亡0;受傷1,1,機車,普通重型,男,26,戴非半罩式安全帽,未使用,車的狀態,向左變換車道,機車與自行車,左側車身,,,駕駛者,變換車道不當,否,121.572122,25.077676
2024,8,20240802,183000,A2,臺北市政府警察局,臺北市內湖區瑞光路399號前0.0公尺,晴,有照明且開啟,市區道路,50,單路部分,直路,路段,一般車道(未劃分快慢車道),柏油,乾燥,無缺陷,無障礙物,無遮蔽物,良好,無號誌,無號誌,雙向禁止超車線,無標記,車道線(無標記),未繪設快慢車道分隔線,無,車與車,其他,駕駛者,變換車道不當,死亡0;受傷1,2,小客車(含客、貨兩用),自用,男,47,繫安全帶(使用幼童安全椅),未使用,車的狀態,向前直行中,汽車,右側車身,,,無(車輛駕駛者因素),尚未發現肇事因素,否,121.572122,25.077676
2024,8,20240802,183300,A2,臺北市政府警察局,臺北市松山區民權東路4段121號前0.0公尺,晴,有照明且開啟,市區道路,40,單路部分,直路,路段,慢車道,柏油,乾燥,無缺陷,無障礙物,無遮蔽物,良好,無號誌,無號誌,行車分向線,附標記,車道線(附標記),快慢車道分隔線,有,車與車,追撞,駕駛者,未保持行車安全距離,死亡0;受傷2,1,機車,普通重型,女,29,不明,未使用,車的狀態,向前直行中,機車與自行車,前車頭,,,駕駛者,未保持行車安全距離,否,121.558198,25.062276
2024,8,20240802,183300,A2,臺北市政府警察局,臺北市松山區民權東路4段121號前0.0公尺,晴,有照明且開啟,市區道路,40,單路部分,直路,路段,慢車道,柏油,乾燥,無缺陷,無障礙物,無遮蔽物,良好,無號誌,無號誌,行車分向線,附標記,車道線(附標記),快慢車道分隔線,有,車與車,追撞,駕駛者,未保持行車安全距離,死亡0;受傷2,2,機車,普通輕型,女,45,不明,未使用,車的狀態,向前直行中,機車與自行車,後車尾,,,無(車輛駕駛者因素),尚未發現肇事因素,否,121.558198,25.062276
2024,8,20240802,183400,A2,臺中市政府警察局,臺中市東區東信里振興路前0.0公尺,晴,有照明且開啟,市區道路,50,單路部分,直路,路段,一般車道(未劃分快慢車道),柏油,乾燥,無缺陷,無障礙物,無遮蔽物,良好,行車管制號誌,正常,雙向禁止超車線,無標記,車道線(無標記),未繪設快慢車道分隔線,無,車與車,其他,駕駛者,未保持行車安全距離,死亡0;受傷2,1,機車,普通重型,男,79,戴半罩式安全帽,未使用,車的狀態,向前直行中,機車與自行車,前車頭,,,駕駛者,未保持行車安全距離,否,120.704668,24.130683
2024,8,20240802,183400,A2,臺中市政府警察局,臺中市東區東信里振興路前0.0公尺,晴,有照明且開啟,市區道路,50,單路部分,直路,路段,一般車道(未劃分快慢車道),柏油,乾燥,無缺陷,無障礙物,無遮蔽物,良好,行車管制號誌,正常,雙向禁止超車線,無標記,車道線(無標記),未繪設快慢車道分隔線,無,車與車,其他,駕駛者,未保持行車安全距離,死亡0;受傷2,2,機車,普通重型,男,41,戴半罩式安全帽,未使用,車的狀態,等待(引擎未熄火),機車與自行車,後車尾,,,無(車輛駕駛者因素),尚未發現肇事因素,否,120.704668,24.130683
2024,8,20240802,183400,A2,臺中市政府警察局,臺中市東區東信里振興路前0.0公尺,晴,有照明且開啟,市區道路,50,單路部分,直路,路段,一般車道(未劃分快慢車道),柏油,乾燥,無缺陷,無障礙物,無遮蔽物,良好,行車管制號誌,正常,雙向禁止超車線,無標記,車道線(無標記),未繪設快慢車道分隔線,無,車與車,其他,駕駛者,未保持行車安全距離,死亡0;受傷2,3,人,乘客,女,75,戴半罩式安全帽,非駕駛人,不明,不明,其他,非汽、機及自行車,,,無(非車輛駕駛人因素),尚未發現肇事因素,否,120.704668,24.130683
2024,8,20240802,183400,A2,臺中市政府警察局,臺中市潭子區東寶里雅潭路二段107號前0.0公尺,晴,無照明,市區道路,50,單路部分,直路,其他,其他,柏油,乾燥,無缺陷,無障礙物,無遮蔽物,良好,無號誌,無號誌,中央分向島,寬式(50公分以上),車道線(無標記),快慢車道分隔線,有,車與車,同向擦撞,駕駛者,變換車道不當,死亡0;受傷1,1,機車,普通重型,男,18,戴非半罩式安全帽,未使用,車的狀態,向右變換車道,機車與自行車,左側車身,,,駕駛者,變換車道不當,否,120.694440,24.215666
2024,8,20240802,183400,A2,臺中市政府警察局,臺中市潭子區東寶里雅潭路二段107號前0.0公尺,晴,無照明,市區道路,50,單路部分,直路,其他,其他,柏油,乾燥,無缺陷,無障礙物,無遮蔽物,良好,無號誌,無號誌,中央分向島,寬式(50公分以上),車道線(無標記),快慢車道分隔線,有,車與車,同向擦撞,駕駛者,變換車道不當,死亡0;受傷1,2,小客車(含客、貨兩用),自用,男,38,繫安全帶(使用幼童安全椅),未使用,車的狀態,其他,汽車,右側車身,,,駕駛者,變換車道不當,否,120.694440,24.215666
2024,8,20240802,183700,A2,臺北市政府警察局,臺北市士林區後港街前0.0公尺,陰,有照明且開啟,市區道路,30,單路部分,直路,路段,一般車道(未劃分快慢車道),柏油,乾燥,無缺陷,無障礙物,無遮蔽物,良好,無號誌,無號誌,無,無分向設施,車道線(無標記),未繪設快慢車道分隔線,有,車與車,其他,無(車輛駕駛者因素),尚未發現肇事因素,死亡0;受傷1,1,小客車(含客、貨兩用),自用,男,40,繫安全帶(使用幼童安全椅),未使用,車的狀態,左轉彎,汽車,前車頭,,,無(車輛駕駛者因素),尚未發現肇事因素,否,121.521406,25.085796
2024,8,20240802,183700,A2,臺北市政府警察局,臺北市士林區後港街前0.0公尺,陰,有照明且開啟,市區道路,30,單路部分,直路,路段,一般車道(未劃分快慢車道),柏油,乾燥,無缺陷,無障礙物,無遮蔽物,良好,無號誌,無號誌,無,無分向設施,車道線(無標記),未繪設快慢車道分隔線,有,車與車,其他,無(車輛駕駛者因素),尚未發現肇事因素,死亡0;受傷1,2,機車,普通重型,男,24,戴半罩式安全帽,未使用,車的狀態,向前直行中,機車與自行車,前車頭,,,無(車輛駕駛者因素),尚未發現肇事因素,否,121.521406,25.085796
2024,8,20240802,183700,A2,臺中市政府警察局,臺中市西區公舘里柳川西路二段 / 臺中市西區公舘里南屯路一段,晴,無照明,市區道路,50,交岔路,多岔路,交叉路口,交叉路口內,柏油,乾燥,無缺陷,無障礙物,無遮蔽物,良好,行車管制號誌(附設行人專用號誌),正常,無,無分向設施,未繪設車道線,未繪設快慢車道分隔線,無,車與車,其他,無(車輛駕駛者因素),尚未發現肇事因素,死亡0;受傷1,1,機車,普通重型,男,24,戴半罩式安全帽,未使用,車的狀態,向前直行中,機車與自行車,右側車身,,,無(車輛駕駛者因素),尚未發現肇事因素,否,120.662672,24.132168
2024,8,20240802,183700,A2,臺中市政府警察局,臺中市西區公舘里柳川西路二段 / 臺中市西區公舘里南屯路一段,晴,無照明,市區道路,50,交岔路,多岔路,交叉路口,交叉路口內,柏油,乾燥,無缺陷,無障礙物,無遮蔽物,良好,行車管制號誌(附設行人專用號誌),正常,無,無分向設施,未繪設車道線,未繪設快慢車道分隔線,無,車與車,其他,無(車輛駕駛者因素),尚未發現肇事因素,死亡0;受傷1,2,機車,普通重型,男,27,戴半罩式安全帽,未使用,車的狀態,向前直行中,其他,無撞擊,,,駕駛者,闖紅燈直行,否,120.662672,24.132168
2024,8,20240802,183900,A2,臺北市政府警察局,臺北市南港區忠孝東路6段 / 臺北市南港區忠孝東路6段,晴,無照明,市區道路,50,交岔路,三岔路,交叉路口,交叉路口內,柏油,乾燥,無缺陷,無障礙物,無遮蔽物,良好,行車管制號誌(附設行人專用號誌),正常,中央分向島,寬式(50公分以上),未繪設車道線,未繪設快慢車道分隔線,無,車與車,其他,駕駛者,闖紅燈直行,死亡0;受傷1,1,小客車(含客、貨兩用),計程車,男,65,繫安全帶(使用幼童安全椅),未使用,車的狀態,向前直行中,汽車,前車頭,,,駕駛者,闖紅燈直行,否,121.588112,25.049024
2024,8,20240802,183900,A2,臺北市政府警察局,臺北市南港區忠孝東路6段 / 臺北市南港區忠孝東路6段,晴,無照明,市區道路,50,交岔路,三岔路,交叉路口,交叉路口內,柏油,乾燥,無缺陷,無障礙物,無遮蔽物,良好,行車管制號誌(附設行人專用號誌),正常,中央分向島,寬式(50公分以上),未繪設車道線,未繪設快慢車道分隔線,無,車與車,其他,駕駛者,闖紅燈直行,死亡0;受傷1,2,慢車,腳踏自行車,男,14,其他(無需使用保護裝備之人),未使用,車的狀態,向前直行中,機車與自行車,左側車身,,,駕駛者,違反行人專用標誌(線),否,121.588112,25.049024
2024,8,20240802,183900,A2,臺中市政府警察局,臺中市北區立人里文心路三段 / 臺中市北區立人里華美西街,晴,有照明且開啟,市區道路,50,交岔路,四岔路,交叉路口,交叉口附近,柏油,乾燥,無缺陷,無障礙物,無遮蔽物,良好,行車管制號誌,正常,中央分向島,寬式(50公分以上),車道線(無標記),未繪設快慢車道分隔線,無,車與車,追撞,駕駛者,未保持行車安全距離,死亡0;受傷1,1,機車,普通重型,女,29,戴半罩式安全帽,未使用,車的狀態,向前直行中,機車與自行車,前車頭,,,駕駛者,未保持行車安全距離,否,120.667569,24.172707
2024,8,20240802,183900,A2,臺中市政府警察局,臺中市北區立人里文心路三段 / 臺中市北區立人里華美西街,晴,有照明且開啟,市區道路,50,交岔路,四岔路,交叉路口,交叉口附近,柏油,乾燥,無缺陷,無障礙物,無遮蔽物,良好,行車管制號誌,正常,中央分向島,寬式(50公分以上),車道線(無標記),未繪設快慢車道分隔線,無,車與車,追撞,駕駛者,未保持行車安全距離,死亡0;受傷1,2,機車,普通重型,男,36,戴半罩式安全帽,未使用,車的狀態,向前直行中,機車與自行車,後車尾,,,無(車輛駕駛者因素),尚未發現肇事因素,否,120.667569,24.172707
2024,8,20240802,183900,A2,臺中市政府警察局,臺中市北區立人里文心路三段 / 臺中市北區立人里華美西街,晴,有照明且開啟,市區道路,50,交岔路,四岔路,交叉路口,交叉口附近,柏油,乾燥,無缺陷,無障礙物,無遮蔽物,良好,行車管制號誌,正常,中央分向島,寬式(50公分以上),車道線(無標記),未繪設快慢車道分隔線,無,車與車,追撞,駕駛者,未保持行車安全距離,死亡0;受傷1,3,機車,普通重型,女,30,戴半罩式安全帽,未使用,車的狀態,向前直行中,其他,無撞擊,,,無(車輛駕駛者因素),尚未發現肇事因素,否,120.667569,24.172707
2024,8,20240802,184800,A2,臺中市政府警察局,臺中市神岡區社南里昌平路五段 / 臺中市神岡區社南里昌平路五段,晴,有照明未開啟或故障,市區道路,30,交岔路,三岔路,交叉路口,交叉路口內,柏油,乾燥,無缺陷,無障礙物,無遮蔽物,良好,無號誌,無號誌,無,無分向設施,未繪設車道線,未繪設快慢車道分隔線,無,車與車,其他,駕駛者,無號誌路口，轉彎車未讓直行車先行,死亡0;受傷1,1,小客車(含客、貨兩用),自用,男,26,繫安全帶(使用幼童安全椅),未使用,車的狀態,左轉彎,汽車,前車頭,,,駕駛者,無號誌路口，轉彎車未讓直行車先行,否,120.681749,24.242362
2024,8,20240802,184800,A2,臺中市政府警察局,臺中市神岡區社南里昌平路五段 / 臺中市神岡區社南里昌平路五段,晴,有照明未開啟或故障,市區道路,30,交岔路,三岔路,交叉路口,交叉路口內,柏油,乾燥,無缺陷,無障礙物,無遮蔽物,良好,無號誌,無號誌,無,無分向設施,未繪設車道線,未繪設快慢車道分隔線,無,車與車,其他,駕駛者,無號誌路口，轉彎車未讓直行車先行,死亡0;受傷1,2,機車,普通重型,男,67,戴非半罩式安全帽,未使用,車的狀態,向前直行中,機車與自行車,前車頭,,,駕駛者,未依規定減速,否,120.681749,24.242362
2024,8,20240802,184916,A2,新竹縣政府警察局,新竹縣竹東鎮東林路與學前路口,晴,無照明,市區道路,10,交岔路,三岔路,交叉路口,交叉口附近,柏油,乾燥,無缺陷,無障礙物,無遮蔽物,良好,行車管制號誌(附設行人專用號誌),正常,雙向禁止超車線,附標記,禁止變換車道線(附標記),未繪設快慢車道分隔線,有,車與車,其他,駕駛者,闖紅燈右轉,死亡0;受傷4,1,機車,普通重型,女,54,戴非半罩式安全帽,未使用,車的狀態,右轉彎,機車與自行車,前車頭,,,駕駛者,闖紅燈右轉,否,121.091739,24.736982
2024,8,20240802,184916,A2,新竹縣政府警察局,新竹縣竹東鎮東林路與學前路口,晴,無照明,市區道路,10,交岔路,三岔路,交叉路口,交叉口附近,柏油,乾燥,無缺陷,無障礙物,無遮蔽物,良好,行車管制號誌(附設行人專用號誌),正常,雙向禁止超車線,附標記,禁止變換車道線(附標記),未繪設快慢車道分隔線,有,車與車,其他,駕駛者,闖紅燈右轉,死亡0;受傷4,2,機車,普通重型,男,21,戴非半罩式安全帽,未使用,車的狀態,右轉彎,機車與自行車,前車頭,,,駕駛者,闖紅燈右轉,否,121.091739,24.736982
2024,8,20240802,184916,A2,新竹縣政府警察局,新竹縣竹東鎮東林路與學前路口,晴,無照明,市區道路,10,交岔路,三岔路,交叉路口,交叉口附近,柏油,乾燥,無缺陷,無障礙物,無遮蔽物,良好,行車管制號誌(附設行人專用號誌),正常,雙向禁止超車線,附標記,禁止變換車道線(附標記),未繪設快慢車道分隔線,有,車與車,其他,駕駛者,闖紅燈右轉,死亡0;受傷4,3,機車,普通重型,男,27,戴非半罩式安全帽,未使用,車的狀態,向前直行中,機車與自行車,前車頭,,,駕駛者,未依規定減速,否,121.091739,24.736982
2024,8,20240802,184916,A2,新竹縣政府警察局,新竹縣竹東鎮東林路與學前路口,晴,無照明,市區道路,10,交岔路,三岔路,交叉路口,交叉口附近,柏油,乾燥,無缺陷,無障礙物,無遮蔽物,良好,行車管制號誌(附設行人專用號誌),正常,雙向禁止超車線,附標記,禁止變換車道線(附標記),未繪設快慢車道分隔線,有,車與車,其他,駕駛者,闖紅燈右轉,死亡0;受傷4,4,機車,普通重型,女,26,戴非半罩式安全帽,未使用,車的狀態,向前直行中,機車與自行車,前車頭,,,駕駛者,未依規定減速,否,121.091739,24.736982
2024,8,20240802,185100,A2,臺中市政府警察局,臺中市龍井區田中里臨港東路一段 / 臺中市龍井區田中里臨港東路一段,晴,有照明未開啟或故障,市區道路,60,交岔路,四岔路,交叉路口,交叉路口內,柏油,乾燥,無缺陷,無障礙物,無遮蔽物,良好,無號誌,無號誌,無,無分向設施,未繪設車道線,未繪設快慢車道分隔線,無,人與車,穿越道路中,駕駛者,恍神、緊張、心不在焉分心駕駛,死亡0;受傷1,1,小客車(含客、貨兩用),自用,男,41,繫安全帶(使用幼童安全椅),未使用,車的狀態,向前直行中,汽車,前車頭,,,駕駛者,恍神、緊張、心不在焉分心駕駛,否,120.526897,24.195678
2024,8,20240802,185100,A2,臺中市政府警察局,臺中市龍井區田中里臨港東路一段 / 臺中市龍井區田中里臨港東路一段,晴,有照明未開啟或故障,市區道路,60,交岔路,四岔路,交叉路口,交叉路口內,柏油,乾燥,無缺陷,無障礙物,無遮蔽物,良好,無號誌,無號誌,無,無分向設施,未繪設車道線,未繪設快慢車道分隔線,無,人與車,穿越道路中,駕駛者,恍神、緊張、心不在焉分心駕駛,死亡0;受傷1,2,人,行人,女,80,其他(無需使用保護裝備之人),非駕駛人,人的狀態,步行,其他,非汽、機及自行車,,,非駕駛者,穿越道路未注意左右來車,否,120.526897,24.195678
2024,8,20240802,185300,A2,臺中市政府警察局,臺中市龍井區龍泉里中山二路一段 / 臺中市龍井區龍泉里產業道路,晴,有照明且開啟,市區道路,40,交岔路,四岔路,交叉路口,交叉路口內,柏油,乾燥,無缺陷,無障礙物,無遮蔽物,良好,無號誌,無號誌,無,無分向設施,未繪設車道線,未繪設快慢車道分隔線,無,車與車,路口交岔撞,駕駛者,其他未依規定讓車,死亡0;受傷3,1,機車,普通重型,男,63,戴半罩式安全帽,未使用,車的狀態,向前直行中,機車與自行車,右側車身,,,駕駛者,其他未依規定讓車,否,120.544408,24.209710
2024,8,20240802,185300,A2,臺中市政府警察局,臺中市龍井區龍泉里中山二路一段 / 臺中市龍井區龍泉里產業道路,晴,有照明且開啟,市區道路,40,交岔路,四岔路,交叉路口,交叉路口內,柏油,乾燥,無缺陷,無障礙物,無遮蔽物,良好,無號誌,無號誌,無,無分向設施,未繪設車道線,未繪設快慢車道分隔線,無,車與車,路口交岔撞,駕駛者,其他未依規定讓車,死亡0;受傷3,2,機車,普通重型,男,41,戴非半罩式安全帽,未使用,車的狀態,向前直行中,機車與自行車,前車頭,,,無(車輛駕駛者因素),尚未發現肇事因素,否,120.544408,24.209710
2024,8,20240802,185300,A2,臺中市政府警察局,臺中市龍井區龍泉里中山二路一段 / 臺中市龍井區龍泉里產業道路,晴,有照明且開啟,市區道路,40,交岔路,四岔路,交叉路口,交叉路口內,柏油,乾燥,無缺陷,無障礙物,無遮蔽物,良好,無號誌,無號誌,無,無分向設施,未繪設車道線,未繪設快慢車道分隔線,無,車與車,路口交岔撞,駕駛者,其他未依規定讓車,死亡0;受傷3,3,人,乘客,女,39,戴半罩式安全帽,非駕駛人,人的狀態,其他,其他,非汽、機及自行車,,,無(非車輛駕駛人因素),尚未發現肇事因素,否,120.544408,24.209710
2024,8,20240802,185700,A2,臺北市政府警察局,臺北市士林區士商路90號前0.0公尺,晴,有照明且開啟,市區道路,50,單路部分,直路,路段,一般車道(未劃分快慢車道),柏油,乾燥,無缺陷,無障礙物,無遮蔽物,良好,無號誌,無號誌,雙向禁止超車線,附標記,未繪設車道線,未繪設快慢車道分隔線,有,車與車,側撞,駕駛者,違反其他標誌(線)禁制,死亡0;受傷2,1,小客車(含客、貨兩用),自用,男,50,繫安全帶(使用幼童安全椅),未使用,車的狀態,左轉彎,汽車,左側車身,,,駕駛者,違反其他標誌(線)禁制,否,121.519425,25.091538