發生年度,發生月份,發生日期,發生時間,事故類別名稱,處理單位名稱警局層,發生地點,天候名稱,光線名稱,道路類別-第1當事者-名稱,速限-第1當事者,道路型態大類別名稱,道路型態子類別名稱,事故位置大類別名稱,事故位置子類別名稱,路面狀況-路面鋪裝名稱,路面狀況-路面狀態名稱,路面狀況-路面缺陷名稱,道路障礙-障礙物名稱,道路障礙-視距品質名稱,道路障礙-視距名稱,號誌-號誌種類名稱,號誌-號誌動作名稱,車道劃分設施-分向設施大類別名稱,車道劃分設施-分向設施子類別名稱,車道劃分設施-分道設施-快車道或一般車道間名稱,車道劃分設施-分道設施-快慢車道間名稱,車道劃分設施-分道設施-路面邊線名稱,事故類型及型態大類別名稱,事故類型及型態子類別名稱,肇因研判大類別名稱-主要,肇因研判子類別名稱-主要,死亡受傷人數,當事者順位,當事者區分-類別-大類別名稱-車種,當事者區分-類別-子類別名稱-車種,當事者屬-性-別名稱,當事者事故發生時年齡,保護裝備名稱,行動電話或電腦或其他相類功能裝置名稱,當事者行動狀態大類別名稱,當事者行動狀態子類別名稱,車輛撞擊部位大類別名稱-最初,車輛撞擊部位子類別名稱-最初,車輛撞擊部位大類別名稱-其他,車輛撞擊部位子類別名稱-其他,肇因研判大類別名稱-個別,肇因研判子類別名稱-個別,肇事逃逸類別名稱-是否肇逃,經度,緯度
2024,8,20240802,185700,A2,臺北市政府警察局,臺北市士林區士商路90號前0.0公尺,晴,有照明且開啟,市區道路,50,單路部分,直路,路段,一般車道(未劃分快慢車道),柏油,乾燥,無缺陷,無障礙物,無遮蔽物,良好,無號誌,無號誌,雙向禁止超車線,附標記,未繪設車道線,未繪設快慢車道分隔線,有,車與車,側撞,駕駛者,違反其他標誌(線)禁制,死亡0;受傷2,2,機車,普通重型,女,28,戴半罩式安全帽,未使用,車的狀態,向前直行中,機車與自行車,前車頭,,,無(車輛駕駛者因素),尚未發現肇事因素,否,121.519425,25.091538
2024,8,20240802,185700,A2,臺北市政府警察局,臺北市士林區士商路90號前0.0公尺,晴,有照明且開啟,市區道路,50,單路部分,直路,路段,一般車道(未劃分快慢車道),柏油,乾燥,無缺陷,無障礙物,無遮蔽物,良好,無號誌,無號誌,雙向禁止超車線,附標記,未繪設車道線,未繪設快慢車道分隔線,有,車與車,側撞,駕駛者,違反其他標誌(線)禁制,死亡0;受傷2,3,人,乘客,女,27,戴半罩式安全帽,非駕駛人,人的狀態,其他,其他,非汽、機及自行車,,,無(非車輛駕駛人因素),尚未發現肇事因素,否,121.519425,25.091538
2024,8,20240802,185900,A2,臺北市政府警察局,臺北市中山區八德路2段 / 臺北市中山區八德路2段,晴,有照明且開啟,市區道路,30,交岔路,四岔路,交叉路口,交叉路口內,柏油,乾燥,無缺陷,無障礙物,無遮蔽物,良好,無號誌,無號誌,雙向禁止超車線,附標記,未繪設車道線,未繪設快慢車道分隔線,有,車與車,路口交岔撞,駕駛者,其他未依規定讓車,死亡0;受傷1,1,機車,普通重型,男,67,不明,不明,車的狀態,向前直行中,機車與自行車,前車頭,,,駕駛者,其他未依規定讓車,否,121.537336,25.046182
2024,8,20240802,185900,A2,臺北市政府警察局,臺北市中山區八德路2段 / 臺北市中山區八德路2段,晴,有照明且開啟,市區道路,30,交岔路,四岔路,交叉路口,交叉路口內,柏油,乾燥,無缺陷,無障礙物,無遮蔽物,良好,無號誌,無號誌,雙向禁止超車線,附標記,未繪設車道線,未繪設快慢車道分隔線,有,車與車,路口交岔撞,駕駛者,其他未依規定讓車,死亡0;受傷1,2,小客車(含客、貨兩用),租賃車,男,26,不明,不明,車的狀態,向前直行中,汽車,前車頭,,,無(車輛駕駛者因素),尚未發現肇事因素,否,121.537336,25.046182
2024,8,20240802,185900,A2,臺中市政府警察局,臺中市西屯區上安里無名路前0.0公尺,陰,有照明且開啟,市區道路,30,單路部分,直路,路段,一般車道(未劃分快慢車道),柏油,乾燥,無缺陷,無障礙物,無遮蔽物,良好,無號誌,無號誌,無,無分向設施,未繪設車道線,未繪設快慢車道分隔線,有,車與車,同向擦撞,駕駛者,停車操作時未注意安全,死亡0;受傷1,1,小客車(含客、貨兩用),自用,女,45,繫安全帶(使用幼童安全椅),未使用,車的狀態,停車操作中,汽車,右側車身,,,駕駛者,停車操作時未注意安全,否,120.620629,24.181639
2024,8,20240802,185900,A2,臺中市政府警察局,臺中市西屯區上安里無名路前0.0公尺,陰,有照明且開啟,市區道路,30,單路部分,直路,路段,一般車道(未劃分快慢車道),柏油,乾燥,無缺陷,無障礙物,無遮蔽物,良好,無號誌,無號誌,無,無分向設施,未繪設車道線,未繪設快慢車道分隔線,有,車與車,同向擦撞,駕駛者,停車操作時未注意安全,死亡0;受傷1,2,機車,普通重型,男,29,戴半罩式安全帽,未使用,車的狀態,向前直行中,機車與自行車,左側車身,,,無(車輛駕駛者因素),尚未發現肇事因素,否,120.620629,24.181639
2024,8,20240802,191500,A2,基隆市警察局,基隆市仁愛區南榮路 / 基隆市仁愛區南新街,晴,有照明且開啟,市區道路,50,交岔路,三岔路,交叉路口,交叉路口內,柏油,乾燥,無缺陷,無障礙物,無遮蔽物,良好,行車管制號誌,正常,無,無分向設施,未繪設車道線,未繪設快慢車道分隔線,無,人與車,穿越道路中,駕駛者,車輛未依規定暫停讓行人先行,死亡0;受傷1,1,機車,大型重型2(250-550C.C.),男,54,戴非半罩式安全帽,未使用,車的狀態,右轉彎,機車與自行車,前車頭,,,駕駛者,車輛未依規定暫停讓行人先行,否,121.743049,25.121698
2024,8,20240802,191500,A2,基隆市警察局,基隆市仁愛區南榮路 / 基隆市仁愛區南新街,晴,有照明且開啟,市區道路,50,交岔路,三岔路,交叉路口,交叉路口內,柏油,乾燥,無缺陷,無障礙物,無遮蔽物,良好,行車管制號誌,正常,無,無分向設施,未繪設車道線,未繪設快慢車道分隔線,無,人與車,穿越道路中,駕駛者,車輛未依規定暫停讓行人先行,死亡0;受傷1,2,人,行人,女,19,其他(無需使用保護裝備之人),非駕駛人,人的狀態,其他,其他,非汽、機及自行車,,,無(非車輛駕駛人因素),尚未發現肇事因素,否,121.743049,25.121698
2024,8,20240802,191600,A2,臺北市政府警察局,臺北市內湖區瑞光路 / 臺北市內湖區瑞光路,晴,有照明且開啟,市區道路,50,交岔路,三岔路,交叉路口,交叉路口內,柏油,乾燥,無缺陷,無障礙物,無遮蔽物,良好,無號誌,無號誌,雙向禁止超車線,附標記,車道線(附標記),未繪設快慢車道分隔線,有,車與車,其他,駕駛者,無號誌路口，支線道未讓幹線道先行,死亡0;受傷1,1,小客車(含客、貨兩用),自用,女,46,繫安全帶(使用幼童安全椅),未使用,車的狀態,向前直行中,汽車,右前車頭(身),,,駕駛者,無號誌路口，支線道未讓幹線道先行,否,121.569129,25.078300
2024,8,20240802,191600,A2,臺北市政府警察局,臺北市內湖區瑞光路 / 臺北市內湖區瑞光路,晴,有照明且開啟,市區道路,50,交岔路,三岔路,交叉路口,交叉路口內,柏油,乾燥,無缺陷,無障礙物,無遮蔽物,良好,無號誌,無號誌,雙向禁止超車線,附標記,車道線(附標記),未繪設快慢車道分隔線,有,車與車,其他,駕駛者,無號誌路口，支線道未讓幹線道先行,死亡0;受傷1,2,機車,普通重型,男,29,戴非半罩式安全帽,未使用,車的狀態,向前直行中,機車與自行車,左側車身,,,無(車輛駕駛者因素),尚未發現肇事因素,否,121.569129,25.078300
2024,8,20240802,191600,A2,臺中市政府警察局,臺中市西屯區何仁里西屯路二段 / 臺中市西屯區何仁里洛陽路,晴,有照明且開啟,市區道路,50,交岔路,四岔路,交叉路口,交叉路口內,柏油,乾燥,無缺陷,無障礙物,無遮蔽物,良好,行車管制號誌,正常,雙向禁止超車線,無標記,未繪設車道線,未繪設快慢車道分隔線,無,車與車,追撞,駕駛者,未保持行車安全距離,死亡0;受傷1,1,機車,普通重型,女,27,戴半罩式安全帽,未使用,車的狀態,向前直行中,機車與自行車,前車頭,,,駕駛者,未保持行車安全距離,否,120.651201,24.166899
2024,8,20240802,191600,A2,臺中市政府警察局,臺中市西屯區何仁里西屯路二段 / 臺中市西屯區何仁里洛陽路,晴,有照明且開啟,市區道路,50,交岔路,四岔路,交叉路口,交叉路口內,柏油,乾燥,無缺陷,無障礙物,無遮蔽物,良好,行車管制號誌,正常,雙向禁止超車線,無標記,未繪設車道線,未繪設快慢車道分隔線,無,車與車,追撞,駕駛者,未保持行車安全距離,死亡0;受傷1,2,小客車(含客、貨兩用),自用,男,61,繫安全帶(使用幼童安全椅),未使用,車的狀態,向前直行中,汽車,右後車尾(身),,,無(車輛駕駛者因素),尚未發現肇事因素,否,120.651201,24.166899
2024,8,20240802,192400,A2,臺中市政府警察局,臺中市霧峰區四德里新埔路73-1號前0.0公尺,晴,有照明且開啟,市區道路,30,單路部分,直路,路段,一般車道(未劃分快慢車道),柏油,乾燥,無缺陷,無障礙物,無遮蔽物,良好,無號誌,無號誌,無,無分向設施,未繪設車道線,未繪設快慢車道分隔線,有,車與車,追撞,駕駛者,恍神、緊張、心不在焉分心駕駛,死亡0;受傷1,1,機車,普通重型,男,31,戴非半罩式安全帽,未使用,車的狀態,向前直行中,機車與自行車,前車頭,,,駕駛者,恍神、緊張、心不在焉分心駕駛,否,120.674158,24.068456
2024,8,20240802,192400,A2,臺中市政府警察局,臺中市霧峰區四德里新埔路73-1號前0.0公尺,晴,有照明且開啟,市區道路,30,單路部分,直路,路段,一般車道(未劃分快慢車道),柏油,乾燥,無缺陷,無障礙物,無遮蔽物,良好,無號誌,無號誌,無,無分向設施,未繪設車道線,未繪設快慢車道分隔線,有,車與車,追撞,駕駛者,恍神、緊張、心不在焉分心駕駛,死亡0;受傷1,2,大貨車,自用,男,48,繫安全帶(使用幼童安全椅),未使用,車的狀態,靜止(引擎熄火),汽車,左後車尾(身),,,無(車輛駕駛者因素),尚未發現肇事因素,否,120.674158,24.068456
2024,8,20240802,192500,A2,臺中市政府警察局,臺中市南區新榮里建國南路三段 / 臺中市南區新榮里公理街,晴,有照明且開啟,市區道路,50,交岔路,三岔路,交叉路口,交叉路口內,柏油,乾燥,無缺陷,無障礙物,無遮蔽物,良好,無號誌,無號誌,無,無分向設施,未繪設車道線,未繪設快慢車道分隔線,無,車與車,同向擦撞,其他,相關跡證不足且無具體影像紀錄，當事人各執一詞，經分析後無法釐清肇事原因,死亡0;受傷1,1,機車,普通重型,男,34,戴非半罩式安全帽,未使用,車的狀態,超車(含超越),機車與自行車,前車頭,,,其他,相關跡證不足且無具體影像紀錄，當事人各執一詞，經分析後無法釐清肇事原因,否,120.674053,24.131741
2024,8,20240802,192500,A2,臺中市政府警察局,臺中市南區新榮里建國南路三段 / 臺中市南區新榮里公理街,晴,有照明且開啟,市區道路,50,交岔路,三岔路,交叉路口,交叉路口內,柏油,乾燥,無缺陷,無障礙物,無遮蔽物,良好,無號誌,無號誌,無,無分向設施,未繪設車道線,未繪設快慢車道分隔線,無,車與車,同向擦撞,其他,相關跡證不足且無具體影像紀錄，當事人各執一詞，經分析後無法釐清肇事原因,死亡0;受傷1,2,小客車(含客、貨兩用),自用,男,51,繫安全帶(使用幼童安全椅),未使用,車的狀態,迴轉或橫越道路中,汽車,左前車頭(身),,,其他,相關跡證不足且無具體影像紀錄，當事人各執一詞，經分析後無法釐清肇事原因,否,120.674053,24.131741
2024,8,20240802,193000,A2,基隆市警察局,基隆市信義區義七路 / 基隆市信義區信一路,晴,有照明且開啟,市區道路,50,交岔路,四岔路,交叉路口,交叉口附近,水泥,乾燥,無缺陷,無障礙物,無遮蔽物,良好,無號誌,無號誌,無,無分向設施,未繪設車道線,未繪設快慢車道分隔線,有,車與車,其他,駕駛者,違反其他標誌(線)禁制,死亡0;受傷2,1,機車,普通重型,男,36,不明,不明,車的狀態,向前直行中,其他,不明,,,駕駛者,違反其他標誌(線)禁制,否,121.751914,25.129103
2024,8,20240802,193000,A2,基隆市警察局,基隆市信義區義七路 / 基隆市信義區信一路,晴,有照明且開啟,市區道路,50,交岔路,四岔路,交叉路口,交叉口附近,水泥,乾燥,無缺陷,無障礙物,無遮蔽物,良好,無號誌,無號誌,無,無分向設施,未繪設車道線,未繪設快慢車道分隔線,有,車與車,其他,駕駛者,違反其他標誌(線)禁制,死亡0;受傷2,2,機車,普通重型,男,47,不明,不明,車的狀態,向前直行中,其他,不明,,,駕駛者,未依規定減速,否,121.751914,25.129103
2024,8,20240802,194400,A2,南投縣政府警察局,南投縣草屯鎮明正里中正路與玉峰街口,晴,有照明且開啟,省道,50,交岔路,多岔路,交叉路口,交叉路口內,柏油,乾燥,無缺陷,無障礙物,無遮蔽物,良好,行車管制號誌(附設行人專用號誌),正常,雙向禁止超車線,無標記,未繪設車道線,未繪設快慢車道分隔線,有,車與車,其他,其他,車輛或機械操作不當(慎),死亡0;受傷1,1,機車,普通重型,女,23,戴非半罩式安全帽,未使用,車的狀態,向前直行中,機車與自行車,右側車身,,,其他,車輛或機械操作不當(慎),否,120.684421,23.980016
2024,8,20240802,194400,A2,南投縣政府警察局,南投縣草屯鎮明正里中正路與玉峰街口,晴,有照明且開啟,省道,50,交岔路,多岔路,交叉路口,交叉路口內,柏油,乾燥,無缺陷,無障礙物,無遮蔽物,良好,行車管制號誌(附設行人專用號誌),正常,雙向禁止超車線,無標記,未繪設車道線,未繪設快慢車道分隔線,有,車與車,其他,其他,車輛或機械操作不當(慎),死亡0;受傷1,2,小客車(含客、貨兩用),自用,男,42,繫安全帶(使用幼童安全椅),未使用,車的狀態,左轉彎,其他,無撞擊,,,駕駛者,左轉彎未依規定,否,120.684421,23.980016
2024,8,20240802,194909,A2,南投縣政府警察局,南投縣草屯鎮和平里碧山路132號前,晴,有照明且開啟,市區道路,50,單路部分,直路,路段,一般車道(未劃分快慢車道),柏油,乾燥,無缺陷,無障礙物,無遮蔽物,良好,無號誌,無號誌,行車分向線,無標記,未繪設車道線,未繪設快慢車道分隔線,無,車與車,其他,駕駛者,迴轉未依規定,死亡0;受傷1,1,機車,普通重型,男,20,戴非半罩式安全帽,未使用,車的狀態,迴轉或橫越道路中,機車與自行車,後車尾,機車與自行車,右側車身,駕駛者,迴轉未依規定,否,120.683707,23.977990
2024,8,20240802,194909,A2,南投縣政府警察局,南投縣草屯鎮和平里碧山路132號前,晴,有照明且開啟,市區道路,50,單路部分,直路,路段,一般車道(未劃分快慢車道),柏油,乾燥,無缺陷,無障礙物,無遮蔽物,良好,無號誌,無號誌,行車分向線,無標記,未繪設車道線,未繪設快慢車道分隔線,無,車與車,其他,駕駛者,迴轉未依規定,死亡0;受傷1,2,機車,普通重型,男,21,戴非半罩式安全帽,未使用,車的狀態,向前直行中,機車與自行車,前車頭,,,無(車輛駕駛者因素),尚未發現肇事因素,否,120.683707,23.977990
2024,8,20240802,195700,A2,臺中市政府警察局,臺中市沙鹿區興安里興安路50之5號前0.0公尺,晴,無照明,市區道路,50,單路部分,直路,路段,一般車道(未劃分快慢車道),柏油,乾燥,無缺陷,無障礙物,無遮蔽物,良好,無號誌,無號誌,行車分向線,無標記,未繪設車道線,未繪設快慢車道分隔線,無,車與車,追撞,駕駛者,未保持行車安全距離,死亡0;受傷1,1,機車,普通重型,女,24,戴半罩式安全帽,未使用,車的狀態,向前直行中,機車與自行車,前車頭,,,駕駛者,未保持行車安全距離,否,120.556070,24.232375
2024,8,20240802,195700,A2,臺中市政府警察局,臺中市沙鹿區興安里興安路50之5號前0.0公尺,晴,無照明,市區道路,50,單路部分,直路,路段,一般車道(未劃分快慢車道),柏油,乾燥,無缺陷,無障礙物,無遮蔽物,良好,無號誌,無號誌,行車分向線,無標記,未繪設車道線,未繪設快慢車道分隔線,無,車與車,追撞,駕駛者,未保持行車安全距離,死亡0;受傷1,2,小客車(含客、貨兩用),自用,男,42,繫安全帶(使用幼童安全椅),未使用,車的狀態,向前直行中,汽車,後車尾,,,無(車輛駕駛者因素),尚未發現肇事因素,否,120.556070,24.232375
2024,8,20240802,195800,A2,嘉義縣警察局,嘉義縣中埔鄉和美村忠義路81號前,晴,有照明且開啟,村里道路,50,單路部分,直路,路段,一般車道(未劃分快慢車道),柏油,乾燥,無缺陷,無障礙物,無遮蔽物,良好,無號誌,無號誌,中央分向島,寬式(50公分以上),車道線(無標記),未繪設快慢車道分隔線,有,車與車,其他,其他,其他不當駕車行為,死亡0;受傷1,1,慢車,腳踏自行車,男,14,其他(無需使用保護裝備之人),未使用,車的狀態,向前直行中,機車與自行車,前車頭,,,其他,其他不當駕車行為,否,120.471925,23.453842
2024,8,20240802,195800,A2,嘉義縣警察局,嘉義縣中埔鄉和美村忠義路81號前,晴,有照明且開啟,村里道路,50,單路部分,直路,路段,一般車道(未劃分快慢車道),柏油,乾燥,無缺陷,無障礙物,無遮蔽物,良好,無號誌,無號誌,中央分向島,寬式(50公分以上),車道線(無標記),未繪設快慢車道分隔線,有,車與車,其他,其他,其他不當駕車行為,死亡0;受傷1,2,小客車(含客、貨兩用),自用,男,73,不明,未使用,車的狀態,靜止(引擎熄火),汽車,左後車尾(身),,,無(車輛駕駛者因素),尚未發現肇事因素,否,120.471925,23.453842
2024,8,20240802,200900,A2,新北市政府警察局,新北市新莊區中環路前0.0公尺,晴,有照明且開啟,市區道路,50,單路部分,直路,路段,一般車道(未劃分快慢車道),柏油,乾燥,無缺陷,無障礙物,無遮蔽物,良好,行車管制號誌,正常,中央分向島,寬式(50公分以上),車道線(無標記),未繪設快慢車道分隔線,有,車與車,其他,駕駛者,未保持行車安全距離,死亡0;受傷2,1,小客車(含客、貨兩用),自用,男,45,繫安全帶(使用幼童安全椅),未使用,車的狀態,向前直行中,汽車,前車頭,,,駕駛者,未保持行車安全距離,否,121.442303,25.039959
2024,8,20240802,200900,A2,新北市政府警察局,新北市新莊區中環路前0.0公尺,晴,有照明且開啟,市區道路,50,單路部分,直路,路段,一般車道(未劃分快慢車道),柏油,乾燥,無缺陷,無障礙物,無遮蔽物,良好,行車管制號誌,正常,中央分向島,寬式(50公分以上),車道線(無標記),未繪設快慢車道分隔線,有,車與車,其他,駕駛者,未保持行車安全距離,死亡0;受傷2,2,小客車(含客、貨兩用),自用,男,30,繫安全帶(使用幼童安全椅),未使用,車的狀態,等待(引擎未熄火),汽車,後車尾,,,無(車輛駕駛者因素),尚未發現肇事因素,否,121.442303,25.039959
2024,8,20240802,200900,A2,新北市政府警察局,新北市新莊區中環路前0.0公尺,晴,有照明且開啟,市區道路,50,單路部分,直路,路段,一般車道(未劃分快慢車道),柏油,乾燥,無缺陷,無障礙物,無遮蔽物,良好,行車管制號誌,正常,中央分向島,寬式(50公分以上),車道線(無標記),未繪設快慢車道分隔線,有,車與車,其他,駕駛者,未保持行車安全距離,死亡0;受傷2,3,小客車(含客、貨兩用),自用,男,28,繫安全帶(使用幼童安全椅),未使用,車的狀態,向前直行中,汽車,後車尾,,,無(車輛駕駛者因素),尚未發現肇事因素,否,121.442303,25.039959
2024,8,20240802,200900,A2,新北市政府警察局,新北市新莊區中環路前0.0公尺,晴,有照明且開啟,市區道路,50,單路部分,直路,路段,一般車道(未劃分快慢車道),柏油,乾燥,無缺陷,無障礙物,無遮蔽物,良好,行車管制號誌,正常,中央分向島,寬式(50公分以上),車道線(無標記),未繪設快慢車道分隔線,有,車與車,其他,駕駛者,未保持行車安全距離,死亡0;受傷2,4,人,乘客,女,28,繫安全帶(使用幼童安全椅),非駕駛人,人的狀態,其他,其他,非汽、機及自行車,,,無(非車輛駕駛人因素),尚未發現肇事因素,否,121.442303,25.039959
2024,8,20240802,201500,A2,臺中市政府警察局,臺中市大里區日新里中興路二段 / 臺中市大里區日新里福大路,晴,有照明未開啟或故障,市區道路,50,交岔路,四岔路,交叉路口,交叉口附近,柏油,乾燥,無缺陷,無障礙物,無遮蔽物,良好,行車管制號誌,正常,雙向禁止超車線,附標記,禁止變換車道線(附標記),快慢車道分隔線,有,車與車,其他,駕駛者,闖紅燈直行,死亡0;受傷1,1,小客車(含客、貨兩用),計程車,男,61,繫安全帶(使用幼童安全椅),未使用,車的狀態,向前直行中,汽車,前車頭,,,駕駛者,闖紅燈直行,否,120.689140,24.119365
2024,8,20240802,201500,A2,臺中市政府警察局,臺中市大里區日新里中興路二段 / 臺中市大里區日新里福大路,晴,有照明未開啟或故障,市區道路,50,交岔路,四岔路,交叉路口,交叉口附近,柏油,乾燥,無缺陷,無障礙物,無遮蔽物,良好,行車管制號誌,正常,雙向禁止超車線,附標記,禁止變換車道線(附標記),快慢車道分隔線,有,車與車,其他,駕駛者,闖紅燈直行,死亡0;受傷1,2,機車,普通重型,女,37,戴半罩式安全帽,未使用,車的狀態,向前直行中,機車與自行車,右側車身,,,無(車輛駕駛者因素),尚未發現肇事因素,否,120.689140,24.119365
2024,8,20240802,202027,A2,新竹市警察局,新竹市北區延平路三段545號,晴,有照明未開啟或故障,市區道路,50,交岔路,四岔路,路段,一般車道(未劃分快慢車道),柏油,乾燥,無缺陷,無障礙物,無遮蔽物,良好,行車管制號誌,正常,行車分向線,無標記,車道線(無標記),未繪設快慢車道分隔線,有,車與車,其他,駕駛者,左轉彎未依規定,死亡0;受傷1,1,機車,普通重型,女,55,不明,不明,車的狀態,左轉彎,機車與自行車,前車頭,,,駕駛者,左轉彎未依規定,否,120.933051,24.838896
2024,8,20240802,202027,A2,新竹市警察局,新竹市北區延平路三段545號,晴,有照明未開啟或故障,市區道路,50,交岔路,四岔路,路段,一般車道(未劃分快慢車道),柏油,乾燥,無缺陷,無障礙物,無遮蔽物,良好,行車管制號誌,正常,行車分向線,無標記,車道線(無標記),未繪設快慢車道分隔線,有,車與車,其他,駕駛者,左轉彎未依規定,死亡0;受傷1,2,機車,普通重型,男,37,不明,不明,車的狀態,向前直行中,機車與自行車,右側車身,,,駕駛者,未依規定減速,否,120.933051,24.838896
2024,8,20240802,202430,A2,南投縣政府警察局,南投縣草屯鎮育英街224號前,晴,有照明且開啟,村里道路,40,單路部分,直路,路段,一般車道(未劃分快慢車道),柏油,乾燥,無缺陷,無障礙物,無遮蔽物,良好,無號誌,無號誌,行車分向線,無標記,未繪設車道線,未繪設快慢車道分隔線,有,人與車,穿越道路中,非駕駛者,未依標誌或標線穿越道路,死亡0;受傷2,1,人,行人,男,66,其他(無需使用保護裝備之人),非駕駛人,人的狀態,步行,其他,非汽、機及自行車,,,非駕駛者,未依標誌或標線穿越道路,否,120.683033,23.976792
2024,8,20240802,202430,A2,南投縣政府警察局,南投縣草屯鎮育英街224號前,晴,有照明且開啟,村里道路,40,單路部分,直路,路段,一般車道(未劃分快慢車道),柏油,乾燥,無缺陷,無障礙物,無遮蔽物,良好,無號誌,無號誌,行車分向線,無標記,未繪設車道線,未繪設快慢車道分隔線,有,人與車,穿越道路中,非駕駛者,未依標誌或標線穿越道路,死亡0;受傷2,2,機車,普通重型,女,69,戴非半罩式安全帽,未使用,車的狀態,向前直行中,機車與自行車,前車頭,,,駕駛者,恍神、緊張、心不在焉分心駕駛,否,120.683033,23.976792
2024,8,20240802,202600,A2,臺中市政府警察局,臺中市北屯區松竹里松竹路三段前0.0公尺,晴,有照明且開啟,市區道路,40,單路部分,直路,路段,慢車道,柏油,乾燥,無缺陷,無障礙物,無遮蔽物,良好,無號誌,無號誌,中央分向島,寬式(50公分以上),車道線(無標記),快慢車道分隔線,無,車輛本身,其他,其他,其他不當駕車行為,死亡0;受傷1,1,機車,普通重型,男,27,戴半罩式安全帽,未使用,車的狀態,向前直行中,機車與自行車,前車頭,,,其他,其他不當駕車行為,否,120.674450,24.188979
2024,8,20240802,202600,A2,臺中市政府警察局,臺中市北屯區松竹里松竹路三段前0.0公尺,晴,有照明且開啟,市區道路,40,單路部分,直路,路段,慢車道,柏油,乾燥,無缺陷,無障礙物,無遮蔽物,良好,無號誌,無號誌,中央分向島,寬式(50公分以上),車道線(無標記),快慢車道分隔線,無,車輛本身,其他,其他,其他不當駕車行為,死亡0;受傷1,2,,,無或物(動物、堆置物),0,,,,,,,,,無(非車輛駕駛人因素),物品(件)滾(滑行)或飛(掉)落,否,120.674450,24.188979
2024,8,20240802,203000,A2,臺北市政府警察局,臺北市松山區吉祥路 / 臺北市松山區八德路4段,晴,有照明且開啟,村里道路,30,交岔路,四岔路,交叉路口,交叉路口內,柏油,乾燥,無缺陷,無障礙物,無遮蔽物,良好,行車管制號誌(附設行人專用號誌),正常,雙向禁止超車線,無標記,禁止變換車道線(無標記),未繪設快慢車道分隔線,無,車與車,側撞,駕駛者,有號誌路口，轉彎車未讓直行車先行,死亡0;受傷2,1,機車,普通重型,男,21,戴非半罩式安全帽,不明,車的狀態,左轉彎,機車與自行車,左側車身,,,駕駛者,有號誌路口，轉彎車未讓直行車先行,否,121.562677,25.048677
2024,8,20240802,203000,A2,臺北市政府警察局,臺北市松山區吉祥路 / 臺北市松山區八德路4段,晴,有照明且開啟,村里道路,30,交岔路,四岔路,交叉路口,交叉路口內,柏油,乾燥,無缺陷,無障礙物,無遮蔽物,良好,行車管制號誌(附設行人專用號誌),正常,雙向禁止超車線,無標記,禁止變換車道線(無標記),未繪設快慢車道分隔線,無,車與車,側撞,駕駛者,有號誌路口，轉彎車未讓直行車先行,死亡0;受傷2,2,機車,普通重型,男,49,戴非半罩式安全帽,不明,車的狀態,向前直行中,機車與自行車,右側車身,,,無(車輛駕駛者因素),尚未發現肇事因素,否,121.562677,25.048677
2024,8,20240802,203000,A2,臺北市政府警察局,臺北市松山區吉祥路 / 臺北市松山區八德路4段,晴,有照明且開啟,村里道路,30,交岔路,四岔路,交叉路口,交叉路口內,柏油,乾燥,無缺陷,無障礙物,無遮蔽物,良好,行車管制號誌(附設行人專用號誌),正常,雙向禁止超車線,無標記,禁止變換車道線(無標記),未繪設快慢車道分隔線,無,車與車,側撞,駕駛者,有號誌路口，轉彎車未讓直行車先行,死亡0;受傷2,3,人,乘客,女,46,戴半罩式安全帽,非駕駛人,人的狀態,其他,其他,非汽、機及自行車,,,無(非車輛駕駛人因素),尚未發現肇事因素,否,121.562677,25.048677
2024,8,20240802,204000,A2,臺中市政府警察局,臺中市西屯區協和里朝馬路 / 臺中市西屯區協和里安和東路,晴,有照明且開啟,市區道路,50,交岔路,三岔路,交叉路口,交叉路口內,柏油,乾燥,無缺陷,無障礙物,無遮蔽物,良好,無號誌,無號誌,中央分向島,寬式(50公分以上),車道線(無標記),未繪設快慢車道分隔線,有,車與車,同向擦撞,駕駛者,右轉彎未依規定,死亡0;受傷2,1,機車,普通重型,男,21,戴半罩式安全帽,未使用,車的狀態,右轉彎,機車與自行車,右側車身,,,駕駛者,右轉彎未依規定,否,120.624398,24.175478
2024,8,20240802,204000,A2,臺中市政府警察局,臺中市西屯區協和里朝馬路 / 臺中市西屯區協和里安和東路,晴,有照明且開啟,市區道路,50,交岔路,三岔路,交叉路口,交叉路口內,柏油,乾燥,無缺陷,無障礙物,無遮蔽物,良好,無號誌,無號誌,中央分向島,寬式(50公分以上),車道線(無標記),未繪設快慢車道分隔線,有,車與車,同向擦撞,駕駛者,右轉彎未依規定,死亡0;受傷2,2,機車,普通重型,男,23,戴半罩式安全帽,未使用,車的狀態,向前直行中,機車與自行車,左側車身,,,其他,其他不當駕車行為,否,120.624398,24.175478
2024,8,20240802,204600,A2,南投縣政府警察局,南投縣草屯鎮芬草路一段與中山街口,晴,有照明且開啟,市區道路,50,交岔路,三岔路,交叉路口,交叉口附近,柏油,乾燥,無缺陷,無障礙物,無遮蔽物,良好,無號誌,無號誌,無,無分向設施,未繪設車道線,未繪設快慢車道分隔線,無,車與車,追撞,駕駛者,未保持行車安全距離,死亡0;受傷1,1,機車,普通重型,女,23,戴非半罩式安全帽,未使用,車的狀態,向前直行中,機車與自行車,前車頭,,,駕駛者,未保持行車安全距離,否,120.683542,23.982884